Pc,HPFTP_w,HPOTP_w,LPFTP_w,LPOTP_w,PBOBP_w,Pc_FPB,Pc_OPB,MFV_m,MOV_m,OPOV_m,FPOV_m,T_Nozzle_Cooling_exit,HGM_Temp,Man_OX_Temp,Man_H2_Temp,Man_MCC_COOL_Pres,HPFTP_p_pump_out,HPOTP_p_pump_out,LPFTP_p_pump_out,LPOTP_p_pump_out,PBOBP_p_pump_out,HPFTP_T_turb_inlet,HPOTP_T_turb_inlet,LPFTP_T_turb_inlet,LPOTP_T_turb_inlet
193.57,43911,27099,29062,4097.1,27099,372.44,345.54,73.918,379.12,12.055,32.001,235.56,670.67,108.1,61.505,218.29,409.919,291.135,34.3451,18.6768,542.446,927.332,618.412,411.795,105.096
194.79,44405,27366,29159,4146.8,27366,376.62,349.78,74.207,381.31,12.315,32.681,235.68,680.63,108.37,62.981,219.82,413.96,297.807,34.0756,19.0869,552.751,944.433,625.803,414.508,105.244
193.89,44272,27319,29139,4140.4,27319,374.59,347.92,74.176,378.83,12.202,32.444,235.3,676.18,109.3,62.585,218.71,412.335,296.02,34.1359,19.0326,549.471,939.793,619.669,412.782,106.073
195.29,44523,27351,29133,4150.1,27351,379.11,352,74.962,380.47,12.276,33.097,234.88,678.69,107.65,62.673,220.85,417.181,299.456,34.0989,19.2518,554.093,954.487,609.103,412.143,104.61
195.33,44157,27315,29229,4137.8,27315,377.59,350.92,74.714,381.63,12.347,32.674,236.05,676.38,107.71,61.644,221.16,414.86,297.308,34.7922,19.0476,551.872,943.292,626.381,402.011,104.684
194.46,44325,27226,29246,4122.9,27226,375.61,348.43,74.514,379.62,12.135,32.629,235.56,674.99,108.05,62.573,219.37,412.613,294.945,34.3906,18.9378,547.518,947.2,611.962,407.134,105.011
193.05,44174,27168,29286,4109.8,27168,371.62,345.76,73.629,378.03,11.992,32.245,237.26,676.03,109.17,62.91,217.81,408.548,291.717,34.3877,18.7359,542.696,954.306,608.098,407.007,106.018
193.02,44139,27246,29104,4123.9,27246,372.33,346.4,73.608,377.96,12.087,32.19,236.5,676.43,109.87,62.646,218.01,409.555,292.87,34.0228,18.8154,544.67,943.01,614.891,414.706,106.602
192.6,44107,27307,29176,4133.3,27307,371,345.77,73.358,377.36,12.102,32.076,236.31,677.39,110.99,62.809,217.45,408.45,292.807,34.1679,18.8134,544.728,945.794,618.104,411.985,107.568
194.24,44226,27270,29089,4130.7,27270,375.21,349.04,74.447,379.17,12.131,32.576,234.85,674.51,108.76,62.126,219.25,413.348,295.232,34.173,18.9654,548.058,947.497,605.319,412.584,105.614
193.49,44147,27131,29231,4105.3,27131,373.19,346.56,73.978,378.37,12.019,32.356,236.3,674.57,108.26,62.375,218.59,411.065,292.246,34.4879,18.779,543.257,949.661,609.013,406.172,105.225
195.36,44341,27333,29179,4138.8,27333,377.51,351.21,74.431,382.43,12.302,32.801,236.31,680.08,107.66,62.553,220.78,414.489,297.36,34.2917,19.019,552.166,952.049,618.191,410.995,104.639
194.56,44509,27451,29198,4163.7,27451,377.12,350.11,74.411,379.84,12.349,32.796,235.63,680.72,109.64,63.205,219.73,414.589,298.83,34.0691,19.1928,553.656,945.934,626.147,412.584,106.333
193.97,44474,27311,29167,4142.1,27311,375.89,348.61,74.219,378.72,12.204,32.676,235.22,678.99,108.69,63.309,219.13,412.683,297.149,33.9047,19.131,550.662,946.148,618.297,414.334,105.536
195.44,44766,27402,29262,4154.1,27402,378.69,351.53,74.243,382.81,12.334,33.178,237.23,687.31,107.42,64.201,220.45,416.747,299.937,33.9328,19.2005,555.717,964.733,620.013,415.97,104.397
195,44375,27346,29091,4140,27346,377.07,351.19,74.241,381.82,12.251,32.828,235.78,681.36,108.32,62.748,220.43,414.965,296.706,34.0114,18.9771,550.944,957.241,610.915,416.274,105.217
193.98,44070,27223,28996,4117.3,27223,373.39,347.4,73.84,380.37,12.128,32.203,235.16,675,108.58,62.099,218.61,410.608,293.249,33.9417,18.7782,546.134,935.846,614.805,419.146,105.488
194.97,44178,27315,29170,4133.3,27315,375.72,349.67,74.446,381.44,12.238,32.553,236.01,675.79,108.59,61.974,219.84,413.494,295.399,34.4806,18.8922,549.26,945.08,615.965,409.016,105.468
193.16,43964,27130,29058,4100.5,27130,370.82,345.25,73.27,379.7,12.025,31.929,236.47,675.22,108.41,62.319,217.64,407.673,291.115,34.0311,18.6505,543,938.036,614.847,417.498,105.364
194.97,44353,27342,29066,4140.3,27342,376.45,350.12,74.009,382.52,12.301,32.646,236.08,681.68,107.82,62.882,219.93,414,297.379,33.8929,19.0199,552.634,945.812,622.54,419.602,104.775
194.28,44186,27214,29093,4120,27214,374.61,348.02,73.988,380.71,12.166,32.4,236.13,676.83,107.56,62.38,219.13,412.248,295.022,34.1287,18.92,548.551,940.836,617.957,414.99,104.584
194.88,44320,27199,29285,4115.5,27199,375.84,348.65,74.209,381.81,12.183,32.635,236.49,678.51,106.91,62.761,219.81,413.244,295.002,34.508,18.8802,548.363,949.984,619.516,407.152,104.017
195.84,44427,27400,29309,4151.1,27400,378.05,352.33,74.533,383.48,12.364,32.975,236.93,682.39,107.5,62.821,221.14,415.276,299.256,34.5605,19.125,555.328,962.554,618.574,405.98,104.472
194.28,44319,27424,29233,4157,27424,375.66,350.35,74.092,379.98,12.298,32.678,236.18,681.36,109.68,62.808,219.87,413.396,297.727,34.3672,19.1045,552.264,957.957,618.849,408.257,106.383
193.38,44380,27288,29246,4134.2,27288,373.66,347.21,73.863,378.1,12.121,32.471,236.37,678.55,109.57,63.4,218.31,410.138,294.802,34.0655,18.9591,547.224,951.031,614.881,411.331,106.325
192.64,43934,27079,29095,4098.8,27079,371.36,345.04,73.923,376.22,11.941,32.008,235.14,669.2,108.88,61.721,217.75,408.042,290.858,34.2797,18.7526,540.925,936.276,605.665,409.125,105.783
192.95,44137,27211,29093,4117,27211,371.79,345.61,73.618,377.79,12.036,32.136,236.11,674.96,109.79,62.645,217.54,409.207,291.983,33.9758,18.7562,543.308,940.461,612.286,415.935,106.547
193.02,44076,27174,29055,4114,27174,371.62,345.66,73.82,377.55,12.003,32.093,235.18,672.07,109.13,62.293,217.46,408.463,292.559,33.9511,18.8284,544.191,937.57,606.76,416.211,105.968
193.19,44112,27109,28970,4103.3,27109,373.19,346.53,74.081,377.28,11.957,32.281,234.38,671.55,108.48,62.074,218.23,410.526,291.871,33.8246,18.7913,542.428,939.861,599.675,417.858,105.422
193.87,44230,27268,29171,4135.7,27268,375.05,348.32,74.559,377.7,12.153,32.514,234.21,673.01,108.84,62.164,219.08,412.27,296.168,34.3305,19.0963,549.009,942.024,612.056,407.402,105.68
194.62,44543,27508,29246,4176.3,27508,377.26,351.02,74.587,379.39,12.359,32.916,235.9,680.81,109.95,63.2,219.8,415.091,300.407,34.1932,19.3245,555.858,954.269,619.807,409.681,106.582
193.57,44049,27200,29088,4116.4,27200,373.06,347.12,74.095,378.37,12.06,32.244,235.19,672.37,109.1,61.885,218.49,410.438,292.756,34.2401,18.8054,544.461,941.175,607.513,411.589,105.942
193.01,44054,27087,29245,4096.8,27087,371.63,344.8,73.994,377.07,11.946,32.122,236.09,670.43,108.89,62.171,217.69,408.54,290.362,34.5207,18.6762,540.244,941.042,608.254,404.671,105.793
193.37,44509,27397,29194,4161.8,27397,376.08,348.6,74.636,375.57,12.207,32.754,234.76,676.14,110.58,63.081,218.81,413.865,298.023,34.0389,19.2789,550.752,945.49,615.244,409.262,107.153
195.17,44537,27350,29218,4142.6,27350,377.49,351.02,74.069,382.71,12.301,32.926,237.16,685.07,107.5,63.561,220.48,414.762,298.107,34.047,19.0667,553.256,960.602,619.626,414.654,104.488
194.37,44245,27242,29179,4126.8,27242,374.8,348.48,74.267,380.13,12.156,32.495,235.3,675.58,107.85,62.488,219.16,411.44,295.774,34.2404,18.9934,549.397,945.532,612.65,410.966,104.82
193.68,44319,27232,29165,4123.4,27232,374.15,347.56,74.198,378.16,12.058,32.511,235.62,675.16,109.16,62.84,218.53,410.98,293.739,34.0449,18.8811,545.42,949.073,605.39,412.462,105.979
194.96,44423,27386,29281,4156.7,27386,377.77,350.71,74.884,379.79,12.331,32.866,235.89,677.19,108.37,62.546,220.36,415.07,299.614,34.519,19.2823,554.572,947.746,621.624,403.849,105.23
194.18,44153,27296,29040,4126.8,27296,373.16,348.21,73.409,381.89,12.176,32.298,236.62,680.78,108.81,62.721,218.71,411.092,294.043,33.9045,18.7736,547.972,949.232,615.712,420.718,105.673
194.2,44315,27214,29138,4121.6,27214,375.45,348.28,74.268,379.52,12.13,32.58,235.49,676.33,107.94,62.647,219.26,412.874,294.939,34.1073,18.9455,547.557,945.104,612.661,412.894,104.909
194.15,44168,27127,29184,4106.9,27127,374.78,348.22,74.161,379.81,12.075,32.512,236.12,675.66,106.93,62.224,219.56,412.319,294.1,34.4269,18.8924,546.358,951.394,608.274,407.833,104.045
193.59,44255,27303,29148,4136.3,27303,373.99,347.57,74.049,378.31,12.16,32.395,236,676.17,109.66,62.692,218.54,411.088,294.962,34.0947,18.9637,547.705,942.266,616.836,412.58,106.399
193.85,44091,27234,29297,4121,27234,373.26,348.01,74.058,379.16,12.09,32.412,236.65,675.54,109.05,62.124,219.04,411.243,293.341,34.7702,18.8157,545.385,958.127,607.561,401.898,105.891
193.35,44162,27261,29079,4136.5,27261,374.65,347.09,74.596,376.09,12.155,32.343,234.4,670.26,109.49,61.832,218.57,412.257,295.703,34.2019,19.1133,547.933,927.744,618.438,409.507,106.246
194.67,44311,27397,29157,4153.7,27397,376.57,350.35,74.302,380.65,12.334,32.676,236.16,679.79,108.81,62.507,220.06,414.725,298.371,34.2859,19.1477,553.431,946.939,623.825,411.068,105.62
194.84,44453,27375,29176,4151,27375,376.82,350.16,74.449,380.71,12.28,32.803,235.66,679.54,108.37,62.932,219.7,414.998,298.555,34.1334,19.1665,553.511,949.863,617.336,413.161,105.244
195.14,44379,27351,29243,4144.2,27351,377.01,350.6,74.511,381.51,12.289,32.795,236.16,679.13,108.05,62.677,220.26,414.355,297.814,34.4013,19.0832,552.595,952.26,618.039,408.299,104.97
194.27,44286,27309,29171,4138.6,27309,375.22,348.64,74.572,378.88,12.17,32.568,235.15,673.92,109.11,62.338,219,412.743,295.971,34.2699,19.027,549.166,943.477,611.151,409.773,105.914
194.08,44349,27274,29134,4128.1,27274,374.86,348.3,73.889,380.18,12.162,32.539,236.05,679.66,108.73,63.101,219.05,412.022,294.66,33.9422,18.8819,547.607,948.776,615.711,416.313,105.594
195.57,44489,27393,29037,4156.6,27393,378.99,352.01,74.37,383.05,12.424,32.925,235.02,683.53,106.69,62.944,220.94,416.966,301.381,33.8171,19.3284,558.519,945.066,627.74,420.44,103.746
195.12,44390,27410,29163,4151.3,27410,377.2,351.27,74.053,382.66,12.364,32.796,236.64,684.15,108.37,62.964,220.58,415.247,298.223,34.1744,19.0624,553.757,955.029,624.545,414.06,105.237
195.5,44513,27386,29231,4155.6,27386,378.47,351.99,74.728,381.8,12.335,33.032,235.53,680.82,107.28,62.92,220.76,416.06,300.594,34.2807,19.2999,556.631,957.208,615.67,409.733,104.277
193.32,44323,27286,29235,4130.7,27286,373.38,346.32,73.981,377.65,12.113,32.373,235.9,676.06,110.29,63.067,217.97,410.586,293.31,34.1753,18.8454,544.871,942.606,618.304,410.234,106.965
193.84,44136,27286,29270,4129.3,27286,373.42,347.51,73.996,379.31,12.168,32.323,236.47,675.96,109.54,62.362,218.8,410.664,293.882,34.5864,18.8436,546.505,946.44,619.331,405.014,106.306
193.09,44257,27176,29137,4117.1,27176,373.6,346.51,74.092,376.7,12.018,32.417,235.6,674.18,109.02,62.636,218.23,411.501,293.289,34.094,18.9086,544.2,945.398,607.205,411.465,105.87
194.15,44391,27285,29182,4137.4,27285,375.87,349.18,74.036,379.83,12.223,32.667,236.63,680.74,107.82,63.108,219.64,413.147,297.466,34.0902,19.1317,551.553,951.477,619.253,412.498,104.778
195.07,44395,27335,29151,4141,27335,376.93,350.37,74.303,381.94,12.288,32.74,235.87,680.21,107.74,62.874,220.13,413.852,297.699,34.0753,19.0662,552.683,948.171,619.805,414.6,104.701
193.93,44218,27293,29161,4135.8,27293,374.54,348.74,73.924,379.66,12.205,32.459,235.88,678.71,108.57,62.621,219.33,411.542,296.193,34.205,19.0293,549.992,948.974,617.83,411.426,105.444
194.11,44159,27197,29088,4116,27197,374.79,348.32,74.196,379.6,12.109,32.449,235.5,674.89,108.18,62.133,219.36,412.026,293.735,34.1709,18.8465,545.963,944.278,609.721,412.692,105.135
193.04,44141,27133,29195,4109.3,27133,372.65,346.2,73.87,377.3,12.003,32.3,235.93,674.48,108.4,62.453,218.25,410.428,292.896,34.3466,18.872,544.008,948.912,608.009,407.847,105.335
194.34,44389,27420,29182,4154.7,27420,375.56,349.57,74.131,380.13,12.282,32.631,236.15,680.22,109.81,63.057,219.32,412.741,297.171,34.0773,19.0539,551.573,949.419,620.165,413.492,106.494
192.72,44093,27275,29001,4134.9,27275,372.52,346.34,74.159,375.5,12.065,32.168,234.13,670.61,110.69,61.989,217.63,409.988,293.847,33.9142,18.9719,545.362,933.024,608.419,415.228,107.306
195.78,44526,27400,29375,4148.7,27400,377.69,351.39,74.162,384.31,12.383,32.973,237.67,686.08,107.37,63.452,220.74,416.027,298.898,34.5764,19.0665,555.078,963.989,627.34,406.861,104.367
193.76,44426,27428,29123,4163.3,27428,376,349.11,74.583,376.99,12.244,32.692,234.46,676.21,110.62,62.745,218.92,414.305,297.912,34.0092,19.2153,551.353,943.089,615.727,412.492,107.192
192.37,44196,27160,29064,4117.7,27160,372.36,345.63,73.994,374.85,11.954,32.269,234.21,672.11,109.59,62.54,217.53,409.855,292.941,33.8854,18.9471,543.286,942.484,602.132,413.988,106.373
194.64,44209,27260,29111,4126.5,27260,375.69,349.99,74.163,381.17,12.188,32.589,235.7,678.12,107.84,62.335,220.09,412.432,295.492,34.1697,18.926,549.156,951.965,610.535,413.049,104.818
193.71,44133,27200,29138,4112.7,27200,373.38,347.19,73.792,379.59,12.09,32.3,236.65,676.41,108.89,62.447,218.77,410.516,292.244,34.2058,18.719,543.967,945.524,613.679,412.358,105.761
193.32,44069,27169,29181,4114.9,27169,372.94,346.56,73.901,378.11,12.088,32.215,236.26,674.17,108.38,62.175,218.58,409.989,293.624,34.4071,18.8999,545.646,941.447,616.494,407.513,105.309
193.96,44018,27117,29003,4096.3,27117,372.97,347.14,73.553,381.24,12.052,32.182,236.37,676.39,107.49,62.143,218.85,410.141,291.439,33.9831,18.626,543.496,942.732,610.488,419.062,104.564
193.92,44319,27297,29176,4131.9,27297,374.52,348.6,73.944,379.48,12.138,32.574,236.62,679.3,109.33,62.96,219.05,412.2,294.512,34.122,18.8835,547.106,955.898,610.095,412.702,106.115
194.02,44081,27146,29107,4108.5,27146,373.83,347.64,74.23,379.36,12.048,32.356,234.99,672.54,107.72,61.864,218.92,411.322,293.335,34.3113,18.8391,545.416,944.234,604.877,410.775,104.737
193.88,44382,27216,29254,4123.4,27216,375.28,347.82,74.254,378.48,12.111,32.658,235.86,677.29,108.31,62.924,219.09,413.609,294.874,34.3509,18.9699,546.868,951.632,613.228,407.359,105.236
192.47,44141,27123,29257,4112.1,27123,371.74,345.11,73.929,375.4,11.961,32.239,236.19,672.54,108.81,62.475,217.57,409.851,293.129,34.4826,18.9583,543.769,948.243,607.082,403.841,105.691
191.54,43984,27145,29014,4111.7,27145,370.27,344.08,74.186,372.06,11.832,31.975,234.13,664.83,111.73,61.75,216.53,406.898,289.518,33.9387,18.7496,537.498,934.502,592.333,411.485,108.256
194.72,44158,27253,29239,4129.5,27253,375.85,349.06,74.631,380.17,12.229,32.531,235.42,673.71,107.73,61.815,219.92,413.155,296.334,34.7004,19.0349,550.089,941.141,619.821,403.081,104.711
193.21,44342,27309,29210,4144.2,27309,374.81,347.62,74.584,375.47,12.119,32.585,234.66,673.27,110.27,62.553,218.52,412.924,295.815,34.2918,19.1219,547.498,945.069,610.474,405.903,106.918
193.62,44233,27221,29090,4129.3,27221,374.58,347.69,74.376,377.51,12.106,32.468,235.13,673.3,108.3,62.25,218.68,412.578,296.031,34.1098,19.1073,548.778,940.666,609.722,412.194,105.215
194.32,44076,27183,29071,4112.3,27183,374.3,348.38,73.633,381.93,12.188,32.302,236.6,679.04,106.92,62.273,219.64,411.194,294.543,34.1453,18.8509,548.398,943.283,621.268,415.592,104.031
194.58,44375,27270,29123,4131.4,27270,376.19,349.38,74.327,380.43,12.183,32.703,235.44,678.06,107.83,62.763,219.58,413.915,296.407,34.0391,19.024,550.078,948.806,612.009,414.764,104.795
193.78,44107,27292,29187,4127.6,27292,372.85,347.13,73.94,379.4,12.139,32.231,236.24,674.82,110.03,62.3,218.37,409.885,292.891,34.356,18.7549,545.258,942.184,616.201,409.913,106.743
195.44,44404,27288,29246,4126.3,27288,377.11,350.38,74.106,383.65,12.276,32.794,236.82,682.81,107.24,63.065,220.57,414.417,295.8,34.325,18.8573,550.129,955.426,622.071,411.347,104.285
193.53,44114,27084,28989,4103.6,27084,374.01,347.05,74.225,377.75,11.997,32.343,234.42,671.54,107.24,61.934,218.71,411.343,293.59,33.9387,18.9327,545.09,938.528,602.791,415.852,104.322
193,44168,27251,29113,4131.7,27251,373.16,346.66,74.08,376.48,12.094,32.285,235.31,673.41,109.68,62.342,218.11,410.732,294.608,34.1281,19.011,546.592,939.263,613.095,411.269,106.428
194.96,44245,27297,29102,4131.5,27297,376.2,349.86,74.119,382.24,12.267,32.597,235.84,679.61,107.72,62.389,220.07,414.328,296.223,34.2015,18.9429,550.711,945.907,620.741,414.631,104.704
193.29,44305,27294,29085,4136.1,27294,374.23,347.24,74.259,376.72,12.104,32.455,234.79,674.23,110.27,62.638,218.24,412.052,294.351,33.9305,18.962,545.991,940.337,610.824,414.479,106.936
193.45,44243,27247,29200,4128,27247,373.83,347.23,74.122,377.68,12.098,32.443,235.85,675.34,109.29,62.566,218.51,411.967,294.365,34.3175,18.9482,546.328,947.373,612.009,408.461,106.084
193.73,44335,27200,29184,4123.3,27200,374.9,347.54,74.493,377.46,12.065,32.575,234.83,673.39,108.41,62.625,218.72,412.129,294.927,34.1756,19.0156,546.76,945.186,606.992,409.368,105.323
193.13,44185,27256,29163,4132.9,27256,374.25,347.41,74.454,375.75,12.095,32.434,234.9,672.07,110.01,62.084,218.71,411.932,294.442,34.3531,19.0132,545.665,942.292,610.257,405.737,106.712
193.25,44146,27336,29048,4141.1,27336,373.09,346.75,74.178,377.03,12.144,32.208,235.08,672.15,110.95,62.177,217.85,410.384,294.083,33.9794,18.9223,546.317,931.145,615.796,415.135,107.523
194.64,44282,27278,29079,4134.3,27278,376.32,350.01,74.328,380.65,12.221,32.642,235.31,677.65,107.58,62.428,219.99,413.234,297.171,34.0337,19.0831,551.481,946.581,613.424,414.886,104.572
194.69,44279,27306,29217,4133.8,27306,375.41,349.57,73.845,382.2,12.273,32.551,236.82,681.74,107.77,62.918,219.93,411.892,296.528,34.2655,18.9698,551.304,951.873,623.565,411.606,104.738
193.41,43974,27270,29123,4126.6,27270,372.36,346.64,73.678,379.08,12.177,32.057,235.91,675.15,109.69,61.955,218.39,409.9,293.327,34.3705,18.8145,546.073,935.271,624.674,410.783,106.445
193.82,44265,27240,29181,4123.9,27240,374.45,347.88,73.925,379.33,12.138,32.485,236.2,678.27,108.65,62.771,219.06,412.168,294.308,34.2194,18.8907,546.742,949.296,615.813,411.166,105.535
193.27,44230,27237,29136,4121.8,27237,372.95,345.91,73.733,378.32,12.102,32.261,235.57,676.5,109.59,62.812,217.88,411.271,292.868,34.0792,18.804,544.59,938.766,620.085,414.467,106.367
194.29,44264,27371,29183,4152.2,27371,376.17,349.66,74.633,378.61,12.273,32.621,235.14,675.3,109.37,62.155,219.72,413.758,297.744,34.4092,19.1683,551.719,942.922,618.957,406.722,106.111
194.25,44130,27124,29053,4107.1,27124,375.12,348.42,74.404,379.49,12.06,32.492,235.21,672.85,106.99,61.81,219.49,412.779,294.107,34.1947,18.9051,546.302,943.946,603.727,412.516,104.102
194.35,44267,27179,29198,4119.9,27179,375.88,348.93,74.531,379.25,12.125,32.635,235.53,674.63,107.06,62.326,219.78,412.503,295.977,34.3526,19.0549,548.886,948.259,609.236,407.179,104.142
193.46,44242,27339,29120,4137.6,27339,373.15,347.59,73.708,378.87,12.145,32.359,236.56,678.57,110.43,62.888,218.26,410.945,293.93,33.993,18.8448,546.526,948.881,613.754,415.832,107.074
193.64,44171,27262,29167,4122.1,27262,372.86,347.19,73.433,380.34,12.145,32.273,237.05,680.04,109.23,62.878,218.56,410.357,293.039,34.1675,18.746,545.701,949.204,619.565,413.915,106.047
193.66,44185,27250,29212,4132.2,27250,374.27,347.68,74.459,377.39,12.126,32.442,234.9,672.62,108.96,62.11,218.78,411.906,295.541,34.4816,19.0591,548.044,943.25,612.08,404.994,105.791
194.95,44312,27385,29284,4155.6,27385,377.22,350.59,74.365,381.28,12.416,32.698,236.44,680.71,107.7,62.541,220.65,414.519,300.144,34.6178,19.2852,556.274,945.779,635.255,404.123,104.639
194.34,44315,27300,29303,4139.3,27300,376.36,349.34,74.895,378.01,12.182,32.754,235.37,673.73,109.09,62.19,219.8,414.196,296.247,34.7073,19.0754,548.727,950.717,611.474,399.731,105.893
195.08,44332,27243,29217,4125.5,27243,376.89,350.44,74.318,381.96,12.22,32.78,236.31,679.8,106.79,62.653,220.57,413.933,296.653,34.3626,19.0023,550.79,956.172,614.043,409.132,103.895
194.77,44354,27256,29088,4134.3,27256,377.41,350.06,74.892,379.38,12.189,32.788,234.3,674.1,107.45,62.204,220.04,414.744,297.587,34.0977,19.1627,551.256,942.911,608.769,412.212,104.46
193.78,44213,27350,29231,4150.6,27350,374.61,348.65,74.459,377.64,12.214,32.5,235.59,674.47,109.51,62.193,219,412.406,297.508,34.5182,19.1902,551.279,945.997,615.663,404.442,106.24
195.39,44589,27274,29280,4131.2,27274,377.88,351.23,74.372,382.54,12.212,33.065,236.43,683.15,106.54,63.574,220.64,414.597,297.74,34.1518,19.0618,552.233,967.43,608.762,411.336,103.664
194.28,44220,27408,29211,4150.8,27408,374.62,349.5,74.136,380.03,12.247,32.551,236.11,678.56,110.07,62.384,219.26,413.48,296.207,34.4818,18.9792,550.215,954.349,615.076,408.283,106.736
193.67,44236,27188,29004,4117.1,27188,374.14,346.81,74.084,378.62,12.086,32.333,234.8,673.99,108.36,62.521,218.35,411.158,293.88,33.75,18.8971,546.066,933.089,613.516,419.744,105.285
193.48,44258,27214,29199,4121.2,27214,373.74,347.29,73.988,378.16,12.071,32.448,236.33,676.35,108.86,62.774,218.62,411.054,293.839,34.2152,18.8971,545.642,950.585,609.75,409.904,105.726
194.48,44316,27298,29262,4134.6,27298,375.22,349.07,74.07,380.9,12.228,32.573,236.68,679.44,108.14,62.932,219.57,411.542,296.356,34.3302,18.9986,550.492,951.459,619.636,408.909,105.071
193.71,44182,27260,29240,4126,27260,373.66,347.45,74.103,378.57,12.119,32.385,236.32,675.17,109.56,62.433,218.74,410.864,293.483,34.4544,18.839,545.428,947.455,613.828,406.369,106.33
194.73,44372,27321,29102,4140.5,27321,377.17,350.43,74.481,380.34,12.243,32.787,235.01,678.49,108.25,62.571,220.19,414.929,297.198,34.0686,19.0768,551.122,948.958,613.814,413.864,105.151
194,44213,27213,29152,4117.2,27213,373.98,347.73,74.012,379.77,12.092,32.421,235.64,676.08,108.52,62.565,218.84,411.03,293.409,34.1677,18.8087,545.669,947.683,609.915,412.605,105.427
193.4,44212,27290,29242,4135.1,27290,373.38,347.76,73.98,377.87,12.122,32.425,236.37,676.73,109.65,62.635,218.63,410.912,294.883,34.3974,18.9744,547.366,953.647,611.337,406.675,106.392
195.55,44355,27512,29133,4173.8,27512,378.45,352.7,74.498,382.62,12.499,32.839,235.97,682.28,108.58,62.437,221.15,416.101,301.383,34.2569,19.3053,558.717,946.907,630.549,412.398,105.39
193.81,43999,27133,29032,4099.7,27133,372.94,346.6,73.728,380.3,12.064,32.142,235.76,674.41,108.14,61.93,218.64,410.551,291.225,34.1403,18.6327,542.859,937,614.182,415.952,105.125
194.68,44419,27281,29224,4131.5,27281,376.19,349.52,74.422,380.44,12.168,32.763,236,678.03,108.16,62.955,219.65,413.102,295.915,34.1973,18.9755,549.21,954.267,609.627,410.651,105.092
194.88,44317,27278,29138,4132.9,27278,376.93,350.28,74.676,380.33,12.194,32.772,235.19,675.97,107.9,62.252,220.15,414.612,296.526,34.2584,19.0329,550.056,949.653,608.572,410.603,104.859
194.5,44287,27269,29265,4128.5,27269,375.02,348.92,74.02,381.13,12.2,32.572,236.72,679.52,107.88,62.827,219.56,412.153,295.76,34.4174,18.9486,549.61,953.857,617.622,408.288,104.846
194.02,44221,27247,29082,4128.5,27247,375.23,349.04,74.334,378.8,12.128,32.556,234.75,675.22,108.49,62.241,219.44,412.456,295.355,34.0928,18.9959,548.076,947.852,606.532,412.784,105.383
193.63,44084,27293,29129,4126.6,27293,372.47,347,73.686,379.66,12.141,32.169,236.34,676.25,110.08,62.381,218.26,409.683,292.631,34.1966,18.7252,545.097,941.916,617.393,413.57,106.784
193.13,44101,27102,29097,4107.3,27102,373.32,345.97,74.64,375.54,11.947,32.293,233.98,666.65,108.67,61.685,218.03,410.498,292.555,34.2433,18.908,542.75,934.735,599.924,408.158,105.577
194.55,44408,27321,29289,4145.1,27321,376.42,349.09,74.825,378.87,12.225,32.738,235.05,674.72,108.49,62.619,219.42,413.679,297.85,34.4704,19.1825,551.691,945.126,616.525,404.531,105.353
192.42,44181,27208,29117,4121.1,27208,371.84,345.9,73.696,375.83,11.987,32.232,235.76,674.85,110.19,62.781,217.61,408.91,292.39,33.9572,18.8533,542.985,948.29,604.92,413.314,106.892
193.35,44291,27212,29166,4121,27212,373.42,346.95,73.822,378.23,12.06,32.429,236.58,677.41,108.8,63.002,218.3,411.093,293.894,34.0564,18.9014,545.825,950.533,609.855,413.238,105.672
192.86,43954,27187,29021,4113.7,27187,371.81,345.59,73.867,376.95,12.04,31.992,235.41,670.71,109.98,61.76,217.81,408.717,291.401,34.0842,18.743,542.255,930.297,613.109,413.944,106.718
193.1,44229,27281,29223,4134.9,27281,373.63,346.97,74.11,376.59,12.125,32.378,236.13,674.97,110.14,62.594,218.45,410.932,294.381,34.337,18.9744,546.072,944.218,616.636,406.45,106.825
193.84,44312,27281,29228,4137,27281,376,348.85,74.512,377.57,12.185,32.648,235.57,675.71,109.07,62.493,219.7,412.997,296.039,34.3879,19.0797,548.391,947.162,616.087,404.919,105.877
192.03,44214,27287,29193,4138.8,27287,371.54,345.34,73.852,374.09,12.036,32.203,235.84,673.64,111.35,62.825,217.12,408.968,293.749,34.1259,19.0038,544.611,944.027,611.093,408.709,107.871
192.68,44202,27111,29085,4107.9,27111,372.83,345.55,73.994,375.86,11.961,32.277,235.13,672.41,108.71,62.574,217.84,409.858,292.536,33.9303,18.8939,542.889,940.016,605.888,413.593,105.609
193.68,44254,27172,29107,4118,27172,375.05,347.82,74.47,377.43,12.053,32.543,234.93,672.9,108.27,62.276,219.02,412.49,294.343,34.1235,18.9747,545.823,944.013,605.109,410.907,105.206
193.28,44483,27347,29186,4153.6,27347,375.19,348.01,74.215,376.56,12.197,32.627,235.29,678.15,109.53,63.383,218.59,412.167,298.131,33.9068,19.2767,551.538,945.62,618.462,412.413,106.256
194.56,44354,27331,29119,4136.5,27331,375.21,350.11,73.615,382.34,12.223,32.666,236.65,684.56,108.14,63.244,219.69,413.193,296.354,33.9382,18.94,551.013,962.646,612.936,418.558,105.065
193.27,44154,27220,29136,4121.5,27220,373.4,346.83,74.163,377.13,12.06,32.321,235.08,672.85,109.72,62.247,218.39,410.643,292.856,34.2157,18.845,543.957,941.681,609.577,409.883,106.479
194.24,44233,27349,29104,4141.5,27349,375.16,349.72,74.087,380.09,12.225,32.519,235.51,678.33,109.38,62.542,219.64,411.365,295.792,34.0357,18.9605,549.517,948.988,613.968,414.256,106.141
194.52,44162,27242,29103,4128.2,27242,375.43,349,74.433,380.15,12.195,32.465,235.42,674.05,107.6,61.98,219.59,412.018,296.337,34.232,19.0423,550.29,938.922,614.968,411.612,104.6
194.18,44435,27309,29225,4145.4,27309,376.21,349.11,74.583,378.36,12.199,32.76,235.29,676.69,108.31,62.841,219.31,414.127,298.272,34.255,19.2396,552.117,949.301,613.552,408.379,105.197
193.91,44186,27333,29008,4136,27333,373.85,347.95,74.105,379.24,12.152,32.332,235.1,674.64,110.24,62.314,218.4,411.172,293.883,33.8469,18.8316,546.639,937.899,611.379,419.294,106.912
195.61,44410,27424,29302,4151.9,27424,377.85,352.04,74.157,383.79,12.413,32.898,237.4,685.41,108.06,63.026,221.23,415.295,298.513,34.5279,19.0428,554.41,961.295,628.069,407.138,104.964
194.01,44244,27339,29158,4144.8,27339,375.37,348.99,74.401,378.46,12.221,32.549,235.16,675.74,109.48,62.272,219.36,413.182,296.474,34.3136,19.0745,549.809,944.312,616.578,408.83,106.228
194.19,44252,27323,29267,4141,27323,375.01,348.63,74.435,378.99,12.21,32.542,235.8,675.39,109.19,62.369,219.22,412.546,296.209,34.5546,19.04,549.606,946.748,617.252,404.538,105.976
195.3,44381,27351,29223,4140.7,27351,376.76,350.39,74.223,382.86,12.309,32.75,236.85,681.42,107.8,62.87,220.18,414.61,297.376,34.3284,19.0027,552.541,951.939,622.391,411.566,104.756
194.47,44401,27237,29137,4126.8,27237,376.23,349.52,74.028,380.89,12.18,32.746,236.18,681.29,107.06,63.065,219.84,414.291,296.689,34.0227,19.0434,550.536,955.433,613.327,415.22,104.131
194.59,44616,27346,29459,4150.6,27346,377.65,350.39,74.521,379.46,12.281,33.038,236.79,682.38,107.98,63.678,220.43,414.167,299.265,34.5754,19.2705,553.449,965.058,621.154,399.543,104.901
195.5,44424,27417,29200,4155.3,27417,378.49,352.24,74.467,382.56,12.396,32.934,236.26,682.69,107.99,62.773,221.21,415.835,299.383,34.2995,19.1604,555.197,954.708,623.712,410.362,104.9
193.39,44252,27237,29281,4126,27237,373.65,346.85,74.205,377.28,12.088,32.418,235.77,674.31,109.49,62.658,218.46,410.634,293.84,34.4448,18.9183,545.36,946.801,613.409,404.575,106.271
194.78,44278,27441,29081,4158,27441,375.95,350.42,74.313,381.03,12.322,32.598,235.34,678.48,109.57,62.397,219.63,413.725,297.862,34.0732,19.0796,553.129,944.496,618.791,415.817,106.279
193.74,44183,27194,29105,4122.7,27194,374.64,347.38,74.697,377.08,12.066,32.45,234.7,669.74,108.59,61.829,218.62,412.633,294.689,34.2722,19.0122,546.484,936.678,606.342,409.129,105.48
193.38,43951,27179,29150,4109.7,27179,371.55,345.47,73.743,378.97,12.075,31.986,235.86,672.4,109.11,61.892,217.85,408.935,291.636,34.428,18.7018,543.42,933.784,618.749,409.867,105.964
194.87,44300,27243,29211,4123.3,27243,375.95,349.33,74.387,381.24,12.169,32.684,235.75,677.22,107.64,62.47,219.77,414.054,295.265,34.4151,18.9067,548.59,951.93,611.438,409.196,104.644
192.9,44099,27204,29071,4124.9,27204,373.38,346.14,74.532,375.05,12.045,32.22,233.58,667.85,109.94,61.778,218.03,409.947,293.499,34.13,18.9758,544.308,928.73,609.722,409.534,106.66
195.03,44672,27592,29266,4184.2,27592,377.9,352.06,74.18,381.62,12.446,33.052,236.66,687.54,110.3,63.93,220.24,416.124,300.621,34.0528,19.2393,556.911,963.291,625.992,413.697,106.879
193.8,44409,27275,29335,4133.9,27275,374.86,348.53,73.906,379.09,12.165,32.67,236.96,681.4,108.46,63.41,219.32,412.037,296.145,34.3829,19.0431,549.203,961.881,616.074,405.804,105.344
194.99,44428,27374,29189,4142.7,27374,376.95,349.99,74.177,381.99,12.317,32.732,236.48,681.73,108.81,63.079,220.08,414.355,296.384,34.1391,18.9355,550.655,947.306,626.325,413.722,105.642
194.13,44234,27114,29074,4099.9,27114,374.24,347.37,73.586,381.47,12.085,32.406,236.53,679.59,106.59,62.869,219.06,411.879,293.192,33.93,18.7668,545.807,946.601,615.155,418.863,103.76
193.45,44071,27162,29169,4104.6,27162,372.09,346.07,73.611,379.42,12.035,32.173,236.61,675.65,108.9,62.397,218.17,409.86,291.047,34.326,18.636,542.273,945.924,612.439,411.188,105.79
193.83,44452,27283,29328,4140.9,27283,375.17,348.63,74.376,377.84,12.13,32.773,235.91,677.94,108.39,63.151,218.98,413.364,297.561,34.4305,19.2028,550.798,961.061,607.965,404.438,105.274
194.46,44404,27234,29206,4125,27234,375.58,348.98,74.309,380.15,12.118,32.709,235.62,677.64,107.69,63.015,219.34,412.38,295.676,34.1135,18.9812,548.803,954.758,606.548,412.024,104.688
194.28,44386,27291,29249,4133.8,27291,375.39,348.75,73.825,380.88,12.236,32.627,237.12,682.42,107.99,63.27,219.5,413.268,296.456,34.2601,19.0083,550.475,953.603,623.819,410.92,104.934
194.93,44431,27455,29149,4169.1,27455,377.92,351.71,74.745,380,12.365,32.895,234.78,679.02,108.81,62.578,220.4,415.669,300.863,34.1747,19.3626,556.738,949.615,618.065,411.121,105.591
195.19,44421,27401,29148,4152.9,27401,377.61,351.29,74.28,382.22,12.36,32.835,236.17,682.52,108.07,62.887,220.53,415.542,298.979,34.1276,19.1445,554.673,951.565,623.2,414.316,104.974
194.86,44313,27256,29001,4131.1,27256,377.37,350.57,74.558,380.63,12.207,32.76,234.76,676.85,107.23,62.236,220.34,414.97,297.162,33.9084,19.0863,551.145,945.407,609.358,417.367,104.27
191.97,44177,27104,29065,4104.8,27104,371.54,344.17,73.927,373.96,11.881,32.136,234.96,670.1,110.11,62.616,216.98,408.21,290.431,33.8071,18.7764,539.17,936.661,602.13,414.366,106.847
193.24,44110,27149,29128,4108.8,27149,373,346.15,73.929,377.83,12.046,32.206,235.61,673.3,108.75,62.317,218.37,409.444,292.217,34.1655,18.7921,543.315,937.885,613.97,411.214,105.65
193.84,44246,27215,29167,4119.1,27215,374.44,348.11,74.086,378.95,12.08,32.525,235.63,676.6,108.72,62.581,219.1,412.05,293.549,34.2269,18.8434,545.323,952.756,607.158,410.589,105.602
193.13,44036,27110,29003,4103.1,27110,372.27,346.03,73.771,378.05,11.989,32.141,235.29,672.87,108.17,62.063,218.02,409.894,292.16,33.9637,18.7957,543.488,938.982,606.133,416.95,105.143
195.38,44395,27378,29185,4149.3,27378,378.25,351.17,74.496,382.22,12.392,32.809,235.88,680.74,107.8,62.674,220.9,415.128,298.814,34.268,19.1372,554.319,944.031,629.821,410.878,104.74
193.9,44244,27251,29157,4126,27251,374.33,347.66,74.207,378.87,12.124,32.432,235.74,674.87,109.05,62.527,218.76,411.261,294.153,34.1658,18.8901,546.484,942.573,613.136,411.599,105.881
194.95,44445,27339,29081,4133.4,27339,376.36,349.77,73.728,383.2,12.275,32.695,236.99,684.7,108.29,63.433,219.82,414.175,295.472,33.7616,18.8299,549.803,950.852,622.947,422.252,105.206
193.82,44265,27343,29128,4149.1,27343,374.99,348.85,74.718,377.03,12.155,32.563,234.05,672.18,109.85,62.156,218.81,412.343,296.886,34.1818,19.1565,549.979,943.845,605.779,409.571,106.541
194.08,44189,27198,29068,4108.7,27198,373.58,347.61,73.146,382.57,12.161,32.296,237.58,683.17,107.63,63.081,219.09,410.846,292.828,33.8737,18.6753,546.044,948.303,622.83,420.96,104.666
193.59,44197,27258,29078,4126.8,27258,373.64,347.54,73.835,378.97,12.122,32.36,235.86,677.04,109.16,62.567,218.57,411.559,294.113,34.0092,18.8836,546.663,944.858,613.204,415.867,105.975
193.63,44322,27182,29112,4111.5,27182,374.13,347.53,73.699,379.42,12.056,32.482,235.66,679.29,108.43,63.201,218.86,410.734,292.719,33.827,18.7672,544.251,952.14,609.155,417.33,105.365
192.06,44239,27205,29177,4122.6,27205,371.8,345.43,73.584,374.95,11.987,32.266,236.22,676.35,110.35,63.083,217.52,409.383,292.573,34.0378,18.8972,542.801,950.823,608.637,410.756,107.026
193.69,44251,27217,29199,4118.1,27217,373.69,346.68,74.152,378.42,12.068,32.393,235.64,674.2,109.31,62.621,218.31,411.136,292.665,34.2525,18.7858,544.015,943.094,611.888,410.071,106.123
194.15,44289,27268,29320,4128.6,27268,374.67,348.44,74.333,379.16,12.13,32.588,236.28,676.07,109.01,62.675,219.22,411.479,294.516,34.5554,18.9024,546.871,955.191,610.28,403.489,105.846
193.03,43917,27113,28960,4098.4,27113,371.15,345.43,73.54,378.57,11.98,31.947,235.37,672.26,108.76,61.853,217.69,408.398,290.53,33.9243,18.6407,541.575,934.939,607.567,419.118,105.674
193.22,44340,27278,29092,4141.7,27278,374.65,347.78,74.328,376.26,12.122,32.516,234.75,674.58,109.16,62.746,218.49,411.649,296.928,33.8729,19.2066,549.699,942.084,610.268,413.855,105.945
195.14,44468,27302,29207,4139.2,27302,378.29,351.38,74.776,380.66,12.238,32.992,235.5,678.68,107.49,62.764,220.82,415.036,297.991,34.2308,19.1361,552.005,956.626,609.795,408.952,104.484
193.69,44114,27117,29185,4101,27117,373.37,346.86,73.861,379.38,12.038,32.319,236.62,675.39,107.83,62.346,218.88,410.563,292.01,34.3732,18.7311,543.32,947.748,610.91,408.946,104.854
194.13,44414,27427,29322,4159.6,27427,375.8,349.86,74.375,378.66,12.268,32.752,236.22,679.51,110.13,63.024,219.57,413.056,297.724,34.4578,19.1439,551.58,957.884,617.199,404.169,106.77
194.95,44284,27269,29258,4136.9,27269,377.03,349.93,74.826,380.14,12.252,32.75,235.41,675.1,107.08,62.042,220.25,415.199,298.381,34.6923,19.2043,552.848,946.443,617.848,402.635,104.123
192.14,44056,27179,29125,4115,27179,370.7,344.3,73.642,375.32,11.982,31.982,235.84,671.93,110.5,62.425,217.01,407.708,291.169,34.1035,18.7783,541.308,935.98,612.586,411.423,107.17
195.02,44454,27386,29269,4157.3,27386,378.62,351.29,74.661,380.45,12.39,32.944,235.88,680.92,107.83,62.73,220.99,416.599,300.34,34.507,19.3212,555.706,950.356,628.794,404.614,104.75
194.24,44275,27286,29089,4132.1,27286,375,348.86,74.003,380.37,12.182,32.538,235.97,678.71,108.42,62.651,219.22,413.099,295.683,34.0255,18.9621,549.328,948.243,613.834,416.21,105.32
195.87,44556,27463,29255,4159.6,27463,378.89,352.59,74.245,384.24,12.453,33.028,236.82,686.86,107.92,63.45,221.32,416.016,299.795,34.2136,19.1245,556.384,959.194,629.331,412.416,104.831
193.02,44253,27260,29089,4135,27260,373.83,347.05,74.328,375.78,12.073,32.403,234.88,672.47,109.86,62.452,218.15,411.065,294.983,33.9716,19.0606,546.684,939.959,607.769,412.55,106.577
192.09,43918,27073,29017,4099.1,27073,370.75,344.23,73.965,374.43,11.884,31.932,234.6,666.93,109.73,61.613,217.15,407.661,290.063,34.0774,18.7445,539.159,931.633,601.453,411.811,106.524
194.18,44117,27119,29146,4102.8,27119,374.2,347.09,74.31,379.65,12.057,32.359,235.48,672.08,107.45,61.938,218.92,411.701,292.774,34.3873,18.788,544.533,939.063,610.415,409.476,104.512
194.48,44556,27328,29295,4151.7,27328,377.88,350.13,74.957,378.03,12.238,32.991,235.1,676.98,108.09,62.987,220.01,415.339,299.582,34.3609,19.3513,553.498,952.472,614.217,404.15,104.993
194.7,44505,27373,29253,4153.9,27373,377.62,350.89,74.396,380.27,12.312,32.932,236.74,682.18,108.06,63.187,220.41,415.32,299.525,34.2658,19.2617,554.49,957.487,620.243,408.694,104.96
193.03,44013,27104,29027,4101,27104,372.25,345.68,73.976,377.18,11.969,32.103,234.46,670.35,108.79,61.896,217.97,408.941,291.124,34.0299,18.7349,541.562,934.885,605.581,414.305,105.693
193.39,44341,27277,29118,4135.5,27277,374.27,347.41,74.085,377.5,12.122,32.484,235.47,676.45,109.31,62.924,218.37,411.941,295.511,33.9314,19.0439,548.034,944.029,613.06,414.71,106.09
193.14,44158,27222,29028,4124.8,27222,373.17,347.17,73.947,377.36,12.062,32.288,234.85,674.23,109.2,62.412,218.29,409.878,294.098,33.8486,18.9481,546.132,942.024,607.084,416.665,106.011
194.61,44283,27349,29089,4143.8,27349,375.99,349.39,74.234,380.77,12.289,32.548,235.35,678.15,108.6,62.48,219.58,413.646,297.145,34.0741,19.0558,551.769,939.355,623.622,415.349,105.459
195.02,44332,27408,28993,4153.8,27408,376.77,351.05,74.248,381.92,12.324,32.696,235.07,680.29,108.44,62.546,219.99,414.77,298.666,33.8092,19.13,554.473,945.99,616.971,421.173,105.3
194.77,44328,27349,29151,4142,27349,376.4,349.72,74.152,381.47,12.307,32.627,236.04,680.28,108.43,62.718,219.94,414.05,296.952,34.1807,19.0135,551.539,944.349,625.886,413.43,105.306
193.8,44073,27208,29069,4115.7,27208,373.06,347.03,73.898,379.68,12.1,32.197,235.34,674.1,108.72,62.148,218.47,409.858,292.941,34.0913,18.7785,545.369,937.827,613.433,415.224,105.614
194.55,44386,27355,29095,4146.5,27355,376.86,349.93,74.302,380.26,12.286,32.709,235.44,679.62,108.66,62.764,219.9,414.668,297.536,33.9908,19.0995,551.821,944.348,621.378,415.506,105.503
192.76,44192,27239,29290,4127.7,27239,372.19,345.59,73.928,376.21,12.078,32.208,236.39,673.86,110.07,62.766,217.76,408.461,293.51,34.3965,18.9289,544.891,942.044,618.134,404.604,106.771
194.52,44328,27242,29125,4124,27242,376.42,349.32,73.954,381.29,12.232,32.643,236.41,681.3,107.45,62.854,220.15,414.009,295.64,34.0875,18.9381,549.158,947.985,622.673,414.499,104.474
193.82,44363,27287,29283,4134.5,27287,374.33,347.84,73.865,379.4,12.182,32.526,236.95,680.05,108.69,63.274,218.86,411.48,295.862,34.2807,19.0086,549.221,952.283,620.427,408.929,105.549
194.05,44374,27241,29193,4129.3,27241,376.04,348.88,74.556,378.12,12.122,32.707,234.96,675.36,108.47,62.7,219.52,412.675,295.602,34.1762,19.0364,547.807,949.67,608.091,408.774,105.369
193.19,44143,27314,29009,4137.6,27314,373.75,347.4,74.146,376.86,12.134,32.299,234.97,673.43,110.75,62.098,218.39,411.582,293.861,33.9521,18.9125,545.621,935.86,613.189,415.396,107.352
195.36,44373,27307,29078,4137.7,27307,377.3,351.22,74.517,382.22,12.238,32.843,235.41,678.85,107.08,62.522,220.31,415.141,298.074,34.0204,19.0973,553.2,953.113,607.928,416.642,104.126
193.08,44194,27198,29070,4119.2,27198,373.41,346.52,74.242,376.33,12.011,32.341,234.81,671.69,109.74,62.297,218.08,410.817,292.642,33.9929,18.859,543.259,939.9,604.529,413.311,106.503
193.45,44163,27222,29083,4125.2,27222,373.99,347.42,73.982,378.15,12.129,32.343,235.37,675.51,108.6,62.329,218.78,411.588,294.849,34.0976,18.9858,547.401,940.453,615.884,413.216,105.489
193.52,44026,27140,29064,4109.6,27140,372.95,346.16,74.195,378.08,12.051,32.135,234.98,669.89,108.22,61.757,218.2,409.679,293.073,34.1775,18.8648,544.929,929.981,612.141,412.433,105.176
194.99,44374,27337,29396,4141.5,27337,376.57,350.05,74.196,381.93,12.333,32.738,237.07,682,107.72,63.023,220.46,413.297,297.804,34.7182,19.0739,552.749,955.915,629.642,401.63,104.684
193.95,44254,27206,29255,4121,27206,374.43,347.93,74.266,378.65,12.086,32.548,235.76,675.4,108.27,62.524,219.03,412.062,294.554,34.4693,18.9434,546.711,953.105,608.317,405.425,105.204
193.94,44137,27209,29177,4122.2,27209,374.68,347.89,74.514,378.17,12.111,32.447,235.16,672.02,108.54,61.836,219.14,412.442,294.447,34.507,18.9508,546.518,941.913,610.85,405.604,105.441
194.45,44310,27222,29151,4124.7,27222,375.79,349.04,74.423,379.84,12.141,32.64,235.55,675.85,107.5,62.532,219.55,412.713,295.975,34.1563,19.0224,549.226,948.038,609.107,411.698,104.523
194.27,44158,27238,29128,4123.2,27238,374.74,348.75,73.851,381.01,12.201,32.419,236.43,678.82,107.74,62.42,219.65,411.757,295.188,34.2221,18.9161,548.899,946.494,619.559,412.741,104.738
194.23,44320,27367,29307,4147.7,27367,375.55,349.66,73.959,380.24,12.3,32.626,237.34,682.04,108.93,62.995,219.97,412.517,297.356,34.4929,19.0827,551.725,956.122,625.875,405.247,105.739
193.29,44104,27104,29067,4104.5,27104,373.41,346.27,74.355,376.82,11.973,32.283,234.47,669.43,108.41,61.889,218.28,410.485,292.235,34.1254,18.8384,542.759,936.542,603.006,411.542,105.355
192.65,44153,27226,29048,4128,27226,372.79,345.81,74.379,374.68,12.013,32.232,234.28,668.9,110.45,62.067,217.5,410.226,293.299,33.9809,18.9637,543.941,932.499,605.767,412.582,107.108
195.22,44469,27378,29185,4151.5,27378,377.76,351.13,74.358,382.09,12.35,32.868,236.35,682.18,107.54,63.054,220.49,415.157,299.563,34.1321,19.2069,555.43,951.452,623.129,413.317,104.504
194.99,44526,27367,29237,4149.3,27367,377.73,350.94,74.6,380.62,12.272,32.958,235.47,680.27,108.29,63.134,220.29,414.883,298.411,34.1845,19.1544,552.864,956.386,614.236,410.192,105.173
193.02,44296,27187,29219,4121,27187,373.51,346.41,73.93,376.88,12.055,32.433,235.91,676.4,108.72,62.941,218.27,411.522,294.282,34.2312,18.9855,545.79,948.614,613.025,408.725,105.597
194.33,44408,27361,29204,4148.7,27361,376.44,349.84,74.432,379.18,12.243,32.758,235.52,678.65,109.13,62.851,219.74,413.916,297.399,34.2125,19.1197,551.127,951.504,615.798,409.661,105.915
192.27,44140,27227,29066,4124.1,27227,371.49,345.34,73.811,375.09,11.981,32.154,235.11,672.58,110.87,62.497,217.17,409.285,292.03,33.9249,18.8419,542.34,941.43,605.045,414.522,107.479
194.83,44304,27382,29050,4151.5,27382,376.66,350.6,74.544,380.52,12.276,32.712,234.75,677.21,108.69,62.216,219.82,415.327,298.239,34.0741,19.1454,553.166,945.636,613.064,415.607,105.516
193.19,44255,27140,29133,4114.1,27140,373.77,346.76,74.19,376.78,12.001,32.436,235.32,673.33,108.18,62.595,218.37,410.836,294.016,34.0548,18.9809,545.292,945.791,604.089,411.451,105.137
195.2,44607,27344,29152,4141.2,27344,378.02,351.07,74.362,381.93,12.247,33.016,235.98,682.9,107.91,63.549,220.31,415.262,297.428,33.8232,19.0323,551.705,958.628,611.89,417.799,104.852
193.85,44349,27316,29165,4139.6,27316,375.43,348.86,74.337,378.1,12.159,32.645,235.42,676.89,109.64,62.734,219.23,412.96,295.488,34.1368,19.0046,547.911,950.391,610.654,410.687,106.379
193.73,44293,27276,29178,4129.6,27276,374.33,347.83,73.821,379.31,12.164,32.472,236.64,679.36,109.08,62.965,218.93,411.959,294.556,34.1395,18.9016,547.219,948.881,618.6,412.402,105.904
192.84,44269,27204,29136,4119.9,27204,371.98,345.22,73.727,377.06,12.013,32.233,235.61,675.01,109.5,63.058,217.17,409.616,292.98,33.9112,18.8673,544.394,941.621,610.965,415.797,106.283
194.14,44319,27240,29177,4129.4,27240,375.7,348.4,74.423,378.88,12.168,32.583,235.28,675.46,108.07,62.591,219.35,412.511,296.066,34.1982,19.0558,549.078,942.488,616.055,409.958,105.012
194.9,44373,27356,28954,4148.3,27356,377.42,350.87,74.549,380.68,12.269,32.78,234.75,677.91,108.12,62.408,220,415.698,298.518,33.7266,19.1711,553.463,943.368,611.86,421.358,105.027
192.24,44167,27164,29124,4119.9,27164,372.55,345.26,74.235,373.8,11.971,32.244,234.75,669.85,110,62.278,217.57,409.912,292.889,34.1238,18.9745,542.778,937.346,606.376,408.463,106.727
194.8,44466,27350,29263,4150.5,27350,377.45,350.44,74.813,379.48,12.253,32.933,235.42,677.66,108.22,62.695,220.03,416.052,298.919,34.4523,19.2421,553.231,954.26,613.369,405.653,105.112
195.57,44484,27531,29179,4179.5,27531,379.23,352.69,75.202,380.58,12.428,33.059,234.94,677.94,109.48,62.325,220.77,417.971,301.328,34.363,19.3545,557.427,948.508,618.718,408.458,106.166
194.45,44136,27398,29040,4158.5,27398,375.89,350.25,74.66,379.14,12.305,32.503,234.35,673.66,109.14,61.59,219.69,413.509,298.956,34.226,19.253,554.193,936.735,616.853,411.883,105.906
194.42,44407,27304,29177,4144.4,27304,377.11,350.32,74.745,378.57,12.199,32.868,235.24,676.58,108.08,62.537,220.01,415.045,298.377,34.251,19.2407,552.107,953.424,608.001,408.406,105
195.08,44422,27466,29128,4164.8,27466,377.18,351.35,74.226,382.02,12.404,32.747,235.74,682.41,108.75,63.037,220.27,413.599,299.878,33.9443,19.2114,556.341,947.658,625.934,416.612,105.553
194.6,44348,27350,29179,4140.5,27350,375.91,349.05,74.148,380.98,12.279,32.583,236.51,679.46,108.98,62.859,219.54,413.224,296.024,34.1694,18.949,550.001,942.961,625.579,412.98,105.799
193.54,44034,27254,29171,4124,27254,373.45,347.91,73.864,378.8,12.148,32.267,235.9,676.01,109.53,62.055,219.24,410.17,293.197,34.4418,18.8111,545.26,946.629,616.546,407.219,106.303
193.45,44167,27231,29110,4120.6,27231,373.64,347.46,74.06,377.95,12.064,32.369,235.4,674.5,109.72,62.354,218.67,410.716,292.547,34.1168,18.787,543.727,946.062,607.279,412.156,106.482
193.14,44229,27313,29107,4135.5,27313,373.49,347.35,73.601,378.13,12.167,32.329,235.92,679.38,110.28,62.906,218.57,410.993,293.972,33.9724,18.8801,546.207,945.22,620.595,415.104,106.943
193.89,44193,27198,29220,4123.3,27198,375.28,348.52,74.609,377.63,12.104,32.564,234.98,672.68,108.24,62.017,219.58,412.144,295.142,34.524,19.0291,547.11,947.916,607.915,403.088,105.171
194.26,44313,27309,29078,4138.3,27309,375.7,349.58,74.158,379.88,12.198,32.639,235.52,678.81,108.54,62.644,219.55,413.66,296.555,33.9875,19.0438,550.311,950.388,611.75,415.822,105.411
194.54,44249,27328,29071,4145.6,27328,376.3,349.65,74.886,378.78,12.216,32.621,233.61,672.19,108.77,61.843,219.47,413.995,297.571,34.1788,19.1625,551.523,937.931,610.351,411.679,105.598
193.99,44131,27246,29225,4119.6,27246,373.43,347.88,73.506,381.2,12.185,32.294,237.34,680.28,108.51,62.731,219.25,409.791,293.521,34.3588,18.7645,546.658,950.313,622.747,410.042,105.416
194.29,44372,27285,29158,4133.6,27285,376.24,348.79,74.526,378.95,12.179,32.677,235.37,675.92,108.91,62.623,219.43,413.895,295.472,34.1602,18.9843,548.04,943.78,614.627,411.121,105.743
193.74,44186,27213,29049,4120,27213,373.79,347.66,73.981,379.09,12.082,32.374,235.42,675.4,108.52,62.431,218.63,411.113,293.99,33.9378,18.8834,546.44,944.275,607.754,416.884,105.422
193.18,44139,27250,28992,4131.7,27250,373.86,346.98,74.21,376.71,12.121,32.27,234.53,672.24,109.51,62.039,218.33,411.397,294.821,33.9082,19.0226,547.006,930.922,614.676,415.933,106.278
192.4,44136,27112,29038,4103.9,27112,371.72,344.97,73.603,376.2,11.946,32.12,235.63,673.64,109.24,62.67,217.5,408.435,291.105,33.7794,18.7618,541.142,939.479,607.137,417.284,106.087
193.78,44270,27238,29182,4131.8,27238,375.14,348.47,74.359,377.93,12.137,32.58,235.09,675.46,108.19,62.438,219.26,412.793,296.46,34.3035,19.1226,549.365,948.64,611.023,407.893,105.115
194.69,44318,27242,29171,4124,27242,376.27,349.31,74.304,380.88,12.19,32.665,235.92,677.98,107.7,62.61,219.93,413.555,295.348,34.2365,18.9255,548.558,948.342,615.431,411.325,104.699
195.18,44184,27263,29220,4123.3,27263,374.92,349.87,73.976,383.12,12.195,32.579,236.65,679.89,107.29,62.398,219.89,412.995,295.409,34.5163,18.8569,549.891,959.691,611.165,409.686,104.341
194.02,44354,27201,29142,4116.3,27201,374.45,347.77,73.709,380.6,12.112,32.516,236.4,680.38,107.66,63.28,218.91,411.608,294.325,33.9084,18.864,547.193,951.102,614.065,417.246,104.676
194.6,44308,27277,29349,4133.9,27277,375.62,349.82,74.22,380.74,12.216,32.699,236.95,679.64,107.51,62.793,220.09,412.251,297.186,34.6386,19.0799,551.419,961.318,615.201,402.451,104.512
194.35,44483,27363,29188,4154.2,27363,377.11,350.15,74.636,378.57,12.242,32.893,235.39,678.43,108.68,62.869,219.73,415.805,299.01,34.1873,19.2763,553.143,952.906,612.942,409.926,105.509
194.57,44303,27251,29231,4128.2,27251,375.77,348.82,74.176,380.88,12.228,32.589,236.4,678.61,107.4,62.7,219.71,413.125,296.463,34.3795,19.0229,550.469,946.424,622.524,408.907,104.42
195.95,44555,27462,29293,4160,27462,378.58,352.41,74.046,385.04,12.479,33.012,238.06,688.78,107.37,63.575,221.23,416.622,300.5,34.3335,19.1614,557.846,961.445,633.732,411.623,104.346
193.36,44187,27259,29269,4131,27259,373.25,347.05,74.112,377.46,12.12,32.333,235.81,674.38,109.47,62.535,218.48,409.609,294.618,34.4441,18.9762,546.888,945.606,615.365,404.747,106.241
193.92,44362,27314,29272,4140.4,27314,375.57,348.75,74.105,378.9,12.232,32.627,236.59,679.81,108.96,63.014,219.57,412.781,296.455,34.3611,19.0637,549.681,951.047,622.906,406.629,105.777
193.78,44214,27247,29033,4127.1,27247,374.81,347.95,74.193,378.5,12.138,32.431,235.17,674.92,108.96,62.293,218.96,412.427,294.538,33.9578,18.9365,546.901,938.467,613.602,415.902,105.797
193.28,44267,27321,29162,4134.5,27321,372.6,346.75,73.514,378.87,12.136,32.309,236.81,679.59,110.28,63.153,217.9,410.744,293.672,34.0282,18.8295,546.196,948.489,617.791,415.417,106.949
193.64,44314,27230,29102,4123.5,27230,374.3,347.22,73.877,378.96,12.132,32.399,235.9,677.49,108.64,63.051,218.64,410.497,294.359,33.8171,18.9125,546.852,940.143,618.218,417.249,105.527
193.5,44219,27321,29361,4140.7,27321,373.83,347.7,74.224,377.47,12.18,32.427,236.56,675.49,110.1,62.581,218.9,410.238,295.155,34.6931,18.9999,547.581,949.76,619.435,399.477,106.776
193.53,44174,27156,29182,4112.9,27156,373.75,346.8,74.355,377.42,12.024,32.392,235.13,671.66,108.56,62.174,218.51,411.139,293.167,34.3582,18.8815,544.304,943.274,606.341,407.277,105.47
194.14,44196,27350,29135,4143.7,27350,374.95,348.95,74.248,379.35,12.231,32.488,235.55,676.43,109.55,62.185,219.25,413.301,296.045,34.3208,19.0068,549.663,944.307,617.435,410.516,106.286
193.65,44112,27173,29141,4112.7,27173,372.74,346.75,73.789,379.49,12.072,32.233,236.25,675.25,108.04,62.412,218.35,409.803,293.494,34.2015,18.8437,546.048,943.858,612.2,412.697,105.02
193.63,44417,27356,29043,4147.8,27356,374.9,347.63,74.315,377.53,12.165,32.546,234.55,675.67,110.21,62.918,218.09,413.505,296.057,33.7285,19.0635,548.923,937.603,614.144,419.314,106.857
194.83,44335,27323,29079,4140.8,27323,377.06,350.08,74.556,380.49,12.261,32.71,235.19,677,108.23,62.368,220.01,414.811,297.256,34.0715,19.0782,551.432,941.955,617.116,414.511,105.131
192.96,44075,27099,29168,4100.9,27099,372.38,345.47,74.02,376.77,11.966,32.191,235.82,671.24,108.81,62.136,218.05,409.478,291.137,34.3419,18.7477,541.185,940.801,607.681,407.58,105.717
193.73,43962,27102,29038,4100.3,27102,373.29,346.79,74.099,378.98,12.036,32.186,234.9,671.18,107.69,61.487,218.77,411.029,292.205,34.2911,18.7699,543.726,935.919,609.077,412.016,104.732
194.31,44438,27350,29232,4148.6,27350,376.35,349.84,74.098,380.04,12.284,32.739,236.21,681.98,108.26,63.255,219.89,413.351,298.495,34.1646,19.192,553.187,953.723,622.502,410.62,105.147
193.02,44250,27323,29085,4147.5,27323,374.09,347.65,74.469,375.31,12.119,32.424,234.31,672,110.45,62.342,218.27,410.954,296.128,33.9738,19.1552,548.359,939.332,608.327,411.541,107.069
193.43,44276,27246,29347,4124.7,27246,373.31,347.37,73.857,378.32,12.089,32.465,237.18,678.22,109.37,63.078,218.73,409.904,293.596,34.4936,18.8596,545.34,959.184,612.109,403.727,106.161
194.43,44427,27224,29298,4126.9,27224,376.76,348.65,74.629,379.02,12.175,32.781,235.94,676.45,107.66,62.797,219.77,414.394,296.211,34.4864,19.0629,548.837,948.158,617.674,404.079,104.655
193.1,44194,27191,29116,4121,27191,373.88,346.8,74.424,375.85,12.027,32.38,234.38,670.81,109.5,62.199,218.4,410.626,293.36,34.1254,18.9376,544.058,939.517,605.729,409.491,106.281
193.6,44288,27253,29268,4124,27253,373.36,347.24,73.455,380.02,12.156,32.388,237.87,681.65,108.73,63.355,218.73,410.249,294.093,34.2386,18.8481,546.93,953.69,622.128,410.594,105.603
194.27,44328,27240,29096,4120.3,27240,374.89,348.42,73.622,381.61,12.176,32.503,236.51,681.8,107.85,63.215,219.31,411.783,294.455,33.8316,18.8299,547.849,948.947,618.856,419.551,104.837
194.86,44270,27250,29036,4122.6,27250,376.71,349.58,74.243,381.62,12.222,32.619,235.46,678.19,107.77,62.351,220.14,414.463,294.902,34.0067,18.8607,548.221,941.477,618.377,417.203,104.762
193.04,44248,27412,29166,4157.7,27412,373.93,347.68,74.225,375.98,12.213,32.374,235.21,674.89,111.63,62.558,218.4,410.839,295.822,34.1608,19.0786,548.328,939.457,620.079,408.982,108.08
194.97,44367,27271,29180,4128.7,27271,376.54,349.69,74.33,381.63,12.219,32.713,235.96,678.79,107.54,62.773,219.96,413.688,296.154,34.1902,18.962,550.09,949.068,616.152,412.517,104.546
195.3,44379,27279,29241,4128.9,27279,376.93,350.06,74.003,383.57,12.319,32.693,236.6,682.9,106.62,63.113,220.53,413.226,297.125,34.2668,18.982,552.341,949.237,629.431,411.814,103.733
193.28,44020,27204,29020,4121.2,27204,372.55,346.81,73.903,378.05,12.08,32.138,234.94,672.79,108.76,61.926,218.2,409.683,294.072,34.0368,18.9337,546.649,936.688,610.728,415.351,105.633
193.24,44091,27247,29216,4124.1,27247,372.03,346.2,73.665,378.55,12.123,32.119,236.55,675.59,109.54,62.543,218.07,408.402,293.268,34.3332,18.833,545.651,941.175,620.622,409.015,106.318
192.17,44021,27069,28971,4094.1,27069,370.56,344.07,73.407,376.22,11.895,31.944,235.25,672.31,109.28,62.391,217.02,407.678,289.587,33.7233,18.6467,539.106,935.686,605.405,419.907,106.14
193.81,44348,27297,29216,4141.7,27297,374.92,347.63,74.697,377.06,12.139,32.574,234.98,672.42,109.32,62.489,218.42,413.005,296.524,34.3199,19.1375,549.285,941.033,611.765,407.22,106.087
194.93,44342,27407,29276,4152.2,27407,375.96,350.53,74.003,382.3,12.345,32.688,236.85,683.03,108.43,62.968,220.09,413.562,298.356,34.4438,19.0903,554.108,957.12,624.724,408.764,105.293
194.36,44364,27290,29329,4134.5,27290,375.84,349.25,74.066,380.38,12.24,32.685,236.47,681.16,108.1,63.072,219.97,412.871,296.49,34.5128,19.0255,550.155,956.669,622.556,404.628,105.027
193.88,44016,27142,29182,4110,27142,373.53,347.45,74.043,379.48,12.1,32.272,236.46,673.79,107.32,61.824,219.14,410.746,294.123,34.559,18.9072,546.799,943.785,613.834,406.269,104.381
193.99,44226,27338,29109,4143.8,27338,374.84,349.04,74.175,379.12,12.218,32.465,235.31,676.65,109.28,62.455,219.24,411.351,296.493,34.0689,19.0582,550.334,944.056,615.652,413.263,106.053
193.94,44225,27220,29147,4126.2,27220,374.64,347.55,74.273,378.83,12.155,32.406,235.6,674.22,107.97,62.391,218.87,411.488,295.76,34.1929,19.0427,548.95,937.049,618.08,411.118,104.933
193.34,44125,27174,28995,4117.8,27174,373.99,347.1,74.228,377.21,12.06,32.314,234.3,671.94,108.61,61.977,218.58,411.349,293.897,33.9392,18.9486,545.544,935.282,608.509,415.488,105.511
193.71,44213,27256,29207,4128.4,27256,374.07,347.83,73.821,379.3,12.176,32.399,236.45,678.56,108.62,62.727,219.08,411.116,295.062,34.2977,18.9547,548.11,947.787,620.556,409.451,105.498
194.33,44451,27397,29039,4157.2,27397,377.62,350.14,74.613,378.63,12.301,32.774,234.43,677.77,109.43,62.743,219.87,414.92,298.377,33.7868,19.2101,552.394,938.656,620.785,416.905,106.16
194.37,44436,27416,29185,4152.6,27416,376.02,349.68,73.915,380.74,12.313,32.676,236.39,683.22,109.59,63.346,219.63,413.529,297.032,34.0324,19.0211,551.422,951.08,625.907,414.607,106.307
194,44281,27292,29107,4136.1,27292,375.19,349.06,74.135,379.21,12.178,32.559,235.54,677.74,108.71,62.634,219.37,412.276,296.106,34.0284,19.0338,549.477,948.622,612.412,413.936,105.568
194.02,44272,27324,29026,4143.1,27324,375.97,348.79,74.407,378.5,12.24,32.512,234.68,675.34,109.2,62.307,219.35,413.224,296.621,33.9161,19.0914,550.058,933.636,620.706,415.936,105.98
195.11,44394,27346,29242,4141.6,27346,377.25,350.16,74.449,381.57,12.309,32.774,235.94,679.71,108.21,62.749,220.29,414.876,297.164,34.4011,19.0254,551.559,947.887,624.434,408.568,105.119
194.6,44349,27358,29106,4149.1,27358,376.57,349.91,74.728,379.31,12.241,32.693,234.4,675,108.95,62.375,219.58,413.7,297.714,34.0692,19.1461,551.846,941.989,612.801,413.009,105.756
192.86,43991,27196,29029,4118.1,27196,371.51,345.53,73.759,377.27,12.051,31.989,235.51,671.76,109.5,62.001,217.55,408.452,292.691,34.0142,18.844,544.48,931.634,613.644,415.503,106.294
194.1,44319,27295,29274,4138.9,27295,375.26,349.02,74.574,378.26,12.153,32.644,235.29,674.81,108.9,62.578,219.32,411.613,296.452,34.4206,19.0914,549.484,952.419,608.437,404.578,105.725
192.58,44048,27060,29155,4095.5,27060,371.68,344.64,74.095,375.47,11.894,32.119,235.21,668.66,109.1,62.033,217.56,408.478,290.182,34.2957,18.7202,539.3,938.603,602.557,407.282,105.976
195.29,44502,27377,29155,4151,27377,378.48,351.78,74.713,381.22,12.299,33.004,235.16,680.1,108.02,62.86,220.7,415.904,298.932,34.0827,19.1761,553.823,954.572,612.954,412.994,104.929
194.92,44372,27207,29116,4113.5,27207,376.38,349.68,73.992,382.47,12.154,32.738,236.37,681.34,107.06,62.991,220.1,413.988,294.334,33.9908,18.7952,547.427,955.905,610.955,417.114,104.151
194.37,44119,27231,29098,4121.1,27231,374.49,348.28,74.189,380.5,12.162,32.353,235.82,674.4,108.15,62.049,219.22,411.086,294.399,34.2022,18.8677,547.635,938.858,614.934,413.07,105.101
195.05,44473,27426,29145,4157.9,27426,377,350.77,74.265,381.85,12.346,32.787,235.79,681.87,108.46,63.173,219.91,414.198,299.287,33.9482,19.178,555.229,949.348,621.894,416.797,105.304
194.09,44251,27261,29085,4131.3,27261,375.27,349.03,74.268,379.18,12.153,32.554,235.19,676.13,108.35,62.408,219.39,412.386,295.906,34.0403,19.0273,549.12,946.829,609.501,413.939,105.258
193.32,44312,27178,29101,4113.8,27178,373.6,346.78,73.646,378.67,12.054,32.397,236.11,678.52,108.43,63.22,218.4,410.373,293.234,33.7854,18.8404,544.943,947.378,611.987,417.908,105.36
192.55,43986,27064,29080,4092.9,27064,370.92,344.17,73.815,376.29,11.9,31.978,235.06,669.3,109.2,61.995,217.21,407.987,289.513,34.135,18.6385,538.908,934.313,605.169,412.268,106.069
194.42,44261,27325,29298,4142.8,27325,375.63,349.45,74.396,379.69,12.247,32.646,236.31,677.56,108.51,62.368,219.78,413.855,297.317,34.7028,19.1108,551.369,952.991,618.693,402.371,105.381
194.45,44358,27315,29161,4139.6,27315,375.91,349.67,74.161,380.45,12.228,32.668,235.99,679.71,108.2,62.888,219.69,413.062,297.132,34.0967,19.0734,551.364,951.522,615.715,413.236,105.106
193.08,44210,27070,29218,4103.6,27070,373.9,345.92,74.52,375.58,11.957,32.421,234.83,669.69,107.99,62.208,218.39,411.126,292.926,34.4132,18.9448,542.941,941.57,604.858,403.761,104.986
194.15,44146,27338,29042,4131.9,27338,373.79,348.22,73.462,381.81,12.25,32.264,236.91,680.91,109.54,62.644,219.01,411.291,293.774,33.9388,18.738,547.539,941.261,626.043,420.019,106.307
194.45,44412,27309,29169,4145.1,27309,376.82,350.21,74.829,378.49,12.175,32.856,234.39,675.39,108.23,62.523,219.73,414.553,298.303,34.1984,19.2364,552.049,953.057,604.258,409.29,105.122
194.43,44434,27363,29195,4153.5,27363,376.87,349.73,74.702,378.71,12.258,32.8,234.87,676.85,108.75,62.665,219.58,415.295,298.796,34.2652,19.2555,553.042,946.605,616.675,409.001,105.57
195.5,44343,27461,29253,4157.9,27461,377.12,351.45,73.98,384.08,12.464,32.72,237.22,685.24,108.36,62.918,220.8,414.64,298.973,34.4448,19.067,555.694,952.261,635.934,410.157,105.217
195.14,44534,27363,29195,4153.9,27363,378.61,351.53,75.025,379.8,12.265,33.078,235.06,677.76,107.89,62.72,220.47,416.838,299.838,34.2316,19.3042,554.52,955.051,608.868,409.172,104.815
192.51,44235,27287,29208,4136.8,27287,372.43,345.56,74.147,374.75,12.059,32.272,235.33,672.3,111.2,62.622,217.38,410.249,293.513,34.2458,18.9591,544.3,939.752,613.159,407.286,107.747
190.92,44070,27061,29059,4099.1,27061,369.1,341.41,73.804,371.32,11.784,31.814,234.15,665.56,111.22,62.433,215.42,405.889,288.544,33.8082,18.7181,535.841,925.737,602.497,413.454,107.83
193.57,44218,27326,29227,4143.3,27326,374.42,348.44,74.395,377.16,12.154,32.525,235.56,674.65,110.05,62.251,218.97,412.494,295.674,34.4963,19.0514,548.127,950.527,610.547,404.44,106.729
194.75,44277,27262,29294,4127.1,27262,375.47,349.3,74.087,381.68,12.223,32.613,236.82,679.78,107.48,62.723,219.92,412.668,296.008,34.5529,18.9533,550.079,954.867,619.332,406.127,104.498
193.37,44168,27203,29131,4124.4,27203,374.3,347.33,74.34,376.86,12.092,32.405,234.93,672.66,108.78,62.088,218.8,411.947,294.719,34.2805,19.0198,546.509,940.447,611.563,408.344,105.644
194.17,44214,27361,29213,4143.4,27361,374.37,348.99,74.107,379.86,12.215,32.497,236.12,677.75,109.69,62.451,219.14,412.339,295.684,34.4225,18.9556,549.357,951.899,614.947,408.566,106.409
194.19,44283,27262,29168,4130.7,27262,375.51,348.7,74.332,379.28,12.176,32.572,235.83,676.22,108.39,62.501,219.44,412.728,295.73,34.2375,19.0073,548.782,945.281,615.096,410.173,105.29
194.61,44322,27415,29280,4157.1,27415,376,350.33,74.134,380.91,12.354,32.653,236.58,681.44,108.8,62.834,220.07,412.999,298.862,34.4674,19.1771,554.4,953.015,626.724,406.602,105.608
193.08,44130,27261,29218,4133.3,27261,373.32,346.64,74.464,375.68,12.097,32.283,234.62,670.13,110.26,62.022,218.27,409.848,294.169,34.4613,18.9943,545.567,937.192,613.326,403.4,106.929
193.51,44202,27178,28983,4114.1,27178,373.37,346.43,74.005,378.41,12.04,32.274,235,673.29,108.65,62.47,217.97,410.595,293.052,33.7086,18.8367,544.86,934.568,608.773,420.949,105.546
194.29,44323,27323,29194,4144.5,27323,376.34,348.94,74.743,378.32,12.234,32.641,234.95,674.14,109,62.298,219.47,413.901,297.15,34.3609,19.1401,550.534,939.247,619.003,407.04,105.803
194.08,44259,27270,29167,4128,27270,374.97,348.5,73.919,380.11,12.195,32.497,236.17,679.24,108.61,62.746,219.45,412.192,294.844,34.1931,18.9019,547.881,947.77,619.868,411.944,105.491
195.32,44447,27262,29067,4133.7,27262,377.88,351.12,74.755,381.4,12.192,32.941,234.64,677.41,106.5,62.599,220.29,415.583,298.439,33.9228,19.1678,553.163,952.535,603.349,416.95,103.62
194.58,44319,27323,29127,4142.9,27323,375.81,349.37,74.411,380.21,12.234,32.615,235.44,676.73,108.17,62.515,219.35,413.514,297.741,34.1269,19.1337,552.378,943.946,615.528,413.592,105.074
193.59,44064,27281,29171,4126.4,27281,372.93,347.76,73.483,380.03,12.178,32.243,237.11,679.5,109.41,62.419,218.98,410.636,293.491,34.3733,18.7899,546.346,949.972,620.579,410.462,106.201
195.23,44340,27292,29244,4135,27292,377.38,350.97,74.693,381.3,12.237,32.863,235.83,677.71,107.45,62.365,220.65,414.861,297.289,34.5227,19.0611,551.438,956.287,611.138,405.703,104.46
192.44,44341,27115,29074,4109.9,27115,372.94,345.22,73.721,375.75,11.964,32.342,235.4,675.79,108.57,63.265,217.6,410.264,293.039,33.667,18.9385,543.501,942.45,608.944,417.81,105.49
195.11,44537,27394,29200,4153.7,27394,377.55,350.96,74.34,381.72,12.323,32.912,236.39,682.62,107.96,63.337,220.18,415.04,299.348,34.0484,19.1943,554.925,954.712,619.791,414.211,104.877
194.31,44226,27261,29184,4126.8,27261,374.83,349.19,74.006,380.65,12.174,32.511,236.53,678.43,108.17,62.65,219.66,410.752,295.197,34.2131,18.9194,548.671,952.651,612.895,411.053,105.102
194.05,44322,27278,29039,4135.4,27278,376.16,348.94,74.711,377.74,12.137,32.649,234.18,673.14,109.13,62.254,219.26,413.705,295.671,33.9327,19.0444,547.973,940.376,606.818,414.516,105.936
194.68,44351,27331,29115,4144.1,27331,377.17,350.37,74.703,379.58,12.243,32.76,234.29,676.16,108.54,62.374,220.11,414.226,297.485,34.1198,19.1238,551.346,945.217,613.16,411.818,105.397
192.64,44191,27238,29214,4130.7,27238,372.83,346.65,73.979,375.57,12.059,32.341,235.84,674.69,109.9,62.587,218.21,410.138,294.318,34.31,19.0174,545.638,949.416,610.083,406.05,106.617
195.55,44388,27400,29299,4153.7,27400,378.25,352.34,74.652,382.19,12.365,32.976,236.31,681.24,107.83,62.546,221.28,415.877,299.437,34.6492,19.1818,555.044,961.159,618.902,403.496,104.762
193.66,44484,27323,29176,4146.7,27323,376.06,348.76,74.518,376.85,12.158,32.765,235.14,676.8,109.5,63.076,219.06,413.644,297.032,34.006,19.1745,549.585,949.568,610.549,410.978,106.237
194.52,44542,27481,29231,4174.8,27481,377.55,350.97,74.716,378.75,12.346,32.932,234.89,679.65,109.59,63.085,219.88,415.252,300.826,34.1813,19.3904,556.156,952.106,619.03,409.079,106.272
195.21,44190,27387,29145,4150.9,27387,376.62,351.42,74.643,381.45,12.307,32.69,235.5,676.55,108.43,61.808,220.42,414.417,298.334,34.4734,19.1227,553.722,950.186,612.936,408.695,105.294
195.32,44349,27480,29137,4170,27480,377.78,352.11,74.652,381.53,12.414,32.826,234.57,679.59,108.71,62.329,220.6,415.686,300.835,34.2667,19.3045,557.492,948.247,621.441,411.685,105.506
193.51,44173,27257,29033,4130.1,27257,374.51,347.51,74.485,376.93,12.109,32.372,234.25,671.12,109.81,61.98,218.64,411.541,294.088,34.0018,18.9458,545.731,933.227,610.541,413.518,106.536
193.85,44352,27278,29137,4138,27278,374.92,348.39,74.323,378.23,12.131,32.612,235.26,676.08,108.51,62.731,218.73,413.164,296.895,34.0655,19.1386,550.259,948.93,607.973,413.032,105.383
193.97,44281,27169,29206,4108.1,27169,374.08,347.39,73.721,380.48,12.091,32.44,237.18,679.11,107.87,63.096,219.02,410.433,292.8,34.1275,18.7452,544.823,950.683,615.039,412.697,104.878
192.7,44315,27232,29144,4129.4,27232,373.17,346.78,73.919,375.87,12.024,32.45,235.64,676.21,109.64,63.021,218,410.923,294.425,33.9595,19.0169,545.745,952.101,604.87,412.611,106.395
193.31,44271,27277,29118,4129.7,27277,373.27,347.05,74.03,377.53,12.059,32.409,235.38,675.2,110.21,62.74,218,411.25,293.301,33.996,18.8519,544.815,947.363,606.081,414.46,106.896
193.17,44143,27223,28981,4125.2,27223,373.28,346.6,74.47,376.03,12.014,32.281,233.81,668.73,109.96,61.904,217.78,410.668,293.324,33.8557,18.923,544.44,932.95,601.317,416.331,106.676
195.01,44441,27477,29263,4162.8,27477,376.64,351.54,73.956,382.46,12.373,32.867,237.27,686.14,109.13,63.264,220.33,415.439,298.903,34.3566,19.1051,554.786,965.968,621.923,410.618,105.887
194.75,44343,27218,29209,4122.6,27218,376.31,350.04,74.236,381.21,12.167,32.749,236.26,679.44,106.83,62.818,220.25,412.76,296.314,34.2403,19.0062,550.037,958.24,609.506,410.214,103.933
194.26,44477,27357,29258,4152.7,27357,376.19,349.08,74.451,378.93,12.256,32.747,235.52,678.5,108.55,63.118,219.23,413.998,298.936,34.2496,19.2647,553.473,948.208,620.327,408.816,105.392
192.51,44201,27110,29113,4104.2,27110,372.15,344.84,73.967,375.48,11.921,32.211,235.35,671.38,109.49,62.667,217.41,408.737,290.918,33.934,18.7664,540.363,939.295,604.266,413.042,106.309
195.26,44468,27494,29373,4169.5,27494,377.5,352.43,74.322,382.1,12.414,32.965,237.32,684.81,108.83,63.217,220.95,414.286,300.452,34.5766,19.2439,556.836,968.024,622.633,403.546,105.611
193.99,44165,27148,29246,4113.3,27148,374.74,347.72,74.454,378.48,12.088,32.477,235.48,672.79,107.53,62.058,219.33,411.815,294.478,34.6011,18.9617,546.503,945.438,611.307,403.064,104.563
193.92,44365,27328,29086,4146.9,27328,376.21,349.2,74.724,377.2,12.173,32.695,234.33,674.08,109.45,62.419,219.23,413.88,297.073,33.9996,19.1674,549.951,943.146,608.608,412.474,106.198
195.21,44426,27408,29171,4160,27408,377.36,351.3,74.708,381.09,12.317,32.884,235.72,678.64,107.92,62.588,220.04,415.868,300.521,34.2486,19.3144,556.664,952.177,613.732,411.661,104.833
194.73,44374,27360,29186,4142.1,27360,375.46,349.62,73.781,382.41,12.291,32.601,236.83,683.21,108.28,63.276,219.59,412.443,297.019,34.0526,18.9876,552.196,952.253,623.673,415.859,105.174
194.87,44463,27349,29141,4141.2,27349,377.13,350.7,74.244,381.35,12.248,32.856,235.7,681.78,108.51,63.126,220.2,414.588,296.705,33.9746,18.9903,550.681,956.316,613.607,415.646,105.377
194.08,44177,27259,29185,4130.2,27259,374.42,348.08,74.51,378.56,12.126,32.464,235.3,672.49,108.86,62.001,218.85,412.32,295.138,34.4558,18.9836,547.878,943.785,609.259,407.021,105.705
193.3,44017,27182,29097,4112.5,27182,372.36,346.47,74.122,377.53,12.002,32.199,234.94,670.77,109.55,61.754,218.07,410.315,291.689,34.3124,18.7466,542.558,941.989,603.103,410.254,106.347
194.68,44427,27308,29307,4138.6,27308,376.42,350.12,74.416,380.33,12.208,32.83,236.15,679.5,108.07,63.025,220.03,413.236,297.161,34.4124,19.0775,550.998,960.552,611.749,405.843,104.999
194.92,44332,27403,29083,4153.7,27403,376.66,350.6,74.397,381.2,12.324,32.659,235.38,678.6,108.71,62.553,219.94,413.49,298.417,33.9848,19.1333,553.829,943.066,619.879,416.255,105.533
192.64,44082,27178,29147,4117,27178,372.15,345.87,73.895,376.04,12.019,32.167,235.63,672.62,109.64,62.278,217.98,408.887,292.551,34.2236,18.8712,543.321,941.688,610.095,408.787,106.414
194.62,44092,27244,29134,4121.6,27244,374.86,348.95,74.025,381.66,12.214,32.395,236.2,677.12,107.8,62.019,219.78,412.155,294.738,34.3925,18.854,548.506,943.86,619.449,410.985,104.791
194.68,44428,27385,29143,4154.9,27385,377.83,350.29,74.796,379.19,12.308,32.83,234.96,677.04,109.01,62.503,220.08,416.071,298.518,34.1936,19.2062,552.683,941.799,621.015,410.618,105.794
194.54,44371,27354,29126,4147.2,27354,375.64,349.71,74.09,380.93,12.256,32.652,235.79,680.39,108.16,62.942,219.36,413.613,298.274,34.007,19.1468,553.506,950.606,616.501,416.287,105.06
194.38,44420,27408,29172,4154.8,27408,376.08,350.12,74.31,379.68,12.252,32.759,235.7,679.83,109.59,62.96,219.52,414.044,297.576,34.1027,19.1047,551.752,954.642,613.298,412.723,106.304
193.76,44069,27217,28990,4120.8,27217,373.65,347.28,74.036,379.11,12.126,32.217,235.09,673.28,108.59,61.924,218.59,410.974,294.019,33.9732,18.8877,546.773,932.681,614.734,417.394,105.489
194.92,44235,27254,29264,4123.1,27254,375.46,349.26,74.287,381.74,12.197,32.575,236.15,677.18,107.78,62.438,219.87,412.084,294.947,34.5308,18.8622,548.518,950.769,615.665,406.655,104.774
193.59,44224,27287,29234,4136.5,27287,374.23,348.06,74.46,377.09,12.11,32.519,235.08,673.46,109.72,62.251,218.78,412.177,295.134,34.4921,19.0196,547.223,950.23,607.278,404.352,106.454
194.75,44412,27293,29212,4134.2,27293,376.33,348.95,74.362,380.82,12.231,32.695,236.16,678.4,108,62.909,219.5,414.146,296.502,34.2344,19.0117,550.376,945.388,620.45,411.458,104.945
193.03,44213,27121,29119,4111.6,27121,373.74,346.4,74.211,376.23,11.997,32.396,235.18,672.48,108.21,62.384,218.35,411.357,293.725,34.1221,18.9796,544.629,942.601,606.011,410.404,105.162
193.1,44194,27163,29206,4121,27163,374.31,347.13,74.696,375.04,12.015,32.47,233.95,669.45,108.95,62.031,218.74,410.836,294.3,34.4115,19.0522,544.948,943.713,603.196,402.598,105.803
193.93,44189,27284,29140,4130.7,27284,374.08,348.66,73.599,380.59,12.195,32.439,237,681.24,108.48,62.689,219.29,412.429,295.361,34.217,18.9301,549.1,954.04,617.872,413.338,105.373
195.22,44338,27322,29039,4131.6,27322,375.99,349.87,73.874,383.81,12.274,32.586,236.21,681.86,107.68,62.958,219.74,413.153,295.995,33.7781,18.8657,551.119,945.484,620.522,422.989,104.665
192.84,43892,27059,29023,4083.8,27059,370.45,344.69,73.204,378.98,11.931,31.892,236.38,674.09,108.82,62.071,217.65,407.794,288.15,34.0508,18.4365,537.999,940.132,608.55,417.198,105.752
194.83,44390,27337,29188,4143.9,27337,376.99,350.79,74.658,380.09,12.212,32.884,235.02,677.84,108.42,62.52,220.11,415.446,297.51,34.3214,19.1054,551.405,957.766,606.576,409.19,105.293
195.28,44323,27183,29047,4114.3,27183,376.85,349.48,74.41,382.53,12.178,32.674,235.28,676.91,106.09,62.445,219.97,414.303,295.854,33.9562,18.9364,549.922,941.546,613.102,418.528,103.294
193.71,44116,27317,29097,4132.3,27317,373.51,347.84,73.524,380.25,12.223,32.256,236.4,679.83,109.67,62.511,218.94,411.337,293.965,34.1446,18.8121,547.178,943.178,625.131,414.955,106.414
195.16,44503,27342,29217,4143.2,27342,377.26,351.03,74.016,382.88,12.308,32.895,236.8,685.18,107.03,63.468,220.45,414.798,298.846,34.1,19.1304,554.546,960.935,620.181,414.265,104.073
194.97,44578,27307,29219,4134,27307,377.17,349.87,73.899,382.33,12.268,32.873,237.26,685.55,107.51,63.849,220.1,414.593,296.841,33.953,18.9831,551.117,956.936,623.62,416.013,104.516
193.54,44338,27323,29156,4143.1,27323,374.81,348.32,74.492,376.74,12.118,32.592,234.9,674.22,110.2,62.623,218.68,412.153,295.514,34.0975,19.0507,547.599,947.832,606.186,410.269,106.855
195.19,44407,27425,29130,4153,27425,377.46,350.57,74.376,382,12.37,32.741,235.85,680.61,109.05,62.781,220.2,415.111,297.613,34.0869,19.0262,552.646,942.235,627.719,415.226,105.834
193.57,44143,27278,29123,4131.3,27278,373.59,347.76,73.835,378.92,12.162,32.324,235.41,677.1,109.22,62.401,218.79,411.261,294.731,34.2009,18.9336,547.686,944.952,617.041,412.215,106.021
193.69,44217,27206,29047,4121.1,27206,373.67,347.49,74.071,378.7,12.06,32.383,235.35,674.42,108.34,62.503,218.37,410.74,294.495,33.8701,18.9429,547.09,943.666,605.021,417.504,105.265
192.75,43933,27131,29075,4106.9,27131,371.35,344.93,73.974,376.39,11.984,31.982,234.86,668.9,109.38,61.615,217.5,408.97,291.342,34.2919,18.7741,541.897,931.59,609.591,410.227,106.205
196.06,44554,27546,29289,4173.6,27546,379.65,353.01,74.487,384.01,12.548,33.072,236.8,686.41,108.84,63.185,221.57,417.66,300.649,34.4409,19.1762,557.576,954.655,637.637,408.45,105.612
194.08,44467,27285,29307,4132.7,27285,374.37,348.16,73.749,380.49,12.159,32.633,237.53,682.33,108.17,63.758,218.78,411.48,296.115,34.159,18.9947,549.899,960.323,615.63,411.423,105.099
193.85,44157,27171,29051,4114.8,27171,375.06,347.41,74.728,377.36,12.055,32.44,233.87,669.22,108.78,61.672,218.89,412.812,293.131,34.1843,18.8735,544.077,933.286,606.446,410.992,105.663
194.59,44131,27326,29066,4138.4,27326,375.75,349.32,74.213,380.93,12.311,32.389,235.44,676.5,108.57,61.993,219.91,412.231,296.344,34.1704,18.9913,550.81,932.777,628.132,413.76,105.439
192.92,44190,27276,29118,4140.7,27276,373.75,347,74.653,374.6,12.072,32.387,233.8,669.25,110.28,61.967,218.05,411.445,295.487,34.2145,19.138,547.069,937.498,605.877,407.565,106.928
194.24,44207,27424,29111,4158.3,27424,375.75,349.38,74.517,378.85,12.318,32.485,234.71,675.06,110.23,62.012,219.44,413.342,297.382,34.2709,19.1153,551.621,935.026,624.509,410.427,106.86
193.23,44040,27244,29142,4125.3,27244,372.79,346.87,73.919,377.77,12.12,32.178,235.59,673.86,109.67,62.044,218.5,409.798,293.426,34.3405,18.8708,545.424,939.776,616.63,408.817,106.423
194.23,44125,27113,29245,4100.7,27113,374.13,347.47,74.316,379.78,12.042,32.402,236.09,672.61,107.44,62.096,219.22,410.319,292.43,34.5537,18.7543,543.948,946.652,607.693,404.924,104.509
195.16,44475,27415,29093,4162.6,27415,378.47,351.84,74.911,380.27,12.327,32.969,234.68,678.01,108.21,62.562,220.44,416.286,300.65,34.0095,19.3464,556.305,948.353,613.022,414.209,105.082
195.38,44489,27407,29334,4156.5,27407,378.41,351.85,74.576,381.8,12.381,33.003,236.45,682.54,107.89,63.008,221.08,415.731,299.838,34.5573,19.2261,555.438,959.36,624.249,403.977,104.812
193.98,44274,27279,29156,4135.2,27279,375.87,349.37,74.601,377.79,12.14,32.673,235.12,674.59,109.15,62.231,219.66,413.329,295.604,34.2881,19.0357,547.825,950.49,606.257,407.663,105.951
194.03,44298,27439,29135,4162.3,27439,375.79,350.22,74.279,378.7,12.292,32.649,235.65,679,110.19,62.51,219.64,413.955,298.057,34.1968,19.1707,552.362,950.881,617.032,410.992,106.819
192.6,44134,27113,29079,4108.1,27113,372.3,345.58,74.122,375.33,11.923,32.237,234.29,670.2,109.09,62.251,217.66,409.307,292.12,34.0087,18.8756,542.178,941.36,599.442,412.098,105.946
194.74,44303,27428,29192,4154.7,27428,376.41,350.72,74.295,380.86,12.325,32.696,235.84,680.12,109.63,62.537,220.17,414.117,297.256,34.3506,19.0322,551.801,952.032,620.455,409.623,106.344
193.58,44157,27169,28952,4117.6,27169,374.64,347.22,74.441,377.36,12.066,32.361,234.06,670.7,108.36,61.871,218.63,412.184,294.18,33.8476,18.9687,545.923,930.617,608.27,417.385,105.292
194.92,44321,27229,29350,4130.5,27229,377.18,350.75,74.771,380.11,12.197,32.897,235.68,676.99,106.57,62.319,220.81,414.37,298.098,34.8192,19.1895,552.04,962.637,609.164,398.118,103.691
193.49,44228,27358,29143,4146.3,27358,374.36,348.19,73.831,378.46,12.248,32.401,235.97,679.26,110,62.686,219.02,412.131,295.968,34.1665,19.0275,549.341,943.77,625.377,411.824,106.678
192.76,44149,27248,29139,4134.5,27248,373.16,346.41,74.213,375.38,12.098,32.258,234.93,671.89,109.84,62.21,218.08,410.327,295.037,34.2179,19.0849,546.849,936.234,614.884,408.219,106.556
193.31,44181,27230,29172,4121.3,27230,372.7,346.67,73.463,379.19,12.118,32.268,236.9,679.27,108.9,62.879,218.34,410.649,293.633,34.1872,18.8455,546.127,948.243,619.231,412.771,105.755
194.87,44287,27224,29166,4116.2,27224,375.29,348.75,73.943,382.59,12.175,32.572,236.59,679.85,107.27,62.761,219.52,413.462,294.45,34.2259,18.8014,548.06,950.394,616.382,414.363,104.333
193.66,44089,27126,29165,4100.4,27126,372.62,346.59,73.545,380.25,12.052,32.204,236.66,676.95,107.77,62.559,218.65,409.066,291.851,34.2295,18.6903,543.705,946.893,613.946,412.214,104.804
194.39,44138,27131,29107,4108.4,27131,375.48,348.87,74.492,379.63,12.075,32.546,234.73,673.06,106.93,61.805,219.83,412.686,294.349,34.3306,18.9179,546.611,946.842,603.902,409.424,104.043
194.39,44190,27229,29339,4124,27229,374.85,348.3,74.588,379.29,12.144,32.526,235.39,673.13,108.24,62.107,219.42,411.683,294.933,34.8174,18.949,547.584,948.659,613.256,399.259,105.172
194.43,44459,27368,29143,4147.4,27368,376.45,350.12,74.346,379.69,12.212,32.822,235.71,679.84,109.24,63.042,219.6,414.528,296.937,33.994,19.0594,550.55,955.818,609.757,414.478,106.014
193.97,44253,27260,29137,4127.4,27260,374.87,348.03,74.011,379.58,12.183,32.449,236.26,677.57,108.7,62.657,219.19,411.944,294.733,34.1186,18.9137,547.579,942.097,620.373,413.036,105.572
192.37,44115,27202,29188,4120.6,27202,371.9,345.14,74.133,374.5,11.984,32.176,235,670.18,110.84,62.232,217.47,409.209,291.636,34.3243,18.8321,541.31,939.645,608.066,405.692,107.462
195.15,44391,27347,29197,4144,27347,377.81,350.89,74.447,381.65,12.328,32.838,235.85,680.69,107.82,62.669,220.69,415.701,298.075,34.3367,19.1004,552.869,950.088,623.32,409.805,104.767
193.89,44183,27319,29137,4134.8,27319,373.93,347.83,74.208,378.82,12.153,32.378,235.3,674.43,110.15,62.268,218.59,411.572,293.922,34.2338,18.851,546.366,941.856,613.329,411.543,106.829
195.09,44276,27325,29083,4139.2,27325,376.26,350.64,74.406,381.84,12.239,32.672,235.61,677.61,107.8,62.336,219.96,413.449,297.371,34.0755,19.047,552.36,949.504,609.822,415.702,104.759
193.7,44179,27191,29044,4114.9,27191,373.3,346.88,73.788,379.6,12.082,32.279,235.8,675.92,108.24,62.571,218.31,410.643,293.516,33.8859,18.8353,546.051,940.17,612.54,418.715,105.192
193.31,43961,27100,29041,4096.7,27100,372.1,346.28,73.735,378.7,11.977,32.125,235.51,672.92,108.39,61.835,218.32,409.736,290.746,34.174,18.654,541.531,943.152,604.367,413.921,105.348
192.63,44270,27207,29179,4129.2,27207,373.2,347.17,74.108,375.13,12.003,32.465,235.46,674.41,109.25,62.787,218.25,409.937,295.121,34.0884,19.1091,546.483,954.926,600.161,408.554,106.046
193.88,44151,27147,29060,4108,27147,374.01,347.46,74.15,379.12,12.038,32.37,235.32,673.34,107.97,62.192,218.81,410.885,292.92,34.0297,18.8091,544.639,942.265,605.247,414.933,104.967
194.46,44570,27340,29298,4147.4,27340,376.95,349.77,74.248,379.95,12.26,32.907,236.68,682.62,108.08,63.585,219.82,414.897,298.552,34.2349,19.1983,552.864,958.27,620.304,408.982,104.993
193.29,44194,27192,29155,4119.3,27192,373.32,346.95,73.783,378.21,12.086,32.332,236.58,676.75,108.42,62.697,218.56,410.415,294.194,34.1417,18.9367,546.407,946.55,614.022,411.695,105.337
192.99,44309,27316,29242,4145,27316,374.07,347.64,74.158,375.96,12.141,32.502,235.58,676.33,110.16,62.843,218.6,411.371,296.024,34.288,19.1246,548.216,950.214,614.251,405.89,106.817
194.07,44228,27418,29258,4154.5,27418,374.68,349.36,74.247,379.05,12.257,32.539,236.25,677.6,110.46,62.408,219.3,412.571,296.414,34.5529,19.0252,550.153,952.576,617.324,405.05,107.067
194.34,44188,27297,28998,4132.8,27297,375.52,349.36,74.177,380.23,12.207,32.493,234.74,676.76,108.8,62.15,219.61,413.112,295.282,33.9472,18.9284,548.703,941.448,614.296,417.705,105.65
193.09,44159,27142,29013,4109.7,27142,374.19,345.93,74.388,376.01,12.021,32.302,234.15,669.92,109.4,61.958,218.31,412.024,291.752,33.9892,18.8079,541.586,928.296,611.651,413.68,106.213
192.78,44253,27251,29292,4127.1,27251,372.1,345.7,73.605,377.08,12.079,32.28,236.81,677.74,110,63.147,217.73,409.894,293.33,34.3562,18.8798,544.845,949.999,618.314,406.965,106.714
194.81,44252,27385,29183,4144.4,27385,375.77,349.94,73.826,382.57,12.359,32.521,236.78,682.57,108.73,62.759,220.12,412.78,296.678,34.2759,18.945,551.823,946.892,631.488,412.518,105.569
192.62,44196,27152,29030,4108.3,27152,372.02,345.21,73.852,376.1,11.929,32.21,235.09,672.41,109.97,62.662,217.3,409.29,290.73,33.7437,18.7174,540.446,940.355,601.765,418.116,106.718
193.98,44458,27308,29262,4143.9,27308,376.28,348.51,74.671,377.49,12.194,32.728,235.25,675.55,109.01,62.935,219.23,413.215,297.188,34.2684,19.1729,550.072,944.652,617.223,406.329,105.812
192.86,44290,27275,29217,4138.3,27275,373.11,346.83,74.091,375.85,12.067,32.457,235.9,675.27,109.85,62.78,217.91,411.888,295.478,34.2765,19.0959,547.448,951.674,607.85,407.697,106.564
192.8,44354,27336,29183,4142.3,27336,372.93,346.87,73.631,376.91,12.12,32.397,236.69,679.48,110.78,63.436,217.91,410.24,294.517,33.9227,18.9592,546.571,951.197,615.216,413.951,107.369
193.76,44430,27306,29172,4151.4,27306,376.48,349.84,74.825,376.3,12.149,32.861,234.63,674.99,108.45,62.6,219.46,414.456,299.389,34.1689,19.4025,552.879,954.921,602.377,407.579,105.311
192.92,44100,27129,29146,4109.3,27129,372.35,345.26,74.06,376.52,12.001,32.167,235.42,670.91,108.78,62.17,217.75,409.8,292.514,34.2683,18.8682,543.359,935.803,611.272,409.162,105.672
193.66,44205,27272,29133,4129.6,27272,374.32,347.64,74.144,378.27,12.148,32.393,235.32,675.13,109.59,62.398,218.85,411.522,294.037,34.1772,18.8927,546.139,940.652,616.47,411.263,106.351
194.87,44333,27354,29093,4148.1,27354,376.43,350.36,74.499,380.75,12.262,32.692,235.4,677.29,108.13,62.471,219.73,413.815,298.479,34.0408,19.1688,553.652,946.11,613.192,415.191,105.033
193.25,44122,27244,28988,4125.1,27244,373.49,347.38,74.048,377.39,12.073,32.288,234.96,673.43,109.89,62.137,218.46,410.656,293.117,33.8596,18.8534,544.611,939.278,607.297,417.152,106.619
193.45,44184,27153,29150,4108.2,27153,372.73,346.53,73.687,379.08,12.024,32.31,236.42,676.61,108.2,62.735,218.25,410.33,292.665,34.127,18.7885,544.404,949.461,608.62,413.486,105.162
194.91,44415,27317,29115,4143.3,27317,377.97,351.13,74.453,380.88,12.289,32.878,235.22,680.53,107.34,62.719,220.7,415.632,298.813,34.0724,19.1991,553.623,951.352,617.193,413.575,104.346
191.73,44106,27211,29085,4121.5,27211,370.4,344.4,73.712,373.79,11.927,32.036,235.22,671.25,111.53,62.561,216.65,407.42,290.951,33.9041,18.7974,540.39,940.717,603.057,413.39,108.059
193.26,44264,27266,29058,4135.2,27266,374.45,347.3,74.554,375.88,12.078,32.46,234.07,671.23,109.95,62.242,218.27,412.249,294.845,33.9717,19.0413,546.379,937.176,606.581,413.06,106.656
194.91,44371,27336,29105,4147.5,27336,377.18,350.54,74.758,380.13,12.253,32.788,234.74,676.1,107.88,62.37,219.95,414.808,298.851,34.1025,19.2245,553.713,945.432,611.773,413.168,104.816
193.42,44149,27148,29151,4108.5,27148,373.11,346.85,74.045,377.97,11.995,32.357,235.72,673.58,108.62,62.326,218.44,410.558,292.304,34.2452,18.7924,543.284,949.196,602.771,410.131,105.535
193.97,44256,27259,29154,4131,27259,375.04,348.13,74.29,378.78,12.17,32.485,235.61,675.34,108.6,62.464,219.12,412.075,295.586,34.1988,19.0141,548.541,941.203,616.869,410.692,105.473
194.64,44307,27331,29301,4141.2,27331,376.02,350,74.273,380.68,12.263,32.699,236.24,679.69,108.34,62.665,220.13,413.364,297.121,34.5873,19.0581,551.342,956.436,619.164,404.223,105.227
194.88,44419,27265,29256,4132.3,27265,376.4,349.95,74.319,381.32,12.206,32.789,236.07,679.76,106.96,63.043,219.96,413.208,297.595,34.2768,19.0991,552.104,957.029,612.781,409.654,104.034
193.12,44181,27269,29091,4131.2,27269,373.33,346.85,73.768,377.73,12.149,32.249,235.87,676.52,109.65,62.635,218.38,410.272,294.331,33.9815,18.9413,546.702,938.141,620.751,414.6,106.4
193.66,44138,27307,29094,4128.7,27307,373.73,347.62,73.984,378.79,12.147,32.293,235.43,675.29,110.66,62.301,218.75,410.549,292.256,34.1025,18.7111,543.846,940.023,615.871,413.538,107.287
195.57,44516,27291,29190,4134.3,27291,378.51,351.54,74.462,382.85,12.272,33.024,235.51,682.39,106.5,63.104,220.94,416.097,298.217,34.1369,19.0886,553.144,958.773,614.341,413.292,103.62
194.28,44258,27249,29084,4128.6,27249,375.87,349.29,74.156,380.05,12.198,32.571,235.28,677.98,107.8,62.484,219.84,412.9,296.104,34.0466,19.0191,549.633,945.478,616.01,414.313,104.78
194.11,44377,27246,29263,4127.3,27246,375.6,348.27,74.445,378.64,12.133,32.662,235.88,676.01,108.67,62.824,219.28,412.682,294.913,34.3466,18.9586,547.026,949.324,612.896,406.61,105.541
194.29,44236,27327,29099,4138,27327,375.69,349.14,74.495,379.14,12.202,32.541,235.2,674.63,109.69,62.171,219.48,412.721,294.977,34.1511,18.925,547.725,940.767,613.971,412.056,106.422
194.97,44527,27476,29262,4173.3,27476,378.06,352.17,74.545,380.55,12.391,33.015,236.42,682.89,108.53,63.143,220.65,415.685,301.784,34.296,19.4154,558.178,960.79,619.878,408.075,105.344
194.56,44261,27314,29199,4135.8,27314,376,350.12,74.114,380.93,12.244,32.665,236.29,680.32,108.43,62.531,220.23,413.8,296.094,34.3999,18.9664,549.872,955.786,616.926,408.827,105.323
193.87,44173,27221,28997,4122.8,27221,374.53,348.47,73.922,379.6,12.135,32.403,235.3,676.93,108.07,62.382,219.22,411.429,294.96,33.8343,18.948,548.057,943.505,611.307,418.732,105.021
193.84,44332,27404,29178,4159.7,27404,375.6,349.2,74.411,377.78,12.271,32.603,235.56,676.98,109.9,62.604,219.23,413.255,298.278,34.2247,19.2322,552.363,944.525,620.017,409.136,106.57
193.56,44249,27304,29032,4135.6,27304,374.32,347.7,74.04,378.24,12.158,32.39,235.02,676.03,109.87,62.575,218.58,411.793,294.557,33.8402,18.9295,547.046,938.298,615.815,417.805,106.584
193.28,44338,27305,29351,4136.8,27305,373.44,347.66,73.759,378.02,12.141,32.481,236.97,679.99,109.79,63.414,218.72,409.345,294.893,34.3532,18.9638,547.312,959.247,616.232,405.067,106.515
194.01,44263,27349,29227,4147.4,27349,375.19,348.97,74.783,377.42,12.173,32.588,234.88,672.35,110.04,62.169,219.11,412.028,296.257,34.4368,19.0853,549.054,945.994,608.692,404.545,106.711
193.3,43976,27095,29076,4092.6,27095,371.59,345.12,73.712,378.89,11.977,32.009,236.24,671.75,108.78,61.992,217.81,408.6,289.537,34.1689,18.5461,539.922,934.843,610.543,414.111,105.702
194.56,44382,27346,29206,4148.8,27346,376.53,350.11,74.442,379.89,12.265,32.755,235.56,678.75,108.2,62.732,219.88,414.164,298.639,34.2787,19.2108,553.348,951.288,616.85,409.391,105.094
193.56,44325,27249,29085,4132.6,27249,375.21,347.58,74.383,377.21,12.138,32.501,234.63,674.19,108.93,62.615,218.76,412.213,295.66,33.92,19.0732,547.984,936.218,615.451,414.067,105.766
194.89,44413,27330,29048,4140.2,27330,376.94,350.62,74.332,381.27,12.23,32.793,235.25,679.77,108.09,62.839,219.99,414.401,297.195,33.8069,19.0445,551.569,951.076,610.338,419.319,105.011
193.34,44196,27218,29088,4121.3,27218,373.63,347.13,74.054,377.64,12.067,32.341,235.26,674.18,109.36,62.489,218.49,410.174,293.258,33.9766,18.8644,544.754,941.937,609.253,414.006,106.161
194.71,44256,27174,29062,4110.1,27174,375.39,348.68,73.877,382.33,12.152,32.525,235.75,679.39,106.63,62.665,219.61,413.013,294.498,33.9664,18.831,548.036,946.352,615.115,418.728,103.775
193.4,44173,27285,29073,4139.2,27285,374.22,347.59,74.289,377.06,12.162,32.356,234.94,673.27,109.36,62.115,218.59,411.945,296.103,34.1137,19.1105,549.024,935.663,616.087,412.084,106.133
194.38,44388,27318,29128,4139.5,27318,376.28,350.19,74.28,379.82,12.187,32.775,236.08,679.48,108.62,62.858,219.85,413.761,296.597,34.0152,19.0428,550.079,956.845,607.81,413.985,105.484
194.16,44241,27236,29181,4124.1,27236,375.09,349.09,74.068,379.94,12.141,32.595,236.11,678.46,108.09,62.537,219.67,412.848,295.021,34.3184,18.932,547.879,956.016,610.01,409.648,105.041
192.2,43978,27037,29168,4091.7,27037,370.61,343.7,73.958,374.78,11.862,31.981,235.42,667.61,109.31,61.934,217.1,407.448,289.469,34.3684,18.691,538.181,936.571,603.307,405.971,106.172
194.59,44264,27454,29268,4163.2,27454,376.18,350.63,74.396,380.1,12.367,32.646,235.75,679.09,109.72,62.397,220.17,413.36,298.623,34.5843,19.1694,553.765,950.344,625.238,404.157,106.4
191.93,44163,27290,29179,4134.3,27290,370.63,344.72,73.695,374.35,12.005,32.099,235.69,673.33,112.01,62.775,216.7,408.423,292.051,34.121,18.8489,542.319,943.515,609.797,410.059,108.459
193.74,44234,27270,29117,4131.5,27270,374.25,348.54,74.173,378.37,12.094,32.532,234.98,675.93,109.15,62.428,218.87,412.422,294.95,34.1441,18.9683,547.441,953.343,603.376,412.297,105.958
194.07,44178,27300,29079,4131.9,27300,374.22,348.11,73.781,380.59,12.223,32.335,236.34,678.57,108.9,62.524,219.01,411.74,294.953,34.0499,18.8912,548.678,940.192,623.14,416.473,105.739
193.13,44138,27147,29141,4115.1,27147,373.27,346.74,74.285,376.4,11.998,32.35,235.15,671.25,108.52,62.106,218.35,410.538,293.778,34.2624,18.9725,544.974,944.675,602.671,408.182,105.434
192.64,44124,27204,29292,4120.3,27204,371.82,344.94,73.883,376.03,12.053,32.156,236.65,673.17,110.04,62.468,217.61,409.701,292.465,34.5885,18.8554,543.201,940.953,619.198,402.706,106.761
194.56,44349,27484,29078,4167.2,27484,376.25,350.57,74.212,380.51,12.361,32.65,236.04,680.53,109.96,62.71,219.65,414.231,298.79,33.9673,19.1618,554.313,945.467,622.744,416.901,106.61
195.74,44351,27469,29078,4158.2,27469,378.18,352.11,74.45,383.49,12.431,32.787,235.58,681.29,108.92,62.474,220.91,415.398,298.309,34.0645,19.0229,554.312,944.07,626.304,416.831,105.709
193.32,44243,27282,29175,4134.3,27282,373.3,346.67,74.161,377.21,12.105,32.355,235.16,673.9,109.93,62.565,217.94,411.299,294.508,34.212,18.9671,546.655,941.195,613.433,410.387,106.634
193.98,44198,27302,29008,4128.3,27302,374.24,348.6,73.66,380.66,12.177,32.381,236.25,679.69,109.46,62.68,219.14,411.273,293.55,33.784,18.7644,546.454,945.954,615.317,420.825,106.24
194.24,44376,27416,29209,4156.5,27416,376.17,350.04,74.249,379.38,12.293,32.714,235.96,680.33,109.81,62.86,219.79,413.984,297.578,34.2633,19.1119,551.659,952.608,620.343,409.355,106.489
194.59,44319,27261,29148,4128.2,27261,375.88,349.34,74.409,380.28,12.158,32.666,235.1,676.57,108.09,62.541,219.59,413.246,295.567,34.1653,18.9594,548.774,949.678,608.998,412.299,105.037
194.68,44322,27380,29344,4143.6,27380,375.04,349.51,73.712,382.42,12.319,32.584,238.04,684.12,108.74,63.212,219.79,412.366,296.558,34.5464,18.9399,551.495,958.302,628.791,406.815,105.584
192.79,44068,27255,29067,4129.5,27255,372.33,346.51,73.96,376.3,12.07,32.153,235.11,672.4,110.32,62.128,217.96,409.055,293.408,34.0501,18.9144,544.964,938.205,610.193,412.709,106.989
192.5,44108,27188,29116,4113.9,27188,371.79,344.86,73.897,375.64,11.992,32.093,234.75,671.34,110.72,62.379,217.41,408.601,290.581,34.0784,18.7095,540.244,934.678,611.694,411.556,107.365
195.4,44412,27236,29161,4124.4,27236,377.42,351.01,74.227,383.16,12.226,32.886,236.02,682.03,105.94,62.938,220.69,414.859,297.461,34.1282,19.0335,552.331,959.613,611.711,414.217,103.146
194.23,44391,27199,29163,4118.3,27199,375.84,348.52,73.929,380.47,12.156,32.658,236.23,680.81,107.26,63.163,219.63,413.429,295.2,34.0445,18.9402,548.101,951.253,617.428,414.184,104.32
194.39,44301,27211,29305,4118.9,27211,375.46,349.1,73.925,380.99,12.174,32.648,237.2,681.11,107.3,62.954,220.08,412.391,295.128,34.5066,18.9133,548.232,960.137,617.216,405.504,104.355
194.48,44204,27209,29201,4115.2,27209,374.51,349.05,73.792,381.83,12.138,32.521,236.98,680.06,107.38,62.689,219.7,411.48,294.321,34.3167,18.8212,547.679,958.73,610.79,411.087,104.427
194.3,44114,27172,29101,4114.6,27172,375.54,348.52,74.465,379.44,12.139,32.459,235.37,672.96,107.58,61.732,219.79,412.65,294.405,34.3518,18.9171,546.8,938.693,613.466,409.191,104.609
194.3,44246,27299,29107,4132.8,27299,374.73,348.14,74.132,380.28,12.196,32.45,235.97,676.6,108.86,62.46,218.86,413.024,295.192,34.1323,18.9201,548.71,940.306,618.278,414.936,105.7
194.32,44421,27416,29079,4161.8,27416,376.84,350.68,74.556,378.74,12.268,32.812,234.71,678.3,109.35,62.686,219.7,414.982,299.196,33.9388,19.2729,553.807,950.319,611.225,414.951,106.084
192.96,44170,27167,29096,4114.6,27167,372.83,346.03,73.905,376.98,12.03,32.229,235.66,673.52,109.03,62.558,218.05,409.217,292.859,33.9632,18.8699,544.022,938.693,611.14,413.864,105.882
193.91,44290,27189,29257,4123.6,27189,375.81,348.49,74.672,377.43,12.106,32.652,235.25,673.38,107.94,62.348,219.64,412.32,295.638,34.4806,19.0789,547.582,948.588,609.399,402.562,104.911
194.39,44201,27209,29248,4122.2,27209,374.68,348.62,74.254,380.2,12.132,32.56,236.28,676.19,107.29,62.261,219.36,413.151,295.844,34.608,19.0061,549.344,954.154,609.862,405.551,104.334
194.83,44471,27434,29135,4153.9,27434,376.8,350.26,73.71,382.74,12.395,32.719,236.66,686.68,108.8,63.519,220.04,415.024,297.987,33.913,19.033,553.596,949.404,634.276,419.013,105.611
194.21,44287,27276,29273,4137.5,27276,375.35,348.39,74.62,378.55,12.191,32.57,235.8,673.85,108.3,62.376,219.19,412.424,297.055,34.5277,19.1426,550.61,943.391,616.726,403.946,105.204
195.9,44377,27341,29177,4145.9,27341,378.95,352.64,75.172,381.93,12.292,33.03,234.39,676.23,107.08,62.035,221.24,416.328,299.367,34.4277,19.2028,554.682,954.431,606.928,407.581,104.11
194.12,44318,27287,29191,4138.6,27287,375.67,348.66,74.483,378.59,12.196,32.605,235.25,675.5,108.48,62.511,219.29,413.161,296.957,34.2861,19.128,550.411,943.774,616.276,408.657,105.356
194.21,44437,27293,29265,4136.5,27293,375.87,348.46,74.6,378.49,12.163,32.69,235.43,675.41,109.01,62.97,219.15,412.173,295.846,34.2381,19.0295,548.47,946.396,613.694,407.621,105.831
195.09,44550,27310,29161,4135.3,27310,377.61,350.36,74.284,381.94,12.248,32.895,236.18,682.04,107.66,63.446,220.19,414.356,296.898,33.8764,18.9992,551.043,952.908,616.747,416.934,104.646
195.19,44359,27420,29207,4155.9,27420,376.95,351.9,74.428,381.8,12.311,32.865,236.09,680.97,108.54,62.621,220.5,414.765,298.852,34.3556,19.1416,554.385,961.973,611.553,409.747,105.381
194.01,44327,27284,29273,4136.8,27284,375.22,348.77,74.224,378.92,12.187,32.621,235.88,678.04,108.46,62.818,219.42,412.387,296.632,34.4134,19.0897,550.004,953.15,615.974,405.901,105.339
194.2,44378,27333,29084,4147,27333,376.76,349.53,74.719,378.06,12.214,32.721,234.32,675.02,109.1,62.442,219.54,414.356,297.418,34.0019,19.1673,550.737,941.408,612.832,413.083,105.888
194.19,44374,27305,29082,4139.9,27305,376.2,348.94,74.335,379.17,12.218,32.639,235.19,677.48,108.56,62.732,219.37,413.945,296.906,33.9329,19.0981,550.501,941.324,617.989,415.795,105.427
193.07,44217,27183,29179,4121,27183,373.37,346.59,73.981,376.95,12.063,32.353,235.99,674.94,108.58,62.647,218.37,410.52,294.473,34.1965,19.0036,546.282,944.836,612.601,409.335,105.476
194.8,44158,27243,29231,4115.9,27243,374.74,348.78,73.502,383.72,12.265,32.395,237.37,682.79,107.39,62.728,220.03,411.71,294.035,34.4476,18.7257,548.151,949.616,630.326,410.824,104.435
193.92,44366,27278,29144,4134.5,27278,376.01,348.91,74.733,377.21,12.103,32.733,234.39,673.73,109.55,62.452,219.25,413.779,295.011,34.1473,19.0008,546.558,949.039,603.302,409.462,106.306
192.33,43987,27039,29049,4087.5,27039,370.41,344.15,73.512,376.47,11.86,31.97,235.66,671.38,109.03,62.236,217.15,407.507,288.911,33.987,18.5885,538.054,940.75,601.186,415.128,105.93
194.5,44236,27185,29253,4117.6,27185,375.33,348.57,74.197,380.4,12.155,32.575,236.54,677.28,106.96,62.45,219.74,413.006,295.547,34.5443,18.9803,548.785,951.034,615.937,405.742,104.058
192.94,43982,27192,29096,4118.1,27192,371.9,346.26,73.772,377.41,12.066,32.055,235.28,672.8,109.21,62.012,218.14,408.093,293.083,34.1879,18.8731,544.968,938.024,613.191,411.225,106.033
195.88,44330,27417,29194,4150.4,27417,377.52,351.99,74.33,384.31,12.392,32.804,236.53,682.19,107.78,62.552,220.88,415.168,298.604,34.3824,19.0405,555.036,953.779,622.773,411.846,104.723
195.02,44482,27406,29326,4152.7,27406,377.1,350.98,74.13,382.04,12.349,32.873,236.64,684.51,108.35,63.391,220.49,414.238,298.571,34.4001,19.112,553.884,961.305,624.863,407.47,105.221
195.31,44369,27304,29104,4138.1,27304,378.53,351.16,74.736,381.39,12.3,32.861,234.98,677.95,107.34,62.309,220.92,415.993,297.915,34.174,19.1078,552.38,944.155,618.773,412.44,104.351
194.09,44089,27232,29102,4121.9,27232,374.47,348.76,73.877,380.43,12.178,32.379,236.02,677.69,108.09,62.128,219.66,411.681,294.61,34.2656,18.887,547.843,946.857,616.443,411.963,105.046
193.18,44140,27199,29073,4113.6,27199,372.32,346.44,73.375,379.16,12.069,32.187,236.59,678.31,109.04,62.808,218.18,409.454,292.264,33.9068,18.7389,544.119,945.433,614.566,417.827,105.895
192.42,43934,27225,29043,4119.8,27225,370.49,345.22,73.501,376.65,12.03,31.908,235.62,672.73,110.65,62.027,217.3,407.717,291.423,34.0707,18.7457,542.504,936.558,612.088,414.467,107.294
193.93,44295,27228,29164,4127.9,27228,375.74,348.53,74.636,377.6,12.11,32.637,234.68,673.45,108.58,62.301,219.36,413.157,295.344,34.269,19.0363,547.324,945.792,607.785,407.845,105.462
194.61,44352,27354,29205,4145.3,27354,375.59,349.31,74.087,381.18,12.285,32.605,236.33,680.3,108.31,62.927,219.44,413.293,297.706,34.2315,19.0892,552.749,947.868,623.491,412.206,105.199
194.85,44425,27391,29109,4149.2,27391,376.68,350.49,74.184,381.52,12.293,32.754,235.64,681.45,108.73,63.033,219.89,414.231,297.601,33.9223,19.0529,552.468,950.699,618.02,417.527,105.56
193.48,43933,27165,29080,4108.1,27165,372.59,346.7,73.706,379.3,12.1,32.066,235.94,674.05,108.6,61.801,218.77,409.175,292.053,34.2834,18.7291,543.948,936.645,617.854,411.751,105.517
194.84,44341,27314,29192,4136.8,27314,376.6,350.18,74.312,381.2,12.251,32.726,235.98,679.49,108.08,62.684,220.18,413.839,296.694,34.2725,19.0087,550.794,951.836,617.036,410.625,105.013
194.11,44230,27164,29230,4111.1,27164,374.53,347.11,74.253,379.47,12.102,32.432,235.75,674.27,107.84,62.462,218.96,411.501,293.508,34.4061,18.8413,545.495,941.315,616.313,407.583,104.839
194.8,44506,27349,29153,4148.6,27349,377.57,350.7,74.346,380.76,12.291,32.911,235.4,681.91,107.71,63.17,220.18,415.479,299.107,34.0045,19.2186,554.046,954.052,618.1,414.173,104.667
193.74,44099,27376,29013,4146,27376,373.49,349.09,73.652,379.9,12.225,32.308,235.92,679.21,109.88,62.332,218.98,410.999,295.83,33.9425,18.9683,550.081,948.157,614.732,418.262,106.578
193.54,44307,27284,28940,4132.8,27284,375.18,347.93,74.091,377.96,12.148,32.472,234.57,676.44,109.68,62.653,218.8,412.833,294.449,33.5703,18.9329,546.513,936.184,614.698,422.221,106.423
192.76,43876,27148,28998,4108.3,27148,371.08,345,73.968,376.39,11.982,31.911,234.63,667.88,109.83,61.387,217.39,408.555,290.921,34.1553,18.7342,541.449,928.254,607.715,413.269,106.597
195.46,44481,27413,29123,4154.4,27413,378.18,351.74,74.571,382.18,12.335,32.946,235.95,681.03,108.22,62.853,220.52,416.19,298.98,34.034,19.1397,554.487,952.29,616.285,415.772,105.106
194.88,44163,27241,29138,4122.7,27241,375.84,348.91,74.266,381.76,12.251,32.45,235.96,676.21,107.45,62.084,219.93,412.687,295.375,34.3449,18.9054,549.349,936.359,625.015,411.235,104.477
193.82,44333,27360,29295,4150.7,27360,375.13,348.68,74.27,378.13,12.243,32.599,236.17,678,109.5,62.791,219.22,412.844,297.417,34.4948,19.1596,551.074,950.219,621.412,404.21,106.232
194.54,44341,27420,29107,4155.9,27420,375.76,350.04,74.034,381.06,12.327,32.578,235.88,680.88,109.12,62.929,219.58,412.429,298.195,33.925,19.1154,553.651,945.659,623.235,417.162,105.889
194.92,44318,27213,29140,4119.6,27213,376.22,349.34,74.27,381.73,12.171,32.688,235.99,678.27,106.82,62.561,219.82,414.543,295.784,34.2122,18.9463,549.53,949.767,612.621,413.537,103.925
192.4,43931,27102,28997,4101.7,27102,371.69,345.79,73.743,375.87,11.942,32.063,235.41,671.4,109.41,61.744,218.1,408.853,290.592,34.0529,18.7318,540.283,941.063,602.501,413.167,106.243
193.93,44151,27148,29214,4111.2,27148,373.98,348.35,73.798,380.14,12.092,32.454,236.59,678.4,106.85,62.524,219.51,410.877,294.806,34.4018,18.9395,547.799,957.761,609.61,408.046,103.971
193.85,44173,27395,29099,4157.1,27395,375.02,349.41,74.489,377.74,12.243,32.498,234.75,674.37,110.08,61.91,219.2,413.17,297.65,34.2826,19.185,551.624,942.967,613.789,409.618,106.729
194.42,44486,27342,29134,4153.5,27342,377.54,349.81,74.796,378.39,12.262,32.844,234.35,676.56,108.19,62.751,219.67,415.562,299.656,34.04,19.3462,554.112,942.267,617.306,412.177,105.08
194.62,44354,27294,29307,4137.9,27294,376.05,349.26,74.392,380.29,12.235,32.724,236.62,678.53,107.75,62.681,219.72,414.652,297.548,34.6227,19.1196,551.749,953.186,619.246,404.194,104.713
193.44,44268,27238,29243,4127.8,27238,373.18,346.66,74.002,378.05,12.1,32.363,236.35,675.5,108.83,62.874,218.12,410.163,294.935,34.2642,18.9921,547.564,945.452,614.732,408.933,105.688
194.14,44207,27157,29237,4111.6,27157,374.93,348.05,74.459,378.92,12.071,32.529,235.55,673.3,107.81,62.232,219.41,411.462,293.714,34.4831,18.8769,545.407,948.273,607.577,404.945,104.816
192.98,44013,27068,28962,4097.7,27068,372.29,345.56,73.875,377.33,11.959,32.1,235.12,670.95,107.94,61.888,217.91,409.761,291.82,33.8972,18.8029,542.664,933.757,605.407,417.649,104.949
194.78,44240,27394,29065,4148.7,27394,375.47,349.63,73.96,382.18,12.342,32.458,235.94,680.11,108.7,62.553,219.53,412.889,297.488,34.0027,19.0286,553.175,939.168,627.786,418.355,105.534
195.67,44649,27464,29291,4160.4,27464,378.85,352.11,74.211,383.65,12.438,33.059,237.02,687.47,108.19,63.868,221.05,415.505,299.634,34.1224,19.1278,555.83,959.482,630.444,412.644,105.063
193.77,44329,27328,29198,4140.5,27328,374.08,348.46,73.696,379.72,12.198,32.491,237.2,681.21,109.07,63.263,218.91,410.861,296.167,34.0509,19.0133,550.03,954.1,617.635,413.557,105.876
194.11,44441,27392,29204,4153.3,27392,376.58,349.86,73.996,379.64,12.321,32.723,236.34,683.15,109.25,63.309,220.02,413.679,297.848,34.0942,19.1338,552.048,951.296,627.796,411.625,106.005
193.34,44429,27254,29225,4134.6,27254,374.98,347.76,74.177,376.94,12.111,32.652,235.76,677.81,108.88,63.192,218.79,412.78,296.066,34.1328,19.1126,548.235,952.406,612.108,409.222,105.719
194.59,44247,27226,29191,4119.7,27226,375.1,348.73,74.212,380.96,12.146,32.545,236.46,676.69,107.81,62.508,219.47,412.038,294.546,34.3021,18.8625,547.639,949.197,611.82,410.611,104.8
194.88,44180,27326,29015,4134.1,27326,375.76,349.75,74.225,381.8,12.251,32.495,235.58,677.02,108.69,62.078,219.76,413.334,295.313,34.0263,18.8711,549.421,939.996,617.038,417.921,105.552
193.96,44225,27363,29099,4148.5,27363,375.12,348.51,74.493,378.13,12.231,32.449,234.53,673.69,110.03,62.15,218.95,412.41,296.312,34.1483,19.0661,549.69,935.089,618.588,411.797,106.703
193.13,44289,27228,29063,4123.3,27228,373.4,346.56,73.962,377.17,12.04,32.379,235.45,675.12,109.67,62.843,217.94,411.043,293.201,33.8015,18.8707,544.464,942.72,607.86,417.444,106.43
192.72,44169,27194,29233,4121.4,27194,372.16,345.72,73.805,376.45,12.049,32.214,236.15,674.56,109.29,62.718,217.87,408.856,293.631,34.2953,18.9465,545.103,944.402,614.687,407.144,106.102
194.06,44540,27380,29121,4158.8,27380,377.12,350.17,74.309,378.53,12.277,32.852,235.75,681.26,108.63,63.362,219.74,414.509,299.825,33.7985,19.3447,554.5,950.904,618.063,415.772,105.454
192.73,44088,27189,29114,4116.3,27189,371.88,345.77,73.625,377.08,12.033,32.15,236.12,674.97,109.52,62.431,217.82,409.795,292.412,34.1511,18.8232,543.588,943.265,612.247,412.292,106.307
193.64,44489,27388,29203,4150.5,27388,375.08,348.76,73.688,379.11,12.235,32.67,236.54,684.16,109.91,63.748,219.02,413.064,296.565,33.9368,19.0425,550.07,957.143,621.153,414.857,106.597
193,44254,27355,29164,4146.4,27355,373.52,347.05,74.305,375.72,12.128,32.362,234.84,672.99,111.53,62.556,218.04,410.279,294.279,34.1168,18.9709,545.788,939.847,613.033,409.506,108.015
194.8,44427,27397,29305,4154.4,27397,376.35,350.25,74.049,381.7,12.354,32.749,236.88,683.53,108.04,63.244,220.01,414.059,299.378,34.4165,19.2007,555.291,955.924,627.956,408.146,104.949
194.83,44410,27295,29178,4133.8,27295,376.3,349.51,74.134,381.73,12.244,32.695,236.26,680.64,107.58,63.089,219.75,413.471,296.874,34.0772,19.015,551.347,949.29,619.74,414.562,104.573
193.54,44163,27237,29158,4128.9,27237,374.27,347.89,74.083,378.07,12.152,32.395,235.56,675.67,108.59,62.298,219.11,411.466,295.445,34.3025,19.0339,548.195,944.122,616.557,408.628,105.47
193.34,44063,27328,29002,4134.7,27328,373.41,347.99,73.869,378.12,12.148,32.261,235.37,675.64,110.96,62.01,218.74,411.309,292.868,34.0179,18.7808,544.681,941.992,612.607,415.84,107.537
193.78,44361,27371,29108,4156.5,27371,376.01,348.64,74.743,376.72,12.232,32.606,234.43,673.47,109.88,62.417,218.92,413.584,298.027,34.0497,19.2544,551.482,935.194,617.604,411.377,106.552
193.66,44013,27235,29087,4123.1,27235,372.83,347.57,73.952,379.03,12.105,32.21,235.5,673.75,108.95,61.872,218.59,410.129,293.882,34.2623,18.8733,546.641,942.951,609.803,411.979,105.796
195.79,44488,27414,29250,4151.5,27414,378.79,352.45,74.422,383.55,12.394,33.016,236.57,684.31,107.83,63.06,221.38,416.052,298.8,34.3364,19.076,554.494,959.458,623.456,409.885,104.766
195.53,44474,27329,29120,4142.2,27329,378.58,351.45,74.433,382.85,12.341,32.916,235.8,682.01,106.7,62.943,220.89,415.88,299.184,34.0034,19.1634,554.908,948.721,622.443,416.182,103.779
194.65,44258,27372,29295,4139.9,27372,374.89,349.02,73.831,382.11,12.31,32.474,237.77,681.47,109.22,62.9,219.63,411.666,295.362,34.4946,18.8501,549.692,949.325,630.136,407.892,106.011
193.97,44395,27353,29097,4147.3,27353,375.19,348.66,74.012,379.37,12.226,32.588,235.65,679.82,109.06,63.077,218.85,413.539,297.288,33.8781,19.1121,551.455,945.992,618.571,417.658,105.851
194.54,44228,27182,29223,4112.2,27182,375.39,348.34,74.088,381.18,12.17,32.512,236.44,677.73,107.25,62.526,219.79,412.32,294.153,34.4207,18.8342,546.989,946.121,620.23,408.493,104.321
193.41,44145,27223,28961,4121.4,27223,373.93,347.16,74.126,377.66,12.076,32.315,234.51,673.09,109.52,62.079,218.45,411.92,293.038,33.8397,18.843,544.467,935.434,609.304,418.414,106.302
193.18,44455,27312,29279,4147.6,27312,374.6,347.46,74.362,375.92,12.133,32.631,235.43,676.15,109.6,63.213,218.31,412.248,297.223,34.2217,19.229,549.831,949.956,613.17,406.502,106.327
193.8,44246,27199,29207,4119,27199,374.81,347.88,74.103,378.79,12.128,32.476,235.95,676.48,108.26,62.652,219.37,410.979,294.234,34.2674,18.9141,546.307,946.368,616.138,408.344,105.2
193.8,44156,27300,29035,4134.8,27300,374.55,347.85,74.515,377.7,12.137,32.392,234.39,671.46,110.13,61.819,218.63,412.751,294.164,34.1144,18.9138,546.206,934.398,610.759,413.399,106.814
194.6,44476,27306,29136,4141.7,27306,377.44,349.6,74.683,379.32,12.232,32.816,235.05,676.97,108.13,62.838,219.78,414.836,297.746,34.0051,19.1613,551.469,942.688,616.783,413.27,105.042
194.46,44446,27303,29279,4135,27303,376.34,349.34,74.276,380.07,12.209,32.771,236.18,680.01,108.62,63.172,219.81,413.423,295.852,34.3018,18.973,548.904,954.924,617.17,408.1,105.49
194.91,44435,27338,29165,4147.8,27338,377.3,350.97,74.637,380.38,12.245,32.89,235.24,678.51,107.69,62.729,220.15,414.866,299.114,34.1476,19.2362,554.03,954.829,609.474,411.729,104.651
192.71,44066,27140,29054,4112.9,27140,372.67,345.96,74.124,375.64,11.987,32.206,234.4,670.49,109.13,61.919,218.01,410.294,292.727,34.1153,18.9106,543.294,937.668,605.401,411.324,105.977
193.81,44253,27278,29208,4136.8,27278,374.87,348.47,74.222,378.41,12.189,32.5,235.9,676.37,108.6,62.57,219.28,411.366,296.56,34.2963,19.1046,549.931,946.306,617.231,407.612,105.464
192.79,44157,27231,29198,4125.3,27231,372.03,345.78,73.907,376.12,12.036,32.214,235.46,673.41,110.18,62.549,217.66,409.352,292.997,34.2653,18.8904,544.087,943.901,610.962,408.119,106.874
194.09,44265,27246,29168,4130.2,27246,375.33,349.06,74.553,378.34,12.101,32.671,234.64,674.46,108.45,62.203,219.32,413.909,295.753,34.3679,19.0429,548.303,953.862,602.184,407.845,105.342
193.32,44169,27136,29213,4111.2,27136,373.15,346.57,74.17,377.31,12.009,32.341,235.74,672.48,108.2,62.396,218.39,409.589,293.472,34.3321,18.9202,544.841,946.231,606.033,406.825,105.156
193.86,44093,27184,29125,4115.9,27184,374.08,347.57,74.388,378.37,12.077,32.345,235.14,671.38,108.55,61.83,218.93,410.884,293.453,34.3296,18.8682,545.253,939.751,608.33,408.866,105.456
193.5,44138,27204,28961,4116.4,27204,372.73,347.09,73.85,378.84,12.016,32.286,235.18,674.44,108.96,62.306,217.97,411.03,292.868,33.7647,18.7996,544.86,944.581,600.707,421.505,105.819
194.19,44429,27364,29224,4148.1,27364,375.6,349.2,74.568,378.42,12.17,32.742,235.5,676.32,109.81,62.879,219.01,413.285,296.482,34.2066,19.0642,549.541,953.175,607.462,409.411,106.508
194.08,44364,27317,29191,4141.7,27317,375.43,349.27,74.265,378.98,12.178,32.681,235.79,678.25,108.82,62.847,219.32,413.108,296.835,34.1799,19.0942,550.334,954.503,610.389,410.663,105.652
194.9,44459,27360,29178,4144.5,27360,376.89,350.03,74.323,381.27,12.276,32.787,236.12,680.53,108.48,63.077,219.85,414.524,297.284,34.0852,19.0418,551.712,949.647,619.498,414.039,105.348
194.01,44236,27218,29072,4123.9,27218,375.15,348.03,74.597,378.1,12.091,32.509,234.32,671.8,108.62,62.097,218.92,412.518,294.597,34.0756,18.9622,546.656,938.724,606.539,412.876,105.51
192.23,43945,27226,29080,4130.5,27226,371.93,345.71,74.199,373.97,12.051,32.052,234.24,668.46,110.59,61.461,217.77,409.552,293.648,34.3485,19.0214,544.526,931.812,611.773,406.31,107.22
193.58,44328,27354,29199,4146.7,27354,374.66,348.33,74.003,378.17,12.212,32.535,236.1,679.1,109.88,62.936,218.93,412.584,296.242,34.1983,19.0593,549.408,949.331,619.606,410.266,106.575
194.37,44414,27295,29176,4133.5,27295,376.05,348.96,74.126,380.28,12.207,32.694,236.34,680.16,108.48,63.076,219.51,414.055,295.802,34.102,18.9671,549.074,949.877,618.382,413.393,105.371
194.11,44118,27184,29288,4111.7,27184,373.8,347.73,74.037,380.08,12.102,32.407,236.89,675.89,108.1,62.23,219.24,411.376,293.117,34.7092,18.7824,545.251,952.554,612.967,403.407,105.067
194.6,44398,27380,29143,4152.3,27380,376.49,350.58,74.414,380.09,12.253,32.787,235.22,679.23,108.75,62.775,219.8,414.268,298.336,34.0862,19.1666,553.004,954.131,611.384,413.296,105.572
194.42,44150,27209,29198,4116.5,27209,374.33,348.53,74.159,380.69,12.115,32.46,236.22,675.6,107.89,62.22,219.35,411.394,294.007,34.4335,18.8321,546.875,951.043,608.637,408.661,104.881
193.55,44290,27304,29255,4141,27304,374.56,347.84,74.689,376.31,12.111,32.562,234.87,672.03,110.1,62.343,218.6,412.174,295.416,34.4666,19.0627,547.281,946.81,607.651,403.388,106.773
193.26,44254,27199,29236,4118.7,27199,373.21,346.42,73.963,377.59,12.053,32.377,235.92,675.45,109.09,62.827,218.23,410.49,293.25,34.2826,18.8702,544.609,947.579,612.205,408.252,105.932
195.74,44389,27351,29098,4147,27351,378.82,352.53,74.388,383.61,12.392,32.914,235.67,682.94,106.32,62.638,221.47,415.994,300.316,34.0873,19.231,557.02,951.627,622.823,415.465,103.44
194.79,44564,27331,29214,4140.2,27331,377.18,349.93,74.249,381.05,12.246,32.884,236.53,682.18,108.17,63.546,219.9,414.439,297.097,33.9939,19.0391,551.066,954.479,618.087,414.248,105.084
192.44,44021,27184,29083,4116.4,27184,371.74,344.89,74.137,374.87,11.991,32.041,234.87,668.34,110.67,61.851,217.39,408.702,291.204,34.1682,18.792,541.019,929.887,609.936,409.871,107.321
193.18,44195,27182,28986,4110.9,27182,372.3,345.91,73.444,379.01,12.033,32.183,236.07,677.07,108.94,62.909,217.69,409.737,292.033,33.6087,18.7299,543.724,939.966,611.643,423.692,105.811
194.6,44411,27431,29066,4164.2,27431,377.63,350.83,74.769,379,12.317,32.832,234.69,677.25,109.35,62.405,219.94,416.353,299.507,34.0301,19.2854,554.302,943.514,616.644,414.092,106.077
193.04,44097,27153,29061,4114.3,27153,373.11,345.85,74.273,376.27,12.025,32.2,234.23,669.65,109.02,61.936,217.99,410.274,292.985,34.0977,18.9084,543.951,930.873,610.35,411.936,105.874
192.26,44147,27171,29067,4113.7,27171,371.88,344.5,74.005,374.61,11.957,32.118,234.47,670.15,110.76,62.389,217.13,409.158,290.695,33.9312,18.7576,539.946,932.229,608.655,413.56,107.402
193.74,44097,27198,29087,4119.3,27198,373.76,347.42,74.161,378.63,12.094,32.323,235.58,673.2,108.38,61.943,218.71,411.719,294.166,34.2464,18.9192,546.571,940.435,610.502,411.753,105.305
194.22,44392,27316,29278,4136.2,27316,375.07,348.89,74.117,379.84,12.166,32.696,236.86,679.81,109.07,63.094,219.2,413.295,295.451,34.3626,18.9448,548.477,959.574,611.756,408.299,105.886
192.91,44230,27157,29338,4118,27157,372.65,345.47,74.294,375.67,12.002,32.342,236.06,671.36,108.91,62.585,217.78,409.816,293.802,34.5928,18.9947,544.734,945.605,609.824,400.552,105.77
193.93,44408,27398,29234,4156.5,27398,375.85,349.52,74.439,377.89,12.231,32.742,235.7,678.17,110.04,62.862,219.35,413.91,297.534,34.2939,19.1618,550.956,953.829,614.13,407.432,106.698
193.89,44185,27306,29032,4136.8,27306,374.8,348.26,74.424,378.19,12.163,32.418,234.42,672.97,109.74,62.022,218.85,412.311,294.937,34.0213,18.9634,547.562,935.921,612.29,414.715,106.471
194.85,44297,27243,29296,4129.7,27243,376.74,349.43,74.652,380.37,12.237,32.7,235.8,675.98,107.13,62.318,220.22,413.862,297.142,34.666,19.0977,551.027,946.53,620.619,402.338,104.188
194.99,44448,27476,29168,4167.8,27476,377.38,351.5,74.351,381.31,12.388,32.846,235.89,682.33,109,62.964,220.28,415.255,300.108,34.1269,19.2488,556.224,952.766,622.639,413.387,105.767
192.82,44152,27232,29153,4124,27232,372.18,346,73.819,376.75,12.051,32.2,235.82,674.22,110.04,62.587,217.79,409.158,292.885,34.1306,18.8601,544.182,942.548,611.988,411.197,106.752
194.52,44265,27301,29212,4134.5,27301,375.45,349.56,74.25,380.48,12.202,32.618,235.97,677.96,108.48,62.516,219.73,412.745,295.934,34.3761,18.9729,549.592,953.333,612.992,408.731,105.366
193.34,44259,27417,29109,4156.1,27417,373.38,348.17,73.543,378.85,12.258,32.338,236.55,681.14,110.43,63.074,218.46,410.777,296.783,33.9081,19.071,551.133,946.679,623.562,416.92,107.035
192.57,44006,27040,29065,4089.2,27040,371.19,344.64,73.853,376.17,11.86,32.07,235.1,669.64,108.93,62.007,217.43,408.465,289.35,34.0977,18.6332,538.4,940.54,598.336,412.586,105.838
193.72,44292,27191,29209,4123.5,27191,374.85,347.62,74.374,377.76,12.096,32.546,235.59,674.43,107.9,62.548,218.93,412.328,295.646,34.3142,19.0726,548.016,945.967,611.277,407.4,104.872
195.09,44367,27229,29205,4125.8,27229,377.09,350.3,74.471,381.55,12.198,32.841,235.98,678.85,106.48,62.586,220.37,415.275,297.234,34.3735,19.0697,551.409,955.832,611.167,409.372,103.614
193.27,44284,27195,29185,4119.4,27195,373.72,346.74,74.113,377.18,12.041,32.43,235.39,674.59,109.06,62.8,218.35,410.599,293.465,34.1205,18.9022,544.669,946.155,608.823,410.354,105.905
194.95,44262,27389,29049,4152,27389,376.84,351.3,74.379,381.34,12.321,32.678,235.12,678.89,108.38,62.257,220.38,413.954,298.596,34.038,19.1485,554.098,947.029,616.437,415.767,105.249
193.84,44388,27361,29275,4145.6,27361,374.03,348.17,73.885,379.36,12.198,32.533,237.06,680.17,109.65,63.371,218.59,411.07,296.181,34.1937,19.0145,549.893,954.209,617.57,410.509,106.373
193.44,44228,27285,29060,4131,27285,373.7,347.5,73.88,378.35,12.122,32.365,235.59,676.72,109.83,62.662,218.45,411.24,293.911,33.8957,18.8767,546.137,943.399,612.814,416.992,106.553
194.28,44194,27195,29119,4114.4,27195,374.22,347.64,73.816,381.25,12.153,32.362,236.3,677.81,107.43,62.589,219.01,411.56,294.262,34.122,18.843,547.628,941.997,619.281,415.359,104.471
193.73,44375,27267,29195,4130,27267,374.77,347.92,74.033,378.66,12.135,32.565,235.99,678.38,109.07,63.133,218.9,411.827,294.747,34.0672,18.9395,547.062,949.825,614.398,412.113,105.896
194.08,44361,27327,29114,4145.5,27327,376,349.21,74.327,378.8,12.23,32.635,235.24,677.65,108.72,62.743,219.42,413.279,297.605,33.9971,19.1644,551.514,944.121,617.36,413.796,105.56
193.76,44374,27253,29125,4124.6,27253,375.11,348.08,74.046,378.69,12.106,32.602,235.94,678.34,109.33,63.036,219.04,412.7,293.545,33.938,18.8363,545.075,949.985,610.87,414.998,106.127
193.57,44070,27244,29058,4123.6,27244,372.74,347.24,73.891,378.92,12.091,32.223,234.95,674.28,109.26,62.096,218.28,410.486,293.516,34.1072,18.8419,546.034,942.254,609.268,415.007,106.071
192.9,44142,27159,29061,4110.8,27159,372.26,346.07,73.642,377.55,12.001,32.211,235.78,675.24,109.01,62.615,217.93,409.505,292.209,33.9021,18.7982,543.308,944.421,607.386,416.476,105.872
194.51,44257,27238,29141,4117.9,27238,375.24,348.34,73.755,382,12.221,32.449,236.63,680.55,107.91,62.857,219.64,412.009,293.927,34.0963,18.7716,547.185,942.932,626.274,415.31,104.892
193.92,44230,27297,29215,4132.3,27297,374.3,348.24,74.008,379.4,12.177,32.446,236.18,677.58,109.38,62.657,219.12,411.125,294.528,34.3118,18.8902,547.305,948.632,617.116,409.07,106.161
195.05,44299,27283,29253,4125.8,27283,375.69,349.69,73.804,383.45,12.27,32.597,237.11,682.82,107.39,63.015,220.17,412.297,295.577,34.3523,18.8516,550.156,954.53,624.234,410.964,104.42
193.2,44172,27204,29160,4121.9,27204,373.12,346.88,73.958,377.47,12.066,32.32,235.95,674.74,108.9,62.505,218.39,410.116,294.051,34.1929,18.9449,545.966,945.825,610.372,410.176,105.754
193.92,44224,27274,28873,4132.6,27274,375.63,348.94,74.282,378.66,12.161,32.474,234.07,674.83,108.95,62.182,219.28,412.594,295.342,33.5335,18.9924,548.19,934.957,610.352,423.369,105.784
194.21,44102,27235,29205,4124.7,27235,373.86,348.32,74.106,380.19,12.155,32.361,236.21,675.2,107.92,62.128,219.17,410.574,295.356,34.4751,18.9609,549.046,947.27,613.364,407.581,104.888
194.6,44202,27226,29298,4114.9,27226,374.63,347.89,73.748,382.37,12.236,32.375,237.32,680.02,107.74,62.808,219.66,410.695,293.634,34.5217,18.7396,546.98,944.442,631.399,407.329,104.752
193.43,44203,27217,29229,4124,27217,373.43,346.33,74.138,377.68,12.105,32.334,235.8,673.87,108.91,62.442,218.21,411.563,294.306,34.4381,18.9549,546.385,940.207,617.841,406.749,105.764
193.07,44145,27196,29248,4118.5,27196,372.6,346.01,74.166,376.55,12.028,32.264,235.47,671.78,109.71,62.338,218.02,409.41,292.544,34.4512,18.8457,543.337,943.287,609.957,404.589,106.473
194.87,44545,27321,29208,4138.3,27321,377.56,349.92,74.282,381.21,12.268,32.882,235.93,682.13,108.01,63.402,220.11,415.222,297.005,34.0614,19.0282,550.91,951.372,622.023,413.567,104.943
194.08,44473,27380,29219,4151.3,27380,376.07,348.88,74.359,378.59,12.242,32.719,236.29,678.81,109.79,63.156,219.16,413.909,296.954,34.1369,19.0941,550.307,947.359,620.148,410.765,106.489
193.93,44378,27348,29099,4143.6,27348,375.47,349.14,74.012,379.21,12.204,32.647,235.88,680.35,109.5,62.995,219.24,413.869,296.103,33.9314,19.0127,549.37,951.474,614.705,416.249,106.242
193.8,44180,27262,29005,4131.7,27262,374.69,348.21,74.277,378.38,12.146,32.404,234.64,673.83,108.88,62.116,218.91,411.983,295.387,33.9207,19.0113,548.309,937.131,611.602,416.535,105.72
192.19,43955,27091,29076,4102.1,27091,371.3,344.59,74.24,373.91,11.883,32.031,234.15,665.86,110.13,61.555,217.36,408.118,290.022,34.2364,18.7488,538.693,933.947,599.278,407.678,106.872
195.1,44278,27370,29112,4141.1,27370,375.99,350.62,73.741,383.7,12.335,32.606,237.1,684.08,107.99,62.831,220.23,413.745,297.025,34.0936,18.9425,552.688,952.627,624.498,417.339,104.922
193.46,44202,27253,29184,4130.5,27253,373.65,347.24,74.12,377.75,12.122,32.364,235.73,674.61,109.14,62.473,218.5,410.817,294.963,34.2681,18.9986,547.471,943.25,614.302,409.045,105.952
194.21,44356,27318,29275,4135.9,27318,375.24,348.64,74.048,380.02,12.217,32.604,236.53,679.93,109.13,63.044,219.4,412.604,295.28,34.3632,18.9243,548.385,952.045,621.013,408.048,105.939
194.48,44251,27270,29276,4124.2,27270,374.31,348.68,73.636,382.19,12.203,32.51,237.54,682.24,107.98,62.975,219.46,412.198,294.751,34.4632,18.8273,548.596,958.341,620.054,409.273,104.942
192.96,44278,27294,29132,4135.3,27294,373.21,346.73,73.804,376.86,12.112,32.341,235.9,677,110.39,62.989,218.08,410.397,294.034,33.9441,18.9331,545.791,944.032,615.744,413.943,107.043
194.2,44281,27218,29236,4116.1,27218,374.2,347.76,73.665,381.33,12.16,32.431,236.94,680.43,107.89,63.149,219.17,410.463,293.822,34.2016,18.792,546.849,950.06,620.943,412.044,104.88
193.55,44394,27274,29118,4132.9,27274,375.51,347.88,74.235,377.46,12.143,32.589,235.15,676.86,109.53,62.976,218.99,412.628,294.762,33.9045,18.9758,546.501,942.592,615.875,413.971,106.29
194.79,44429,27366,29105,4150.8,27366,377.18,350.06,74.618,380.1,12.282,32.776,235.06,677.57,108.43,62.668,219.71,415.251,298.581,34.0183,19.1917,553.319,942.515,618.003,414.922,105.291
194.36,44326,27275,29090,4133.4,27275,375.97,349.56,74.453,379.43,12.155,32.67,234.93,676.09,108.32,62.531,219.57,412.862,296.2,33.9808,19.0377,549.465,948.58,606.625,414.49,105.228
195.07,44474,27407,29166,4156.5,27407,377.42,351.66,74.258,381.84,12.332,32.896,236.01,683.19,107.96,63.175,220.46,414.527,299.781,34.0214,19.2246,555.737,958.474,616.886,414.718,104.869
194.15,44270,27337,29228,4146.8,27337,375.15,349.27,74.342,379.03,12.22,32.61,235.76,677.09,108.76,62.432,219.34,413.465,297.711,34.4671,19.1647,551.9,952.018,614.31,406.574,105.593
193.53,44532,27258,29133,4132.4,27258,375.6,347.92,73.836,378.42,12.153,32.687,235.93,681.92,108.45,63.76,218.94,413.193,296.059,33.7056,19.0618,548.705,950.2,618.306,417.953,105.344
194.34,44256,27394,29108,4146,27394,375.3,349.43,74.201,380.06,12.243,32.547,235.53,677.88,110.27,62.43,219.36,413.333,295.168,34.1445,18.8908,548.529,946.303,616.226,413.878,106.916
194.43,44200,27199,29076,4117.9,27199,375.95,348.65,74.762,378.95,12.102,32.573,234.23,671.36,108.29,61.774,219.51,413.628,293.975,34.2333,18.8839,545.793,939.133,606.172,410.978,105.225
194.52,44360,27288,29077,4131.6,27288,375.61,349.88,73.815,381.69,12.195,32.671,236.31,682.41,107.7,63.103,219.7,413.182,296.372,33.8386,18.9763,550.675,957.107,611.422,419.521,104.687
195.59,44257,27253,29153,4123.9,27253,376.73,351.4,74.372,383.47,12.2,32.803,235.89,679.28,106.51,62.258,220.68,414.57,296.516,34.3625,18.9393,551.255,961.554,604.392,411.86,103.649
194.7,44337,27397,29098,4155.4,27397,377.04,350.53,74.472,380.23,12.326,32.723,235.42,678.68,108.79,62.414,220.06,415.389,298.735,34.1439,19.1921,553.739,944.16,621.2,413.359,105.598
193.73,44259,27295,29286,4134.7,27295,374.56,347.96,74.275,378.01,12.162,32.509,236.29,675.83,109.74,62.565,219.07,411.836,294.637,34.5297,18.9427,546.754,948.799,616.707,403.653,106.472
194.05,44507,27365,29284,4147.6,27365,375.62,348.76,74.104,379.23,12.227,32.738,236.68,681.28,109.43,63.523,219.11,413.507,296.796,34.2008,19.0646,550.276,955.006,619.795,409.791,106.177
195.16,44292,27339,29143,4135.5,27339,376.09,350.05,74.089,382.94,12.282,32.621,236.36,680.53,108.18,62.64,219.97,413.786,296.022,34.1961,18.8889,550.73,948.6,620.571,414.831,105.1
194.22,44247,27342,29227,4140.7,27342,375.13,349.03,74.334,379.33,12.211,32.561,235.68,676.55,109.68,62.393,219.41,412.741,295.375,34.4559,18.9487,548.428,949.222,615.586,406.751,106.41
192.88,44076,27230,28931,4125.9,27230,372.26,346.38,73.697,377.38,12.079,32.095,234.78,673.97,109.41,62.28,217.78,409.185,293.998,33.6536,18.9414,546.426,933.488,612.125,421.699,106.193
194.08,44248,27203,29160,4116.3,27203,373.78,347.58,73.779,380.7,12.114,32.393,236.65,678.13,107.77,62.908,218.75,410.405,294.181,34.0628,18.8508,547.304,947.827,613.902,414.946,104.768
194.38,44552,27316,29245,4141.3,27316,376.48,349.65,73.972,380.55,12.235,32.854,236.99,684.09,107.82,63.726,219.74,414.286,297.883,34.0562,19.1299,552.165,960.154,618.697,412.947,104.776
194.88,44514,27352,29333,4151.1,27352,377.37,350.35,74.657,380.16,12.287,32.911,236.31,679.38,107.81,63.125,220.1,414.354,299.493,34.4349,19.2704,554.433,954.71,619.091,404.844,104.743
195.42,44451,27454,29269,4161.5,27454,378.19,352.04,74.506,382.13,12.399,32.969,236.5,682.85,108.6,62.835,220.94,416.579,299.529,34.4931,19.1743,555.264,958.417,623.57,407.013,105.424
195.35,44409,27444,29042,4156.2,27444,376.97,351.61,74.08,383.36,12.358,32.765,235.82,683.35,108.48,63.013,220.2,414.286,298.682,33.7635,19.071,555.004,951.894,618.581,422.185,105.33
192.89,44170,27194,29193,4120.6,27194,372.72,346.32,74.046,376.29,12.026,32.292,235.53,673.1,109.45,62.495,218.1,409.393,293.301,34.2483,18.9207,544.373,945.403,608.189,407.739,106.242
194.16,44260,27308,29226,4134.4,27308,374.03,348.22,74.104,379.9,12.162,32.466,235.82,676.8,109.18,62.702,218.76,411.149,295.042,34.3049,18.9164,548.376,949.637,613.135,409.979,105.983
194.98,44295,27361,29119,4153.3,27361,377.32,351.55,74.933,379.87,12.266,32.813,234.37,674.98,108.03,61.982,220.39,414.422,299.582,34.2621,19.2883,554.762,949.775,607.049,409.658,104.938
194.02,44213,27242,29097,4122.4,27242,374.51,348.02,74.25,379.14,12.107,32.435,234.85,674.26,109.11,62.357,218.93,411.162,293.471,34.0558,18.8243,545.515,942.357,609.212,413.885,105.939
192.45,44144,27276,28972,4140.1,27276,372.68,346.22,74.172,374.59,12.074,32.168,233.97,670.55,110.49,62.205,217.52,409.28,295.128,33.7101,19.1133,547.002,929.863,610.039,417.109,107.12
194.35,44356,27369,29291,4142.8,27369,375.15,349.65,73.603,381.65,12.286,32.635,237.65,685.28,108.89,63.371,219.84,412.715,296.384,34.3612,18.9518,550.794,962.141,624.736,409.374,105.708
194.02,44224,27190,29130,4117.4,27190,374.67,347.92,73.907,380.09,12.146,32.443,236.41,677.91,107.44,62.614,219.25,412.047,294.919,34.1426,18.9368,547.99,944.854,617.654,413.351,104.477
193.44,44265,27367,29091,4150.3,27367,374.23,348.41,73.964,377.95,12.21,32.436,235.75,677.97,110.01,62.728,218.72,411.676,296.678,33.9553,19.1041,550.289,944.965,617.05,414.96,106.68
194.48,44198,27147,29164,4109.1,27147,375.22,348.54,74.162,380.8,12.115,32.537,235.95,676.52,106.7,62.298,219.69,412.786,294.564,34.3543,18.8942,547.446,949.213,611.295,410.068,103.835
194.49,44263,27231,29033,4124.4,27231,375.38,348.97,74.165,380.78,12.16,32.527,235.16,676.82,107.4,62.508,219.37,412.302,295.913,33.8656,18.9874,549.786,943.302,611.21,418.743,104.428
194.14,44434,27309,29167,4134.2,27309,374.76,348.29,73.63,381.05,12.207,32.569,236.7,683.05,108.49,63.61,218.9,412.28,295.768,33.8783,18.9393,549.701,951.817,621.048,418.116,105.372
195.6,44288,27318,29122,4134,27318,377.31,351.54,73.993,384.52,12.348,32.722,236.42,683.55,106.69,62.663,221.08,414.158,297.613,34.1588,18.981,553.529,952.749,623.734,415.582,103.786
194.12,44227,27232,29126,4125.7,27232,375.26,349.19,74.556,378.46,12.075,32.652,235.03,673.83,108.55,62.053,219.39,413.625,294.889,34.2994,18.9683,547.027,954.064,598.606,409.337,105.443
192.4,44128,27317,29354,4137.5,27317,371,345.63,73.426,376.46,12.122,32.13,237.75,677.91,111.21,62.921,217.64,408.436,293.283,34.6038,18.8782,544.961,951.664,622.649,402.271,107.754
195.57,44570,27494,29450,4172.8,27494,378.83,352.48,74.73,381.8,12.455,33.113,236.84,683.67,108.44,63.244,221.23,415.962,301.558,34.7691,19.3452,558.031,963.861,628.243,398.937,105.266
195.28,44535,27407,29212,4155,27407,378.51,351.29,74.563,381.57,12.368,32.946,235.86,681.68,108.26,63.154,220.67,415.392,299.134,34.1323,19.1733,554.371,949.416,625.068,411.867,105.14
194.8,44377,27225,29159,4125.3,27225,376.39,349.29,74.342,381.09,12.186,32.707,235.91,678.08,106.74,62.786,219.74,413.776,296.9,34.1241,19.0604,551.007,947.889,614.276,413.423,103.846
195.61,44506,27420,29089,4160.3,27420,378.7,352.37,74.237,383.53,12.433,32.954,235.99,685.32,106.78,63.154,220.98,416.603,301.726,33.8898,19.3343,559.273,952.022,626.429,419.192,103.824
194.2,44174,27228,29103,4123.2,27228,374.58,347.86,74.256,379.73,12.151,32.387,235.32,674.06,108.16,62.165,218.95,411.854,294.85,34.1797,18.9321,547.957,937.476,615.377,413.05,105.103
193.02,44193,27284,29091,4135.9,27284,373.73,347.71,74.191,376.11,12.079,32.424,234.99,674.02,110.38,62.29,218.51,411.637,294.289,34.097,18.9804,545.726,947.283,605.423,411.194,107.026
193.27,44117,27175,29212,4110.6,27175,372.05,346.01,73.681,378.62,12.036,32.204,236.8,675.46,108.93,62.565,218.03,409.444,292.079,34.35,18.7475,543.548,947.288,612.216,409.261,105.803
192.87,44164,27098,29018,4100.4,27098,372.27,345.33,73.803,377.1,11.935,32.201,234.86,672.79,108.67,62.554,217.59,409.542,291.202,33.7753,18.7442,541.482,939.346,603.458,418.59,105.592
193.46,44015,27207,29056,4114.9,27207,372.43,346.85,73.772,378.97,12.064,32.173,235.62,674.33,109.23,61.966,218.3,410.602,292.234,34.1842,18.7405,544.059,942.618,609.525,414.252,106.057
195.82,44388,27355,29194,4139.7,27355,377.88,352.16,74.221,384.42,12.343,32.883,236.85,683.69,107.1,62.889,221.21,414.533,297.885,34.2352,18.9918,553.662,959.35,618.926,413.002,104.145
193.08,44202,27271,29264,4137.5,27271,373.23,347.1,74.122,376.49,12.117,32.388,235.75,674.81,109.47,62.494,218.36,411.075,295.806,34.5002,19.1064,548.289,948.899,613.763,403.776,106.224
194.39,44368,27286,29191,4134.6,27286,375.95,348.68,74.365,379.69,12.2,32.67,235.66,677.52,108.36,62.694,219.32,414.719,296.269,34.2873,19.0306,549.617,946.275,617.617,410.446,105.263
194.63,44412,27391,29324,4162.7,27391,377.68,350.9,74.893,378.66,12.333,32.911,235.8,677.62,108.3,62.484,220.45,415.68,300.872,34.6948,19.4259,556.005,953.315,620.725,399.644,105.156
193.36,44251,27280,29226,4137.4,27280,374.88,348.3,74.281,376.79,12.157,32.529,235.68,675.8,109.51,62.508,219.31,411.7,295.632,34.3752,19.0732,547.74,948.775,614.999,404.77,106.267
193.6,44282,27282,29294,4130.3,27282,373.27,347.16,73.759,379.16,12.145,32.398,237.13,678.88,109.35,63.115,218.46,410.393,294.335,34.3634,18.8879,547.031,951.894,618.774,407.873,106.135
193.92,44253,27217,29012,4119,27217,374.46,347.86,73.841,379.98,12.116,32.436,235.68,677.93,108.23,62.697,218.86,412.304,294.044,33.789,18.856,546.701,943.667,612.423,420.452,105.177
195.73,44340,27414,29265,4149.4,27414,378,352.21,74.437,383.43,12.386,32.892,236.53,682.39,108.28,62.506,221.3,415.811,297.879,34.6096,19.0023,553.279,958.631,622.846,406.156,105.161
192.07,44212,27139,29137,4113.7,27139,372.19,344.75,73.97,374.02,11.95,32.209,235.11,671.62,109.95,62.721,217.42,408.699,291.995,33.9767,18.8977,541.49,938.53,608.24,410.49,106.69
194.84,44476,27296,29270,4137.3,27296,377.58,350.07,74.255,381.22,12.301,32.836,236.37,682.21,107.28,63.24,220.53,414.412,297.903,34.288,19.1157,552.314,951.531,627.027,408.662,104.304
193.77,44279,27167,29236,4111.6,27167,373.56,346.98,73.763,379.75,12.073,32.42,236.84,678.17,107.73,63.066,218.63,410.483,293.684,34.2193,18.8483,546.006,951.421,613.401,410.905,104.749
194.95,44196,27375,29320,4143.4,27375,375.61,350.07,74.21,381.92,12.319,32.582,237.47,679.48,108.88,62.306,220.19,413.213,296.434,34.8032,18.9463,551.062,953.217,624.847,402.539,105.7
194.7,44391,27281,29093,4133.1,27281,376.83,350.16,74.289,380.84,12.211,32.757,235.69,679.49,107.71,62.846,220.08,413.782,296.736,33.9207,19.0343,550.624,950.544,612.562,416.318,104.688
194.08,44388,27337,29227,4147.5,27337,375.65,349,74.26,379,12.246,32.625,235.89,678.5,108.67,63.014,219.36,412.17,297.953,34.1791,19.1854,552.181,947.194,620.722,409.681,105.511
195.34,44487,27378,29049,4152,27378,378.47,351.69,74.521,381.95,12.337,32.922,234.98,681.11,107.51,62.905,220.63,415.733,299.686,33.7938,19.2208,555.471,947.892,617.898,419.322,104.484
195.66,44435,27369,29139,4143.9,27369,378.68,351.68,74.342,383.5,12.39,32.874,236.09,683,107.5,62.889,221.19,415.589,298.145,34.0905,19.0382,553.631,947.545,628.156,415.057,104.487
194.01,44083,27132,29061,4103.4,27132,374.13,347.51,73.948,380.12,12.08,32.327,235.6,675.1,107.55,62.023,219.18,411.848,292.647,34.1841,18.758,544.596,941.575,612.207,413.995,104.596
193.57,44250,27193,29216,4119.9,27193,373.84,347.13,74.294,377.63,12.049,32.442,235.63,673.26,108.65,62.566,218.51,410.397,294.055,34.2694,18.9399,545.765,946.619,606.948,407.89,105.542
193.19,44187,27151,29184,4109.5,27151,372.88,346.05,73.947,377.56,12.013,32.291,236.14,673.9,108.85,62.605,218.15,409.73,292.207,34.2053,18.7972,543.071,944.076,609.768,409.931,105.737
193.07,44336,27236,28984,4131,27236,374.64,347.51,74.273,376.02,12.053,32.515,234.29,674.1,109.43,62.698,218.38,412.043,294.927,33.6097,19.0524,546.41,941.45,604.183,419.013,106.208
194.32,44249,27242,29094,4122.8,27242,375.12,348.34,74.165,380.27,12.159,32.479,235.73,676.28,108.34,62.498,219.23,412.11,294.417,34.0391,18.8695,547.303,941.394,615.076,415.245,105.259
193.33,44237,27203,29022,4120.5,27203,373.93,347.1,74.153,377.3,12.037,32.409,235.17,673.67,109.12,62.448,218.31,411.705,293.545,33.8414,18.9037,544.934,941.485,605.049,417.087,105.948
193.33,44061,27161,29182,4109.1,27161,372.03,345.89,73.735,378.73,12.046,32.144,236.16,674.24,108.65,62.302,218.04,409.44,292.241,34.3645,18.7643,543.931,942.422,613.895,409.624,105.558
193.42,44072,27222,29074,4120,27222,372.72,346.07,74.048,378.08,12.091,32.133,235.49,671.73,109.54,62.018,217.93,410.117,292.747,34.1398,18.8096,544.574,930.82,616.073,413.601,106.32
193.2,44277,27320,29033,4145.1,27320,374.21,348.12,74.213,376.56,12.122,32.481,234.92,675.06,109.97,62.537,218.42,412.125,296.212,33.8375,19.1223,548.889,944.842,606.83,416.142,106.654
194.98,44383,27442,29139,4160.2,27442,376.91,351.5,74.328,381.42,12.331,32.82,235.9,681.43,108.9,62.726,220.21,415.183,299.064,34.1493,19.166,554.689,956.221,615.531,413.818,105.693
194.39,44418,27322,29135,4142.8,27322,376.55,349.51,74.396,379.51,12.227,32.744,235.34,678.48,108.46,62.844,219.59,414.573,297.413,34.048,19.1234,551.251,947.423,615.933,413.645,105.333
194.7,44364,27389,29116,4153.6,27389,376.55,350.83,74.282,380.78,12.293,32.744,235.55,680.33,108.47,62.741,220.01,414.078,298.814,34.0451,19.1844,554.11,952.472,615.408,414.717,105.327
194.24,44182,27250,29043,4125.2,27250,374.08,348.35,73.934,380.77,12.145,32.392,235.72,676.89,108.04,62.413,218.85,411.699,295.135,33.9601,18.9179,548.939,944.523,611.062,418.406,104.996
193.34,44235,27312,29270,4145.1,27312,374.4,347.6,74.501,376.18,12.179,32.438,235.12,672.93,109.91,62.353,218.77,410.968,296.362,34.4984,19.1494,548.912,941.001,618.604,402.193,106.601
193.39,44406,27203,29192,4121,27203,374.77,347.53,74.057,377.51,12.056,32.619,235.94,677.83,108.82,63.221,218.83,412.032,293.958,34.0216,18.9263,545.148,953.389,608.416,411.566,105.691
193.89,44340,27328,29245,4137.6,27328,374.26,347.72,73.958,379.38,12.19,32.493,236.6,678.84,109.65,63.071,218.65,412.012,294.946,34.2596,18.9166,547.924,948.179,620.395,410.316,106.392
195.56,44542,27369,29253,4148,27369,378.44,351.71,74.387,382.96,12.353,32.999,236.45,683.87,107.13,63.329,220.94,415.391,299.405,34.2084,19.1641,555.207,957.922,622.278,411.355,104.157
194.56,44442,27318,29227,4142.3,27318,376.88,349.88,74.633,379.34,12.21,32.841,235.58,677.56,108.45,62.802,219.83,414.622,297.377,34.287,19.1243,550.911,952.73,612.057,408.286,105.322
195.55,44385,27342,29293,4143.9,27342,378.06,351.06,74.864,381.77,12.326,32.867,236.07,677.49,107.6,62.44,220.8,414.769,298.355,34.5939,19.122,553.291,948.722,621.256,403.941,104.57
193.54,44064,27091,29138,4096.2,27091,372.57,346.29,73.457,380.17,12.048,32.174,236.77,677.19,107.24,62.483,218.64,409.612,292.012,34.2221,18.7187,543.899,944.99,615.97,412.945,104.335
194.15,44354,27308,29291,4135.9,27308,374.8,348.63,74.151,379.58,12.163,32.647,236.45,678.81,109.04,62.943,219.09,413.075,295.52,34.4505,18.963,548.572,957.739,612.483,406.786,105.853
193.99,44254,27214,29180,4117.7,27214,374.05,347.54,73.89,380.04,12.111,32.445,236.28,677.76,108.31,62.778,218.81,411.759,293.727,34.2064,18.8267,546.2,948.764,613.931,412.36,105.242
194.26,44506,27330,29176,4141.5,27330,375.8,349.47,74.233,379.53,12.152,32.819,235.7,680.11,108.92,63.359,219.16,413.809,296.534,33.9454,19.0426,549.865,959.597,605.834,414.961,105.743
194.88,44350,27395,29124,4153.7,27395,377.08,351.27,74.582,380.46,12.279,32.828,235.27,678.54,108.8,62.397,220.22,415.39,298.387,34.2042,19.1527,553.133,953.809,610.859,412.037,105.617
193.81,44296,27209,29280,4124.1,27209,374.9,348.23,74.219,378.37,12.109,32.62,235.97,677.06,108.04,62.689,219.32,412.754,295.397,34.5053,19.0228,547.735,956.038,610.832,404.279,105
195.25,44368,27352,29192,4140.8,27352,377.08,350.79,74.195,382.76,12.322,32.752,236.6,681.86,107.89,62.857,220.52,414.072,297.27,34.2302,18.9955,552.296,951.689,622.852,412.464,104.838
193.95,44189,27223,29217,4119.8,27223,374.19,347.55,74.196,379.09,12.115,32.416,235.34,674.7,108.86,62.35,218.95,411.403,293.43,34.4252,18.8283,545.393,944.959,613.97,407.338,105.73
193.75,44328,27419,29145,4155.7,27419,374.65,348.84,74.001,378.71,12.25,32.514,235.69,679.3,110.53,62.945,218.88,412.041,296.568,34.0204,19.0502,550.333,947.534,619.308,413.88,107.126
192.92,44157,27141,29032,4109.3,27141,372.99,346.32,74.251,375.87,11.925,32.346,234.47,670.49,109.52,62.118,217.92,411.018,291.541,33.968,18.7956,541.305,944.024,595.352,414.014,106.327
192.39,44242,27191,29056,4121.8,27191,373.2,345.99,74.225,374.18,11.969,32.352,234.34,671.36,110.38,62.506,217.79,410.447,292.542,33.8522,18.9207,542.214,940.499,602.376,413.256,107.053
193.72,44214,27328,29003,4144,27328,375.28,348.54,74.361,377.77,12.21,32.448,234.6,674.43,109.67,62.124,219.06,412.956,296.237,33.9304,19.0821,549.358,934.575,617.108,415.816,106.392
194.12,44298,27385,29170,4145.8,27385,374.9,348.5,74.292,379.11,12.213,32.537,235.58,676.59,110.55,62.548,218.85,413.419,294.919,34.258,18.903,547.777,944.652,616.87,411.171,107.162
192.6,44221,27216,29039,4122.5,27216,372.21,345.35,73.75,376.28,12.028,32.173,235.32,674.07,110.02,62.844,217.33,409.136,292.775,33.7047,18.8716,543.867,935.508,612.307,418.728,106.74
193.89,44454,27269,29250,4132.5,27269,375.65,348.72,73.879,379.42,12.184,32.718,236.91,682.46,108.22,63.488,219.53,413.273,296.198,34.1544,19.0372,549.253,957.848,618.642,410.529,105.137
193.55,44212,27250,29224,4132.4,27250,374.92,347.92,74.677,376.39,12.116,32.51,234.78,671.5,109.44,62.062,219.09,411.838,295.046,34.4905,19.0451,546.669,942.96,610.614,402.763,106.215
193.15,44216,27284,29106,4136,27284,373.54,347.28,73.986,377.15,12.128,32.339,235.63,675.46,109.75,62.601,218.37,410.533,295.033,34.0044,19.0148,547.463,941.919,614.239,413.323,106.481
193.91,44114,27294,29104,4129.6,27294,373.31,347.39,73.989,379.65,12.166,32.219,235.47,674.48,109.65,62.254,218.47,409.811,293.716,34.1243,18.8188,546.668,936.291,617.859,414.186,106.405
194.98,44461,27209,29129,4123.6,27209,377.31,349.6,74.655,380.7,12.155,32.841,234.29,676.66,106.6,62.809,219.86,414.628,296.888,33.996,19.0731,550.523,947.269,608.827,414.731,103.726
193.84,44273,27317,29159,4140.8,27317,375.09,347.89,74.408,377.99,12.208,32.458,235.25,674.4,109.64,62.443,218.91,412.088,295.727,34.2002,19.0332,548.578,935.803,621.321,409.996,106.372
194.49,44318,27336,29178,4142.4,27336,375.61,349.4,74.222,380.45,12.246,32.605,235.88,678.55,108.53,62.704,219.5,412.985,297.084,34.2095,19.0641,551.46,947.897,618.224,411.809,105.398
193.86,44206,27313,29063,4141.5,27313,375.03,348.43,74.704,377.17,12.147,32.484,234.07,671.12,109.87,61.897,218.82,412.595,295.68,34.1166,19.0577,548.209,937.034,608.163,411.668,106.569
193.84,44142,27178,29227,4110.6,27178,373.22,346.98,73.797,379.99,12.092,32.31,236.75,676.61,108.18,62.528,218.75,410.403,292.861,34.4202,18.7677,545.034,947.889,615.413,408.606,105.141
194.75,44439,27446,29238,4158.3,27446,375.93,350.46,74.173,381.2,12.299,32.76,236.37,681.83,109.49,63.202,219.6,413.424,297.962,34.1902,19.0774,553.048,958.097,616.775,411.875,106.211
193.27,44319,27232,29202,4128.7,27232,374.24,346.88,74.405,376.28,12.068,32.488,234.66,673.05,109.46,62.678,218.33,411.42,294.493,34.1963,19.0075,545.838,943.024,609.958,408.066,106.233
193.94,44221,27271,29161,4130.2,27271,374.21,348.26,74.166,379.07,12.127,32.477,235.57,675.78,108.99,62.431,218.87,411.945,294.853,34.2533,18.9379,547.649,949.223,609.251,410.808,105.82
194.27,44284,27168,29116,4110.3,27168,375.11,348.44,73.908,380.83,12.107,32.55,236.46,678.92,107.25,62.829,219.51,412.093,293.941,34.0082,18.8315,546.513,950.753,611.243,415.603,104.323
193.48,44432,27377,29390,4156.1,27377,374.81,348.87,74.302,376.87,12.188,32.732,236.53,678.85,109.98,63.223,219.03,412.236,297.765,34.5505,19.2224,550.946,963.338,612.635,400.486,106.646
194.67,44300,27346,29088,4146.3,27346,376.29,349.82,74.401,380.51,12.281,32.61,235.12,677.31,108.26,62.418,219.69,413.706,298.067,34.0671,19.1449,553.005,941.071,619.448,414.816,105.154
194.71,44493,27292,29208,4131.6,27292,376.05,349.44,74.031,381.58,12.192,32.778,236.44,682.07,107.87,63.494,219.54,413.405,296.136,34.0043,18.9543,550.012,957.47,613.744,415.277,104.83
194.05,44298,27281,29184,4136.5,27281,375.39,348.67,74.454,378.46,12.168,32.593,235.18,675.25,108.7,62.473,219.24,412.798,296.323,34.2744,19.0789,549.409,946.058,612.743,408.791,105.556
192.45,43976,26980,29020,4077.6,26980,370.88,343.8,73.985,375.58,11.79,31.997,234.41,666.59,108.94,61.814,217.08,407.79,287.705,33.9998,18.5284,535.644,934.43,594.513,414.033,105.871
193.11,44001,27218,29103,4124.1,27218,372.59,346.61,74.154,376.82,12.079,32.132,234.99,670.54,109.55,61.749,218.25,409.089,293.619,34.2829,18.9281,545.444,935.228,611.64,408.995,106.319
194.21,44273,27240,29110,4127.7,27240,375.73,348.13,74.587,378.69,12.155,32.548,234.82,673.24,108.44,62.196,219.14,413.627,295.321,34.1844,18.9976,547.909,936.55,614.693,411.579,105.338
193.96,44241,27133,29022,4106.7,27133,374.28,347.09,73.975,379.84,12.061,32.386,235.06,675.39,107.24,62.612,218.63,411.427,293.641,33.7955,18.8533,545.984,938.807,610.701,419.86,104.319
194.62,44373,27233,29228,4123.1,27233,375.59,348.94,73.979,381.56,12.18,32.673,236.85,680.94,107.12,63.087,219.6,413.495,295.916,34.2562,18.9573,549.746,955.278,616.33,411.705,104.189
193.26,44219,27234,29285,4129.9,27234,373.69,347.31,74.185,376.62,12.091,32.461,236.04,674.94,109.19,62.507,218.7,411.366,294.996,34.5546,19.0405,546.817,952.248,611.357,402.179,105.996
194.3,44348,27385,29085,4151.5,27385,376.17,350.01,74.287,379.53,12.254,32.701,234.96,679.1,109.42,62.622,219.59,414.787,297.335,34.0321,19.0982,551.365,949.546,614.623,414.877,106.158
193.74,44235,27256,29072,4126.9,27256,373.99,347.2,74.138,378.61,12.118,32.352,235.66,674.23,109.28,62.521,218.37,410.937,294.032,33.9255,18.8887,546.397,936.657,613.724,416.359,106.078
194.69,44427,27338,29099,4141.5,27338,376.6,349.98,74.171,381.08,12.25,32.749,235.64,680.93,108.32,63.027,219.78,414.51,297.103,33.91,19.0404,551.424,950.054,616.711,417.598,105.209
193.95,44148,27302,29150,4133.8,27302,374.6,347.99,74.216,378.97,12.212,32.354,235.77,674.81,109.62,62.133,219.15,411.614,294.507,34.331,18.9023,547.233,936.741,622.425,409.306,106.366
194.16,44250,27274,29130,4135.5,27274,375.35,348.93,74.751,378.06,12.124,32.592,234.42,671.95,108.84,62.06,219.13,412.575,296.062,34.2298,19.0721,548.899,944.539,603.928,409.516,105.677
194.94,44319,27356,29153,4147.1,27356,377.38,350.51,74.752,380.25,12.295,32.747,234.92,676.25,108.57,62.195,220.29,414.934,297.758,34.3255,19.1176,552.064,943.088,618.688,409.307,105.424
192.79,44111,27028,28950,4086.6,27028,371.83,344.63,73.853,376.86,11.86,32.103,234.8,670.08,108.48,62.358,217.32,408.285,289.447,33.6089,18.6229,538.736,934.047,598.611,421.43,105.45
194.61,44231,27338,28995,4136.8,27338,375.35,349.67,73.739,382.32,12.283,32.448,236.2,681.23,108.43,62.703,219.71,411.944,296.026,33.745,18.9143,550.873,942.692,622.539,422.432,105.317
192.12,43957,27126,29276,4106,27126,369.8,343.94,73.717,375.17,11.931,31.919,236.69,669.94,110.12,62.173,217.02,405.98,290.395,34.5628,18.7338,540.102,942.076,608.845,402.249,106.855
193.37,44308,27198,29091,4122.8,27198,374.7,347.29,74.147,377.3,12.079,32.516,235.25,675.7,108.55,62.679,218.68,413.032,294.692,33.9872,19.0017,546.416,943.746,611.081,413.921,105.45
192.87,44228,27195,29186,4123.8,27195,373.22,346.36,74.268,375.54,12.014,32.386,235.53,672.13,109.42,62.467,218.02,410.761,293.956,34.2451,18.9993,544.908,944.974,605.787,407.361,106.212
193.31,44127,27264,29141,4133,27264,373.51,347.27,74.314,376.8,12.107,32.317,234.93,671.95,109.76,62.03,218.43,410.754,294.632,34.2983,18.9978,546.704,939.971,610.918,408.216,106.49
194.92,44288,27423,29158,4151.7,27423,376.23,350.77,74.036,382.18,12.345,32.661,236.61,682.23,109.14,62.636,220.2,414.406,297.263,34.2742,18.9931,552.413,952.728,623.135,412.84,105.918
194.39,44499,27563,29162,4185.7,27563,376.87,350.45,74.747,378.3,12.378,32.788,234.78,677.79,111.16,62.898,219.24,414.694,300.307,34.0351,19.3365,555.647,942.637,621.939,412.504,107.622
192.95,44310,27294,28987,4148.7,27294,375.3,347.33,74.842,374.05,12.129,32.48,232.75,669.36,109.97,62.151,218.25,412.6,297.259,33.7595,19.3013,549.385,926.795,611.461,414.475,106.643
195.08,44559,27459,29310,4160.1,27459,377.21,350.86,74.319,381.65,12.345,32.92,236.78,683.38,109.33,63.509,220.07,414.688,298.344,34.2821,19.0862,553.409,958.781,622.34,409.608,106.072
194.62,44358,27381,29143,4151.4,27381,376.39,350.25,74.474,380.02,12.262,32.729,235.27,678.04,108.98,62.577,219.72,414.327,297.891,34.1639,19.1307,552.375,949.567,614.072,412.318,105.775
194.51,44254,27214,29231,4115.4,27214,375.14,348.28,74.021,381.26,12.172,32.506,237.09,678.33,107.84,62.694,219.6,411.966,293.777,34.3702,18.7889,546.525,947.371,619.964,409.387,104.839
193.87,44051,27287,29058,4128.2,27287,373.25,347.47,73.939,379.71,12.169,32.182,235.74,674.37,109.62,62,218.57,410.325,293.532,34.1314,18.8039,546.455,935.22,617.981,415.012,106.378
194.59,44308,27273,29153,4128.5,27273,375.68,349.64,73.93,381.59,12.211,32.633,236.58,681.16,107.71,62.869,219.9,413.024,295.9,34.1284,18.943,549.877,954.468,615.819,414.035,104.698
194.61,44365,27237,29103,4128.8,27237,376.71,349.86,74.306,380.54,12.194,32.735,235.75,678.78,106.97,62.732,220.06,413.888,297.201,33.9976,19.0993,551.201,949.662,612.648,414.893,104.048
195.45,44398,27296,29175,4131.8,27296,377.64,351.12,74.33,382.98,12.271,32.86,236.35,681.41,107.07,62.81,220.77,414.967,297.005,34.2063,18.9807,551.657,955.404,616.096,412.954,104.13
194.23,44256,27256,29159,4122.2,27256,374.62,348.05,73.972,380.52,12.155,32.476,236.36,678.01,108.77,62.675,219.09,412.442,293.642,34.1995,18.789,546.224,946.65,616.474,413.066,105.644
193.47,44307,27249,29138,4127.4,27249,373.76,347.49,73.923,378.28,12.083,32.458,235.35,677.18,109.11,62.988,218.43,410.862,294.405,33.9523,18.9321,546.66,949.778,608.758,414.699,105.93
194.74,44408,27354,29194,4149.1,27354,376.88,350.48,74.551,380.09,12.252,32.847,235.56,678.77,108.27,62.658,219.93,415.611,298.536,34.3074,19.1903,553.108,954.67,612.578,409.725,105.155
195.03,44412,27455,29216,4160.5,27455,377.16,350.18,74.326,381.61,12.416,32.707,236.65,681.21,109.22,62.883,220.03,415.077,298.618,34.2992,19.1176,554.162,941.488,635.014,411.127,105.968
194.37,44346,27336,29171,4140.2,27336,375.25,349.22,74.06,380.53,12.216,32.616,236.21,679.8,108.84,62.926,219.3,413.004,296.291,34.1276,18.9918,550.266,952.058,615.438,413.581,105.669
195.85,44266,27329,29231,4137.8,27329,377.04,350.98,74.599,383.63,12.321,32.711,236.03,677.7,107.03,62.2,220.55,413.971,297.889,34.5455,19.0314,553.703,947.609,619.829,408.142,104.087
194.06,44198,27160,29019,4117,27160,375.26,348.08,74.693,378.05,12.051,32.532,233.69,670.57,107.63,61.793,218.96,413.578,294.981,34.0745,19.0158,547.12,938.921,601.477,413.785,104.65
193.92,44301,27240,28991,4125.8,27240,375.16,348.1,73.997,379.46,12.153,32.476,235.28,677.5,108.31,62.752,219.01,412.364,295.069,33.6743,18.9536,548.011,938.972,615.689,421.242,105.231
195.32,44508,27347,29197,4142.1,27347,376.74,350.57,73.831,383.96,12.319,32.828,237.36,686.11,106.79,63.61,220.05,414.842,298.828,34.0182,19.0946,555.145,958.579,622.99,417.623,103.864
192.84,44259,27212,29049,4126.5,27212,373.62,346.71,73.847,376.56,12.075,32.363,235.58,676.25,109,62.794,218.24,411.293,294.782,33.8146,19.0341,546.643,941.952,612.822,416.499,105.835
192.91,44043,27390,29046,4148.9,27390,372.51,346.54,74.101,376.19,12.179,32.092,234.54,671.66,112.18,61.844,217.75,410.341,293.64,34.1321,18.8957,545.6,928.471,620.272,412.712,108.58
194.26,44278,27302,29083,4131.5,27302,375.05,349.13,74.187,379.95,12.154,32.526,234.86,676.7,109.31,62.656,219.3,410.876,294.399,33.8863,18.8581,547.217,947.216,608.619,416.525,106.097
193.88,44234,27129,29151,4111.3,27129,374.93,347.52,74.582,377.81,12.031,32.533,234.42,671.53,107.54,62.143,218.96,412.444,294.283,34.283,18.9715,545.841,943.312,604.134,408.502,104.577
193.91,44355,27326,29171,4141,27326,375.39,348.7,74.175,378.74,12.203,32.592,235.66,678.26,109.4,62.905,219.25,412.493,295.945,34.0947,19.0222,548.974,947.247,617.553,411.804,106.161
193.57,44186,27281,29015,4132.5,27281,374.19,348.38,73.814,378.93,12.164,32.368,235.59,677.83,109.12,62.556,219.04,410.802,295.06,33.8097,18.9599,548.123,943.805,614.348,418.324,105.932
194.3,44306,27368,29209,4147.5,27368,375.7,349.39,74.534,378.92,12.225,32.638,235.34,675.92,109.77,62.43,219.43,413.251,296.359,34.3655,19.0381,549.688,947.835,614.306,407.6,106.474
194.09,44282,27337,29084,4144.7,27337,375.8,349.12,74.426,378.63,12.223,32.577,235.35,675.86,109.32,62.334,219.36,413.634,296.657,34.0819,19.0848,550.101,941.203,616.063,413.216,106.088
195.91,44296,27364,29201,4136.9,27364,377.35,352.36,73.586,386.59,12.427,32.748,238.15,688.81,106.62,63.053,221.64,413.803,297.745,34.2871,18.9091,554.551,961.834,631.034,414.05,103.72
194.45,44548,27415,29244,4163.1,27415,377.42,350.78,74.319,379.64,12.333,32.926,236.29,683.01,108.5,63.41,220.14,415.165,300.441,34.1541,19.3492,555.777,957.064,622.059,410.11,105.333
194.07,44451,27384,29270,4152.5,27384,375.76,349.72,74.13,379.15,12.238,32.778,236.46,681.61,109.4,63.278,219.52,413.709,297.611,34.2709,19.1318,551.492,960.784,615.549,408.5,106.139
193.79,44175,27215,29207,4119.1,27215,374.37,347.26,74.254,378.43,12.123,32.379,235.79,673.79,109.08,62.262,219.01,411.15,293.145,34.4153,18.8273,544.687,939.999,617.454,406.642,105.92
194.31,44257,27171,29105,4111.4,27171,375.27,348.51,74.184,380.18,12.086,32.57,235.68,676.38,107.56,62.489,219.46,412.635,293.778,34.0902,18.8369,545.973,949.066,607.028,414.016,104.599
193.89,44136,27120,29074,4111.8,27120,375.14,348.29,74.35,378.49,12.082,32.476,234.76,673.34,106.75,61.906,219.56,412.381,295.374,34.2101,19.0495,547.879,943.023,607.813,410.694,103.876
193.56,44180,27233,29187,4123.2,27233,373.76,347.48,73.865,378.78,12.131,32.369,236.03,677.14,108.88,62.565,218.91,411.04,294.001,34.2996,18.8866,546.281,947.241,616.782,409.392,105.74
194.21,44463,27402,29120,4156.8,27402,376.07,349.65,74.298,379.19,12.255,32.721,235.21,679.42,109.4,63.135,219.2,413.56,298.28,33.8609,19.1854,552.737,948.414,615.652,416.385,106.13
194.64,44364,27515,29125,4170.5,27515,376.42,350.6,74.284,380.52,12.387,32.659,235.06,680.43,110.5,62.741,219.72,414.112,298.496,34.0696,19.125,553.853,944.616,625.673,414.674,107.075
194.8,44334,27298,29253,4135.5,27298,376.16,349.49,74.167,381.52,12.275,32.657,236.48,680.22,107.55,62.798,219.96,413.721,297.231,34.4243,19.0526,551.861,949.736,624.139,408.516,104.541
193.12,44107,27105,29101,4103.3,27105,372.64,345.73,73.955,377.42,11.99,32.198,235.54,672.15,108.27,62.263,218.05,409.608,292.155,34.11,18.8148,543.051,938.287,608.708,412.432,105.238
193.08,44336,27309,29053,4142.7,27309,373.74,347.59,73.924,376.98,12.111,32.471,235.17,677.43,109.7,62.988,218.09,411.982,296.156,33.7523,19.1083,548.998,947.681,608.834,418.188,106.42
194.19,44309,27437,29096,4156.9,27437,375.73,349.56,74.135,379.67,12.315,32.545,235.75,679.33,110.38,62.693,219.47,413.029,296.772,33.9989,19.0294,550.909,941.859,624.555,415.277,106.991
195.57,44281,27421,29333,4147.7,27421,376.07,351.36,73.675,385.27,12.42,32.673,238.32,686.96,107.84,63.012,220.78,413.502,297.914,34.648,18.9505,554.612,962.911,631.854,407.414,104.78
194.82,44556,27385,29190,4147.3,27385,377.02,350.4,73.878,382.15,12.314,32.856,236.75,686.03,108.38,63.763,220.07,414.648,297.673,33.915,19.0372,552.549,957.427,624.053,417.049,105.256
194.46,44416,27294,29216,4134.4,27294,375.3,349.08,73.742,381.68,12.228,32.657,237.21,683.45,107.53,63.432,219.41,413.179,297.053,34.1072,19.0343,551.743,956.729,620.107,414.389,104.531
194.2,44420,27327,29250,4138,27327,375.39,348.71,73.692,380.95,12.265,32.616,237.25,683.91,108.58,63.517,219.47,412.918,296.233,34.1686,18.9747,550.214,953.026,627.887,412.2,105.444
194.71,44262,27194,29018,4120.7,27194,376.59,349.3,74.746,379.8,12.133,32.639,234.19,672.7,107.17,61.988,219.73,413.742,295.832,33.981,19.0196,548.914,938.569,606.439,415.604,104.238
194.51,44422,27303,29189,4138.7,27303,376.64,349.5,74.523,379.54,12.207,32.764,235.18,677.49,108.41,62.828,219.7,413.953,296.847,34.1616,19.078,550.293,948.595,614.188,410.807,105.293
194.05,44354,27191,29045,4112.4,27191,374.6,347.54,73.719,380.7,12.1,32.478,236.26,679.57,107.87,63.226,218.79,411.615,293.406,33.6528,18.7839,545.848,944.973,613.793,422.324,104.869
193.3,44319,27284,29302,4140.9,27284,374.65,347.01,74.599,375.75,12.143,32.532,235.31,672.82,109.74,62.507,218.5,412.763,296.031,34.57,19.1403,547.965,942.029,617.867,400.947,106.462
194.13,44599,27381,29306,4153.2,27381,376.71,349.34,74.226,378.95,12.264,32.882,236.52,682.55,109.23,63.726,219.53,414.643,297.973,34.1902,19.1669,551.666,956.415,622.474,408.811,105.994
193.56,44278,27241,29064,4129.9,27241,374.48,347.92,74.2,377.77,12.097,32.483,235.13,675.03,108.74,62.594,218.68,411.644,295.42,33.886,19.0388,547.956,944.079,607.68,415.667,105.605
194.81,44521,27430,29197,4156.8,27430,377.07,350.87,74.173,381.26,12.318,32.879,236.3,683.62,109.07,63.411,220.05,414.786,298.307,34.0319,19.1063,553.254,957.69,619.339,414.402,105.844
194.29,44393,27289,29107,4138.1,27289,376.84,349.37,74.41,379.19,12.223,32.731,235.43,678.09,108.21,62.702,219.78,414.964,297.106,34.0413,19.1167,550.556,944.516,617.769,413.601,105.122
192.45,44197,27261,29110,4130.3,27261,371.88,345.94,73.518,376.36,12.061,32.205,236.31,677.01,110.36,62.932,217.58,409.539,293.45,33.9324,18.9129,544.976,945.78,613.214,414.855,107.023
194.59,44087,27200,28997,4113,27200,374.46,348.29,74.056,381.59,12.144,32.316,235.51,674.8,107.64,61.954,219.22,411.453,293.678,33.9932,18.7809,546.981,936.796,613.185,418.684,104.666
194.35,44451,27358,29278,4144.2,27358,375.41,349.92,73.58,381.65,12.27,32.723,237.72,686.45,108.28,63.753,219.81,412.447,297.467,34.1497,19.0488,552.336,965.703,621.173,412.133,105.175
193.41,44226,27182,29196,4116.2,27182,373.56,346.88,74.053,377.82,12.045,32.406,235.9,674.87,108.73,62.615,218.5,410.867,293.338,34.2576,18.8749,544.752,947.954,609.021,409.076,105.62
192.73,44179,27120,29056,4102.3,27120,371.64,345.46,73.352,377.91,11.956,32.173,236.4,676.84,108.72,63.019,217.61,408.522,291.264,33.7332,18.7177,542.018,947.077,606.169,419.555,105.632
194.93,44147,27261,29143,4126.6,27261,375.44,349.91,74.21,382.02,12.217,32.526,236.14,677.23,107.36,62.082,220.04,412.424,296.051,34.3626,18.9498,550.513,949.201,613.492,411.051,104.397
194.89,44462,27399,29308,4160,27399,377.38,351.35,74.484,380.61,12.338,32.922,236.17,681.61,107.85,63.018,220.5,414.728,300.728,34.459,19.3488,556.617,960.337,619.384,405.208,104.765
193.73,44287,27269,29303,4129.7,27269,373.67,347.38,73.925,379.08,12.147,32.432,236.7,677.84,108.98,63.021,218.65,410.34,294.786,34.3932,18.9332,547.601,950.673,617.988,406.757,105.814
195.11,44573,27326,29197,4144.1,27326,378.01,350.52,74.488,381.35,12.283,32.955,235.76,681.34,107.22,63.336,220.2,415.533,299.007,34.0303,19.1965,554.002,951.712,618.97,413.937,104.241
192.73,44027,27269,29001,4125.3,27269,371.51,345.12,73.917,376.39,12.056,31.971,234.84,670.21,111.47,61.998,217.15,408.628,291.08,33.9102,18.7076,541.765,925.831,614.536,416.968,108.003
193.53,44277,27183,29015,4120.4,27183,375.09,348.07,74.203,377.61,12.067,32.539,234.63,675.3,108.18,62.512,219.07,412.527,294.795,33.8129,19.0056,546.64,944.788,605.831,416.734,105.128
193.43,44414,27233,29108,4121.2,27233,373.68,346.91,73.445,379.48,12.1,32.431,236.47,681.49,108.76,63.765,218.28,410.122,293.721,33.5976,18.8388,546.064,948.698,616.406,421.407,105.635
194.44,44560,27331,29246,4144.9,27331,376.88,350.15,74.298,379.72,12.216,32.916,236.29,681.72,108.25,63.544,219.88,413.826,297.978,34.0527,19.159,551.892,960.606,612.463,411.328,105.144
195.2,44347,27309,29170,4135.9,27309,377.16,350.25,74.555,381.67,12.268,32.74,235.51,677.72,107.76,62.49,220.24,414.338,296.934,34.2644,19.0156,551.299,945.52,618.279,411.346,104.731
194.69,44294,27342,29074,4137.5,27342,375.71,350.01,73.861,382.1,12.264,32.582,236.78,681.73,108.53,62.84,219.87,412.806,295.999,33.9204,18.914,550.471,950.162,618.636,418.61,105.403
195.46,44453,27479,29344,4170.4,27479,377.65,352.03,74.386,382.61,12.452,32.914,237.22,683.93,107.92,63.04,220.77,415.307,301.841,34.5957,19.3555,559.285,959.406,628.715,404.922,104.808
193.16,44330,27447,29080,4168.6,27447,375,348.5,74.455,375.56,12.237,32.541,234.61,675.11,111.41,62.493,218.5,413.642,297.88,33.9954,19.2568,551.107,939.688,616.711,412.508,107.866
193.73,44115,27271,28926,4131.6,27271,374.63,347.89,74.526,377.5,12.116,32.37,233.67,670.62,109.76,61.559,218.61,413.424,294.254,33.9335,18.9381,546.28,931.403,607.746,417.408,106.499
195.32,44592,27537,29383,4176,27537,378.17,352.08,74.26,382.36,12.479,33.015,237.44,686.92,109.19,63.665,220.85,415.47,300.854,34.4655,19.2538,557.454,962.442,633.098,405.731,105.919
194.1,44297,27303,29086,4133.6,27303,374.38,347.93,73.799,380.61,12.21,32.403,236.43,679.2,108.72,62.975,218.72,411.545,295.465,33.8607,18.9333,549.39,940.665,621.897,419.124,105.58
193.22,44178,27217,28973,4120.1,27217,373.99,346.83,73.863,377.67,12.11,32.266,235.18,675.31,109.51,62.471,218.6,410.727,292.853,33.7126,18.8287,544.19,932.983,617.858,419.292,106.298
196.33,44227,27275,29095,4126.1,27275,378.03,351.62,74.569,385.25,12.331,32.735,235.79,678.3,105.89,61.926,221.16,415.316,297.394,34.3239,18.9519,553.374,943.339,619.976,414.34,103.098
194.28,44359,27247,29270,4126.9,27247,375.34,348.76,73.807,380.97,12.214,32.61,237.16,682.13,107.42,63.248,219.71,412.268,296.201,34.2965,18.9978,550.058,954.948,622.607,409.472,104.447
194.17,44148,27311,29201,4137.6,27311,374.24,348.31,74.052,380.11,12.239,32.37,236.17,676.84,108.7,62.26,219.12,411.917,296.202,34.4663,19.0121,550.386,942.789,623.045,408.358,105.556
194.04,44396,27383,29372,4151.6,27383,374.65,348.42,73.932,379.78,12.282,32.58,237.51,681.49,109.21,63.35,219.01,412.246,297.662,34.5192,19.1217,552.216,953.791,627.875,404.894,105.973
195.78,44389,27412,29208,4148.6,27412,377.23,351.69,73.849,385.34,12.419,32.798,237.53,686.86,107.27,63.116,220.81,415.473,298.855,34.2867,19.0309,555.828,957.881,629.562,414.551,104.28
195.21,44265,27248,29290,4119,27248,375.72,350.05,74.095,383.14,12.194,32.686,237.04,680.41,107.31,62.661,220.29,412.846,294.694,34.5755,18.7939,548.453,961.775,612.559,406.831,104.367
195.5,44448,27299,29155,4132.3,27299,377.78,350.72,74.321,383.18,12.285,32.855,235.9,681.6,106.98,62.979,220.54,415.313,297.178,34.0909,18.9885,552.013,950.683,619.768,415.396,104.047
193.93,44114,27218,29254,4117.4,27218,373.89,347.45,74.202,379.07,12.119,32.347,236.16,673.83,109.08,62.127,219.08,410.573,292.764,34.5993,18.7735,544.454,944.32,615.552,404.053,105.927
193.84,44166,27314,29076,4137.4,27314,374.41,348.41,73.81,379.75,12.243,32.334,235.75,678.49,109.06,62.489,219.22,411.173,295.736,34.0297,18.9824,549.567,939.872,624.271,415.314,105.868
194.26,44499,27427,29220,4161.2,27427,376.63,349.84,74.486,378.7,12.281,32.81,235.86,679.33,109.84,63.136,219.47,414.361,298.369,34.1401,19.1974,552.464,950.514,618.559,410.34,106.516
193.84,44262,27282,29056,4137.6,27282,375.15,348.83,74.436,377.91,12.133,32.571,234.97,674.45,108.92,62.268,219.03,413.159,296.308,34.0122,19.0966,549.28,945.546,605.88,414.051,105.743
193.83,44283,27171,29202,4115.1,27171,374.49,347.66,74.232,378.54,12.052,32.54,235.55,675.16,108,62.656,218.92,411.665,294.068,34.2497,18.916,545.875,950.688,606.346,409.169,104.973
193.82,44035,27131,29058,4102,27131,373.22,346.82,73.691,380.34,12.084,32.19,236.09,675.64,107.65,62.095,218.81,410.776,292.256,34.1578,18.7212,544.37,939.134,616.059,415.168,104.69
193.26,44166,27183,29309,4122.6,27183,374.05,347.57,74.597,375.76,12.028,32.532,235.37,671.38,108.97,61.983,218.98,411.871,294.358,34.7912,19.0262,545.241,954.685,602.663,397,105.816
194.18,44356,27390,29209,4152.5,27390,375.54,349.44,74.203,379.44,12.269,32.62,236.04,679.22,109.51,62.902,219.42,412.568,297.408,34.2031,19.1068,551.616,949.454,619.955,410.359,106.239
193.98,44106,27304,29133,4131.8,27304,373.78,348.84,74.026,379.63,12.149,32.383,235.77,676.08,109.61,62.164,219.16,410.602,294.099,34.2691,18.8456,546.958,950.86,608.574,411.006,106.36
194.8,44480,27427,29113,4155.7,27427,377.61,351.19,74.037,381.62,12.368,32.825,236.14,684.73,108.92,63.332,220.53,414.528,298.289,33.846,19.0944,553.383,951.902,625.937,417.704,105.715
194.1,44297,27154,29171,4110.3,27154,374.78,347.74,74.248,379.37,12.053,32.538,235.66,675.06,107.64,62.7,219.02,411.349,293.672,34.1255,18.86,545.55,947.809,606.68,411.798,104.667
192.46,44141,27185,29110,4118.5,27185,371.91,345.24,73.855,375.55,12,32.153,235.18,672.51,109.95,62.503,217.47,409.066,292.417,34.0332,18.8738,542.99,938.507,610.16,412.192,106.686
195.55,44433,27411,29329,4155.5,27411,377.88,351.3,74.551,382.55,12.403,32.87,236.65,681.33,107.8,62.857,220.76,414.959,299.709,34.5864,19.1934,555.835,952.073,628.854,404.832,104.729
193.53,44389,27362,29216,4142.6,27362,373.47,347.97,73.277,380.16,12.215,32.45,237.61,684.81,109.69,63.836,218.59,410.277,295.509,33.9161,18.9317,549.321,956.938,622.916,416.18,106.412
192.19,44087,27124,28947,4110.1,27124,371.66,345.12,73.809,374.97,11.927,32.11,234.64,671.15,109.47,62.243,217.29,409.234,291.967,33.6936,18.8737,542.099,936.612,601.604,418.899,106.278
193.18,44179,27282,29005,4132.3,27282,372.93,346.45,74.083,377.12,12.089,32.214,234.7,672.36,110.34,62.371,217.67,410.012,293.63,33.776,18.8975,545.574,932.242,611.464,418.712,106.999
195.67,44426,27397,29166,4155.9,27397,379.02,351.94,74.749,382.34,12.415,32.924,235.27,680.17,107.34,62.51,221.11,416.644,300.469,34.2878,19.2694,556.767,944.839,627.018,410.9,104.325
194.09,44379,27325,29198,4143.7,27325,375.73,348.94,74.232,379.09,12.227,32.655,235.9,678.82,108.74,62.9,219.35,413.64,297.251,34.2044,19.1242,551.026,948.691,618.91,410.506,105.575
193.2,44213,27267,29062,4130.7,27267,373.76,347.39,73.743,377.97,12.141,32.345,235.72,677.87,109.47,62.699,218.63,411.367,294.458,33.9182,18.9427,546.799,943.057,617.257,416.121,106.241
193.72,44194,27295,29063,4135.1,27295,374.66,348.27,74.077,378.61,12.188,32.395,235.5,676.17,109.37,62.367,219.1,411.594,295.14,34.0052,18.9712,548.033,939.582,617.709,414.62,106.148
194.5,44261,27328,29175,4137.4,27328,375.36,348.89,74.277,380.42,12.238,32.51,236.23,676.77,109.06,62.49,219.4,412.256,295.569,34.2565,18.9367,549.228,942.217,620.187,411.115,105.868
192.97,44206,27308,29043,4140.6,27308,373.19,347.16,73.974,376.62,12.112,32.331,234.76,675.08,110.23,62.484,218,411.539,295.145,33.9163,19.0349,547.542,942.04,610.735,415.904,106.894
193.63,44026,27185,29082,4111.3,27185,372.97,346.56,74.374,377.86,12.019,32.202,234.75,668.85,109.64,61.612,218.21,410.065,291.311,34.2703,18.7012,542.057,935.057,604.708,410.714,106.423
194.33,44367,27390,29235,4154.3,27390,376.38,350.61,74.333,379.41,12.273,32.778,236.11,680.17,109.15,62.794,220.11,413.747,298.202,34.3428,19.1728,552.493,958.243,615.295,407.28,105.918
194.59,44253,27246,29085,4121.2,27246,375.21,348.8,73.907,381.72,12.185,32.513,236.16,679.37,107.86,62.648,219.49,412.938,294.553,34.0304,18.8323,548.034,946.567,616.706,417.141,104.844
194.65,44326,27232,29118,4120,27232,375.4,349.24,73.786,382.25,12.172,32.623,236.78,681.82,107.16,63.006,219.66,413.315,295.269,34.0096,18.8803,549.142,955.172,613.706,417.387,104.228
192.83,44083,27268,29048,4129.4,27268,372.76,346.1,74.269,375.54,12.06,32.169,234.13,669.71,111.22,61.886,217.78,410.107,292.212,34.0762,18.8284,542.733,931.165,610.572,412.103,107.777
194.51,44304,27262,29213,4125.9,27262,375.52,349.26,73.985,381.21,12.199,32.607,236.84,680.28,107.95,62.885,219.86,412.263,295.234,34.2544,18.9005,548.694,953.719,617.094,410.833,104.917
193.23,44100,27152,29062,4116.3,27152,373.75,346.88,74.215,376.93,12.056,32.297,234.14,671.81,108.24,61.937,218.61,411.137,294.255,34.1435,18.9963,545.977,937.095,609.914,411.399,105.189
194,44383,27417,29270,4161.6,27417,375.87,349.22,74.648,377.58,12.269,32.674,235.37,675.92,110.15,62.674,219.24,413.165,298.229,34.4101,19.2282,552.069,946.081,619.35,404.715,106.782
194.17,44263,27277,29008,4131.4,27277,375.12,348.64,74.066,380.03,12.18,32.487,235.49,677.36,108.44,62.538,219.11,412.796,295.637,33.8192,18.9733,549.2,941.192,614.536,419.726,105.334
194.97,44271,27325,29150,4134.8,27325,376.32,350.81,73.691,383.38,12.319,32.656,236.84,685.04,107.51,62.854,220.69,413.847,296.787,34.207,18.9446,551.943,957.302,624.329,414.229,104.515
194.93,44442,27328,29289,4144.7,27328,377.28,350.3,74.63,380.45,12.269,32.876,236.04,678.85,107.76,62.802,220.19,415.194,298.514,34.4882,19.1838,553.036,953.904,617.711,405.436,104.714
193.93,44089,27215,29155,4117.4,27215,373.93,347.56,73.781,380.24,12.174,32.291,236.43,677.4,108.3,62.225,219.21,411.689,293.668,34.3936,18.8176,546.412,942.105,623.06,410.165,105.241
194.83,44460,27448,29143,4166.5,27448,377.59,350.88,74.747,379.7,12.343,32.844,235.32,678.1,109.18,62.707,219.94,415.304,299.976,34.087,19.298,555.33,944.938,619.365,412.526,105.923
194.54,44296,27337,29182,4147,27337,375.83,349.89,74.511,379.78,12.237,32.651,235.54,676.36,108.27,62.412,219.6,413.02,298.311,34.2924,19.1925,553.055,948.822,612.834,409.479,105.155
195.18,44211,27330,29121,4140.8,27330,376.87,350.85,74.65,381.38,12.275,32.688,235.05,676.07,107.97,61.851,220.4,414.77,297.442,34.3966,19.0648,552.161,946.279,614.062,410.055,104.91
194.68,44417,27297,29138,4135.6,27297,376.77,350.12,74.207,380.98,12.236,32.747,235.72,680.51,107.8,63.065,220.11,413.063,296.964,33.9443,19.0442,551.069,951.074,616.134,415.276,104.768
194.3,44276,27241,29129,4121.5,27241,374.78,348.52,74.101,380.35,12.117,32.539,235.93,677.16,108.43,62.664,219.14,412.087,294.054,34.077,18.8343,546.71,950.025,608.494,414.535,105.347
194.19,44287,27397,29045,4156,27397,375.82,349.66,74.34,379.13,12.282,32.566,234.72,677.16,109.45,62.401,219.37,413.588,298.123,33.9581,19.1788,552.748,940.581,618.588,416.058,106.177
193.99,44151,27146,29064,4105.7,27146,373.48,346.57,73.816,380.49,12.085,32.258,236.27,675.47,107.5,62.418,218.42,411.263,293.015,34.0268,18.7771,545.538,936.857,616.088,417.507,104.548
194.37,44403,27298,29178,4138.8,27298,376.27,348.98,74.17,380.15,12.262,32.639,235.78,679.71,107.9,63.051,219.63,413.178,297.499,34.0765,19.1201,551.762,943.506,625.173,412.934,104.847
193.63,44255,27254,29120,4131.2,27254,374.95,347.24,74.454,377.29,12.148,32.436,234.71,672.85,109.27,62.297,218.69,412.527,294.949,34.1572,19.0084,547.018,933.353,618.208,410.788,106.065
193.37,44396,27324,29082,4143.9,27324,375.28,348.38,74.366,376.51,12.131,32.614,235.23,675.75,110.2,62.892,218.79,412.232,295.655,33.7944,19.069,547.643,945.309,608.674,415.029,106.862
194.78,44288,27336,29206,4139.3,27336,375.95,349.82,74.194,381.42,12.271,32.63,235.74,679.53,108.41,62.594,219.93,413.558,296.577,34.3667,18.9868,550.955,950.147,620.354,409.969,105.296
193.54,44187,27183,29254,4112.7,27183,373.05,346.72,74.355,377.45,11.979,32.412,235.6,671.5,109.51,62.299,218.21,410.459,291.759,34.4882,18.7486,542.193,951.064,599.856,404.821,106.305
192.66,44158,27180,29264,4120.7,27180,371.89,345.21,73.99,375.82,12.028,32.175,235.91,672.12,109.29,62.592,217.57,408.241,293.668,34.3781,18.9755,544.99,940.795,613.819,404.918,106.1
193.58,44103,27200,29192,4120.5,27200,373.22,346.59,74.266,377.89,12.089,32.257,235.62,671.49,108.75,62.015,218.33,410.434,293.987,34.4511,18.9281,546.13,937.569,613.892,406.7,105.625
193.2,44213,27251,29138,4125.3,27251,373.31,346.58,73.959,377.42,12.088,32.318,235.12,675.03,110.05,62.605,218.21,410.856,292.905,34.1147,18.8301,544.198,941.477,614.447,412.08,106.758
194.12,44357,27329,29268,4140.4,27329,375.16,349.03,74.076,379.67,12.211,32.626,236.8,679.84,109.04,63.054,219.42,412.099,296.19,34.3126,19.0123,549.688,955.075,617.17,408.201,105.845
194.23,44309,27312,29167,4140.4,27312,375.95,349.17,74.662,378.41,12.186,32.632,235.3,674.18,109.19,62.364,219.46,412.649,296.21,34.2254,19.0595,549.16,943.905,611.721,408.973,105.982
193.98,44265,27275,29281,4128.6,27275,374.04,348.12,73.936,379.78,12.15,32.494,237.35,678.6,108.91,62.863,219.02,411.286,294.563,34.4337,18.8875,547.409,955.032,614.832,407.1,105.757
193.39,44128,27128,29025,4113.7,27128,374.22,347.34,74.534,376.52,12.002,32.401,234.33,669.6,107.98,61.76,218.66,411.631,294.318,34.0663,19.0205,545.707,939.122,599.875,412.121,104.957
193.82,44194,27285,29150,4130.6,27285,373.63,348.25,73.91,379.44,12.126,32.43,236.51,677.44,109.23,62.539,218.77,411.508,294.496,34.2102,18.8918,547.397,952.814,609.033,412.283,106.03
194.31,44431,27356,29244,4149,27356,377.01,349.63,74.773,378.13,12.236,32.814,234.97,676.26,109.48,62.662,219.79,414.675,297.141,34.3706,19.1299,550.118,948.003,616.246,405.561,106.218
193.24,44196,27206,29238,4112.2,27206,371.71,345.47,73.27,379.68,12.086,32.143,237.16,679.18,109.18,63.238,217.79,408.426,291.752,34.1732,18.676,543.609,945.75,622.336,412.645,106.022
194.54,44326,27269,29106,4131.3,27269,376.16,349.32,74.377,380.21,12.191,32.648,235.26,676.96,107.99,62.559,219.64,413.494,296.202,34.0535,19.0146,549.759,945.21,613.296,414.329,104.939
195.33,44333,27428,29036,4158.5,27428,377.93,352.2,74.624,381.71,12.353,32.833,234.83,679.12,108.5,62.243,220.71,415.643,299.332,34.0172,19.1838,555.121,948.345,614.854,416.365,105.342
194.36,44272,27284,29078,4131,27284,375.46,348.77,74.123,380.41,12.204,32.53,236.16,677.82,108.49,62.534,219.36,413.376,295.403,34.0309,18.9362,548.856,942.554,617.693,416.079,105.382
194.98,44450,27393,29054,4150,27393,377.24,350.34,74.263,381.7,12.322,32.76,235.59,681.14,108.58,62.978,219.87,415.341,297.915,33.8149,19.0731,552.971,943.708,622.566,420.218,105.423
194.42,44298,27221,29197,4122,27221,376.29,349.21,74.264,380.13,12.185,32.648,235.99,678.07,107.71,62.611,220.14,412.95,295.185,34.2962,18.942,547.951,948.92,617.169,408.822,104.708
193.69,44171,27122,29179,4102.6,27122,373.74,346.88,73.964,379.02,12.036,32.364,236.28,675.07,107.94,62.483,218.87,410.55,292.159,34.2727,18.7527,543.314,946.273,610.562,409.784,104.949
193.37,44049,27148,29111,4109.3,27148,373.12,346.6,73.747,378.73,12.095,32.178,236.14,675.11,108.13,62.182,218.76,409.937,292.999,34.2299,18.8325,544.918,938.565,618.692,411.406,105.101
194.11,44159,27211,29149,4120.5,27211,374.72,348.03,74.283,379.34,12.141,32.413,234.86,674.1,108.16,62.126,219.26,411.562,294.515,34.3145,18.9195,547.156,940.678,614.854,409.518,105.11
194.37,44200,27255,29094,4117.2,27255,373.89,347.79,73.656,382,12.162,32.337,237.02,679.14,108.7,62.743,218.87,411.147,292.693,34.0003,18.6623,545.659,943.796,618.621,418.458,105.593
195.37,44492,27486,29065,4169.2,27486,378.63,352.78,74.527,381.89,12.398,32.996,235.65,682.75,108.72,62.875,220.84,416.584,300.595,33.8811,19.2653,556.914,954.289,617.165,418.033,105.516
193.8,44255,27389,29240,4151.5,27389,374.12,348.66,73.875,379.29,12.261,32.452,236.41,679.84,109.81,62.836,219.01,411.528,296.878,34.3491,19.0706,551.112,950.766,622.714,408.619,106.501
194.24,44446,27331,29087,4144.5,27331,376.19,349.65,74.243,379.47,12.201,32.756,235.58,679.64,108.55,63.058,219.39,414.236,297.563,33.8379,19.1354,551.533,951.655,611.056,417.432,105.408
193.65,44212,27255,29204,4131.1,27255,374.37,347.74,74.337,377.69,12.134,32.441,235.37,673.87,109.12,62.332,218.89,411.327,295.081,34.3634,19.0072,547.435,943.487,613.749,406.732,105.93
194.35,44350,27340,29211,4142.7,27340,376.09,349.53,74.342,379.58,12.237,32.677,235.51,678.37,109.12,62.741,219.75,413.261,296.425,34.2755,19.03,549.879,949.788,617.621,409.074,105.914
194.72,44181,27229,29164,4114,27229,374.6,348.52,73.699,382.93,12.199,32.408,237.02,680.24,107.65,62.645,219.6,411.6,293.526,34.251,18.7116,547.066,947.605,621.597,413.963,104.674
193.96,44119,27212,29129,4114.4,27212,373.43,347.13,73.813,380.36,12.131,32.239,235.95,675.97,108.6,62.403,218.74,409.997,292.766,34.1729,18.7379,545.227,939.538,618.499,413.633,105.51
195.59,44543,27293,29237,4130,27293,377.61,350.56,73.998,384.31,12.294,32.923,237.28,685.67,106.4,63.586,220.47,415.777,297.432,34.1451,18.975,552.715,958.753,623.05,415.096,103.538
194.45,44411,27359,29259,4145.3,27359,376.04,349.73,74.17,380.31,12.257,32.723,236.78,680.88,108.92,63.128,219.77,413.102,296.968,34.2736,19.047,550.976,955.06,619.194,409.199,105.734
195.53,44304,27250,29164,4116.5,27250,375.91,350.2,73.802,385,12.221,32.676,237.37,683.19,106.65,62.907,220.21,413.784,294.891,34.1978,18.7514,549.555,958.761,615.091,416.363,103.786
194.72,44453,27244,29235,4126.1,27244,376.69,349.8,73.977,381.73,12.224,32.785,237.29,683.09,106.88,63.406,220.28,413.229,296.662,34.1274,19.0095,550.687,957.347,619.439,412.12,103.973
193.24,44285,27279,29219,4133,27279,373.56,346.51,74.089,377.09,12.117,32.389,235.83,675.21,110.05,62.781,218.09,411.548,294.122,34.2688,18.9362,545.866,942.255,617.52,408.73,106.749
193.75,44212,27179,28971,4121.6,27179,375,347.67,74.563,377.47,12.066,32.464,234.24,670.96,107.98,61.953,218.67,412.98,295.314,33.8711,19.0594,547.584,934.453,604.984,416.92,104.945
195.29,44558,27473,29158,4171.5,27473,379.18,352.12,75.155,379.84,12.362,33.081,234.54,677.84,109.1,62.677,220.54,417.188,300.795,34.1284,19.3501,556.173,948.589,615.111,411.107,105.842
193.18,44261,27346,29165,4142.5,27346,372.84,346.59,73.729,377.96,12.181,32.242,235.91,677.34,110.52,63.057,217.88,409.358,294.742,33.9836,18.9459,547.648,938.928,623.434,414.28,107.144
193.32,44117,27093,29253,4106.5,27093,373.63,346.3,74.336,376.89,12.03,32.319,235.15,670.97,107.63,62.07,218.74,410.089,293.638,34.5766,18.9608,544.795,940.79,612.21,401.966,104.664
193.36,44233,27231,29212,4125.6,27231,373.53,346.7,74.191,377.28,12.083,32.369,235.55,673.63,109.39,62.568,218.28,410.541,293.939,34.2853,18.9304,545.632,942.676,612.791,407.982,106.176
192.67,44202,27248,29195,4127.9,27248,372.25,346.02,73.918,375.92,12.034,32.274,235.43,674.11,110.51,62.696,217.7,409.583,292.939,34.1997,18.884,543.822,946.498,609.186,408.894,107.155
196.25,44535,27479,29298,4172.8,27479,380.82,354.17,75.24,382.45,12.484,33.259,235.28,681.14,107.44,62.526,222.15,418.356,302.867,34.6285,19.4395,559.958,958.009,622.681,402.603,104.389
193.88,44456,27495,29106,4172.1,27495,376.02,349.81,74.424,377.73,12.286,32.719,234.97,678.56,111.21,62.984,219.03,414.021,298.24,33.878,19.1979,552.251,947.015,616.011,415.278,107.693
194.69,44413,27361,29147,4151.9,27361,377.65,350.56,74.986,378.7,12.244,32.883,234.23,675.2,108.86,62.315,220.02,415.965,298.381,34.2446,19.2175,552.199,947.121,610.475,409.185,105.665
194.28,44117,27158,29011,4105.5,27158,374.26,347.87,74.005,380.81,12.076,32.364,235.73,675.02,107.73,62.08,219.07,411.993,292.553,34.009,18.7192,544.747,941.815,608.201,417.934,104.758
195.45,44647,27551,29217,4179.5,27551,378.78,352.56,74.679,381.56,12.421,33.1,235.16,683.32,109.61,63.453,220.53,416.09,300.929,34.0169,19.2805,557.2,957.214,619.825,413.75,106.278
192.81,43954,27261,28937,4124.4,27261,371.49,346.18,73.581,377.55,12.072,32,235.21,673.65,110.65,61.873,217.68,409.703,291.931,33.8887,18.7472,543.51,935.125,611.728,419.454,107.284
194.3,44175,27200,29126,4117.5,27200,374.81,348.01,74.334,379.83,12.126,32.432,235.12,673.69,107.95,62.122,219.16,411.895,294.261,34.2528,18.8846,546.923,940.013,612.579,411.391,104.927
194.95,44119,27232,29233,4125.3,27232,375.77,349.31,74.53,381.2,12.232,32.521,236.22,674.51,107.05,61.724,220.08,413.38,296.45,34.752,19.0193,550.682,943.382,619.308,403.545,104.121
193.88,44265,27225,29043,4121.3,27225,374.52,347.73,73.94,379.56,12.119,32.448,235.63,677.25,108.43,62.678,218.8,412.433,294.196,33.8705,18.8795,546.751,942.768,613.23,418.507,105.347
193.51,44267,27207,29183,4124,27207,373.93,346.84,74.081,378.03,12.112,32.377,235.87,675.07,108.31,62.764,218.46,410.478,295.108,34.1338,19.0163,547.679,940.291,616.945,410.939,105.233
193.48,44196,27285,29196,4128.7,27285,373.67,347.5,73.704,378.92,12.168,32.345,236.67,678.83,109.83,62.764,218.91,410.749,293.423,34.2607,18.8147,545.544,947.33,621.394,410.038,106.562
194.94,44422,27328,29227,4137.2,27328,376.7,350.55,73.866,382.65,12.284,32.826,237.5,685.32,107.61,63.247,220.39,415.359,297.136,34.2769,18.9933,551.871,962.47,620.871,412.161,104.592
195.12,44323,27303,29279,4134.4,27303,376.55,350.37,74.216,382.29,12.28,32.73,236.79,680.9,107.43,62.739,220.47,413.632,297.052,34.5145,19.0081,551.742,955.957,620.709,406.715,104.438
193.84,44300,27334,29045,4145.3,27334,375.69,349.3,74.048,378.88,12.245,32.549,235.09,679.16,108.98,62.717,219.55,412.703,297.192,33.8482,19.1258,551.071,943.647,619.66,416.805,105.788
194.36,44519,27284,29215,4140,27284,377.38,349.85,74.49,379.02,12.213,32.901,235.5,679.64,107.74,63.185,220.04,414.741,298.095,34.1159,19.206,551.68,953.559,614.959,410.069,104.707
194.02,44228,27189,29168,4110.2,27189,374.22,347.36,73.85,380.31,12.115,32.375,236.68,677.37,108.39,62.792,219.07,410.255,292.41,34.1187,18.7112,544.276,943.731,617.655,413.036,105.327
195.03,44353,27182,29277,4119.6,27182,377.06,349.44,74.786,380.56,12.169,32.787,235.71,675.07,106.34,62.413,220.2,414.033,296.678,34.5474,19.0685,550.136,948.741,612.813,404.202,103.501
193.52,44058,27296,29194,4132.3,27296,372.27,346.92,73.976,378.52,12.134,32.158,235.73,673.39,110.02,62.151,218.12,408.906,293.827,34.3982,18.8666,546.573,940.955,615.161,408.366,106.726
194.03,44149,27290,29115,4130.7,27290,374.23,347.76,74.238,379.25,12.177,32.32,235.36,673.74,109.53,62.144,218.82,410.966,294.113,34.1971,18.8643,546.85,935.422,618.077,412.148,106.295
194.74,44103,27155,29087,4107.9,27155,375.35,348.75,74.288,381.38,12.14,32.439,235.36,674.37,106.88,61.839,219.85,412.227,294.009,34.2847,18.8265,547.005,940.743,612.695,412.264,103.999
194.26,44379,27299,29143,4141.3,27299,376.53,349.02,74.678,378.41,12.204,32.702,234.86,675.08,108.56,62.504,219.42,414.39,297.259,34.1548,19.1535,550.603,941.488,615.14,410.81,105.424
191.73,44083,27145,29008,4112.6,27145,371.26,344.51,73.701,373.82,11.925,32.087,234.95,671.81,110.5,62.306,217.1,409.741,291.096,33.8817,18.8277,540.316,938.362,605.137,414.922,107.171
195.14,44414,27470,29110,4168.3,27470,377.98,351.98,74.574,381.17,12.399,32.857,235.38,680.53,108.8,62.639,220.58,415.376,300.514,34.0595,19.29,556.748,948.325,621.271,414.286,105.586
195.3,44540,27211,29221,4128.4,27211,378.95,351.08,74.97,380.6,12.192,33.089,235.13,677.64,105.84,62.853,220.87,415.825,298.692,34.223,19.2262,552.712,955.544,607.594,408.45,103.048
193.81,44185,27193,29183,4112.4,27193,373.66,346.73,73.778,379.88,12.121,32.317,236.53,677.2,108.47,62.625,218.7,411.396,292.719,34.2934,18.7528,544.722,942.361,620.862,411.234,105.398
193.41,44338,27240,29103,4130.4,27240,374.26,347.82,74.169,377.36,12.065,32.536,234.93,675.65,108.87,62.883,218.49,411.313,295.382,33.8656,19.0482,547.666,949.34,603.994,415.069,105.715
195.61,44579,27466,29224,4164.4,27466,379.07,352.73,74.637,382.27,12.394,33.1,236,683.38,108.47,63.23,221.1,416.098,300.108,34.1433,19.2129,555.998,959.234,619.08,411.737,105.308
193.11,44020,27238,29009,4127.6,27238,372.94,346.35,74.309,376.39,12.09,32.117,234.25,668.98,109.98,61.607,217.99,409.975,293.604,34.0717,18.9343,545.303,926.456,613.02,413.253,106.694
194.37,44245,27288,29067,4130.4,27288,375.47,348.75,74.272,380.06,12.189,32.516,235.74,676.1,108.9,62.32,219.33,413.249,294.794,34.0562,18.8932,547.8,940.616,615.359,415.433,105.744
194.89,44306,27236,29149,4126.5,27236,377.26,349.64,74.826,380.01,12.194,32.741,234.8,674.25,107.56,62.084,220.15,415.023,296.112,34.3487,19.02,549.198,942.203,613.304,408.826,104.568
194.56,44458,27348,29348,4150.4,27348,377.09,350.09,74.703,379.06,12.268,32.87,235.6,678.16,108.44,62.899,220.11,414.138,298.679,34.5621,19.2359,552.773,954.764,618.47,401.635,105.303
194.15,44399,27230,29048,4127.5,27230,375.74,348.75,74.141,379.67,12.141,32.638,235.19,678.27,107.5,63.023,219.21,412.759,296.449,33.7074,19.0673,549.939,946.266,610.688,419.676,104.514
194.97,44378,27322,29061,4141.5,27322,377.14,350.27,74.672,380.6,12.235,32.765,234.56,676.36,108.04,62.435,219.85,414.874,297.608,33.9694,19.1051,551.974,943.567,611.652,416.275,104.962
194.65,44321,27285,29183,4132.9,27285,375.27,349.36,74.081,381.42,12.202,32.613,236.02,679.42,107.61,62.845,219.46,412.582,296.768,34.1789,19.0226,551.303,952.906,613.729,413.162,104.6
193.44,44114,27131,29098,4107.3,27131,372.67,346.51,73.71,379.11,12.044,32.203,236.01,675.16,107.62,62.51,218.34,408.94,293.378,34.0192,18.86,545.701,942.293,611.145,415.039,104.651
193.11,44130,27138,29248,4107.5,27138,372.51,345.78,73.618,378.24,12.061,32.216,237.14,676.51,108.31,62.656,218.35,409.835,292.567,34.4375,18.8125,543.968,945.553,619.369,406.797,105.263
193.97,44268,27288,29179,4130.8,27288,374.56,347.83,74.211,379.03,12.159,32.454,235.61,675.61,109.49,62.613,218.85,411.476,294.218,34.2006,18.8776,546.64,942.433,616.347,410.881,106.26
192.85,44230,27301,29146,4141.9,27301,373.54,346.89,74.292,375.3,12.103,32.382,234.57,672.88,110.55,62.389,218.06,411.576,295.122,34.1895,19.0752,546.806,941.112,611.615,408.793,107.168
191.98,44187,27289,29012,4140.8,27289,371.78,345.18,74.292,372.84,11.992,32.16,233.9,668.34,111.9,62.313,216.67,409.032,293.503,33.7448,19.0232,543.884,931.52,603.187,415.259,108.347
193.99,44453,27438,29259,4165.5,27438,376.72,349.97,74.679,377.28,12.28,32.824,235.62,677.71,110.38,62.828,219.65,414.595,298.529,34.3564,19.2523,552.101,951.532,617.565,405.035,106.978
192.48,44051,27154,29085,4110.2,27154,371.18,344.54,73.736,376.13,11.983,32.011,235.36,671.47,109.85,62.271,217.19,408.499,291.219,34.065,18.7638,541.592,933.797,611.778,413.286,106.611
193.78,44250,27213,29058,4131.6,27213,375.72,348.37,74.751,376.9,12.114,32.58,233.96,671.43,107.94,61.954,219.11,413.765,296.996,34.1104,19.2105,549.759,938.281,607.198,411.207,104.897
194.18,44213,27250,28982,4129.1,27250,374.77,348.65,74.11,380,12.155,32.442,234.73,675.96,107.89,62.345,219.01,412.091,296.102,33.7919,19.0257,550.019,940.878,610.441,420.19,104.854
193.66,44175,27260,29191,4132,27260,373.58,347.77,74.049,378.59,12.136,32.388,235.97,675.72,108.65,62.395,218.66,411.305,295.742,34.3565,19.0377,549.021,948.035,612.74,408.744,105.516
194.19,44208,27321,29022,4139.8,27321,375.03,348.9,74.111,379.97,12.233,32.421,235.12,676.76,108.8,62.353,219.21,412.011,296.427,33.9026,19.0319,550.614,938.002,618.604,417.964,105.635
194.07,44220,27171,29204,4112.1,27171,374.14,347.5,74.117,379.72,12.076,32.456,236.36,675.4,107.78,62.502,218.89,411.628,293.705,34.3447,18.8487,545.949,948.336,609.982,409.424,104.786
193.43,44190,27205,29113,4112.2,27205,372.52,346.64,73.532,379.48,12.047,32.259,236.53,677.69,109.21,62.913,218.18,409.268,291.729,33.9357,18.6784,543.298,948.33,610.205,416.901,106.05
194.58,44533,27368,29096,4155.4,27368,377.66,350.29,74.276,380.26,12.33,32.848,235.19,682.19,107.69,63.283,219.97,415.685,300.305,33.8131,19.3344,555.885,945.904,624.888,417.88,104.637
194,44328,27278,29140,4131.5,27278,375.22,348.57,74.137,379.2,12.162,32.567,236.08,677.74,108.88,62.841,219.24,412.092,295.152,34.0266,18.9542,547.914,947.48,613.873,413.553,105.726
194.21,44181,27292,29288,4132.1,27292,374.19,348.42,74.166,379.9,12.185,32.443,235.88,676.28,108.95,62.396,219.22,411.018,295.021,34.6036,18.9194,548.293,950.168,616.51,404.349,105.785
192.33,44186,27156,29129,4116.7,27156,371.94,345.09,73.985,374.82,11.958,32.203,234.91,671.47,109.65,62.605,217.33,408.773,292.718,34.0057,18.9315,543.05,940.245,605.543,411.322,106.427
195.04,44457,27418,29143,4157.6,27418,377.8,351.02,74.706,380.53,12.319,32.884,234.91,678.76,108.94,62.689,220.16,415.912,298.772,34.1246,19.1744,553.627,947.952,617.19,412.903,105.731
194.21,44281,27264,29144,4127.1,27264,375.16,348.26,74.132,379.93,12.177,32.516,236.14,677.31,108.65,62.625,219.21,412.823,294.682,34.1603,18.8949,547.522,943.659,617.821,412.893,105.526
193.29,44174,27179,29177,4115.5,27179,373.29,346.24,74.408,376.55,12.003,32.349,235.23,670.32,109.49,62.139,218.06,411.015,292.411,34.3428,18.8373,542.928,940.949,605.15,407.273,106.282
194.46,44319,27271,29159,4129.8,27271,376.17,349.2,74.623,379.27,12.153,32.677,234.78,674.75,108.81,62.387,219.62,413.308,294.958,34.2234,18.934,547.37,946.468,609.106,410.03,105.666
193.52,44151,27179,28938,4112.6,27179,374.26,347.06,74.135,378.04,12.06,32.311,234.54,672.82,109.06,62.108,218.64,411.471,292.279,33.7413,18.7781,543.32,932.75,609.847,419.879,105.917
194.99,44322,27233,28980,4116.4,27233,375.86,349.3,73.866,383.18,12.183,32.575,235.9,680.57,107.23,62.878,219.65,413.113,294.429,33.6449,18.7777,548.288,945.216,614.324,425.014,104.294
194.51,44299,27362,29205,4144.5,27362,375.72,350.04,74.371,380.02,12.218,32.697,235.73,678.07,109.33,62.489,219.71,413.811,296.31,34.3827,18.9992,549.953,955.954,610.582,408.603,106.097
194.2,44410,27444,29264,4162.8,27444,376.13,349.73,74.447,378.67,12.302,32.724,236.11,678.83,110.27,62.878,219.51,413.901,298.011,34.3717,19.1631,552.087,950.315,621.442,406.608,106.883
193.13,44216,27266,29070,4130.3,27266,373.39,347.01,73.869,377.43,12.108,32.308,235.7,675.86,109.82,62.683,218.28,410.323,294.003,33.8821,18.922,545.993,940.907,613.992,415.954,106.552
194.1,44274,27310,29073,4136.7,27310,375.63,348.84,74.345,378.96,12.194,32.545,235.01,675.87,109.37,62.396,219.34,413.027,295.299,34.0183,18.9648,548.118,940.799,615.218,414.437,106.141
192.62,44085,27199,29109,4117.2,27199,372.15,345.45,73.657,376.66,12.068,32.083,235.78,674.3,110,62.453,217.93,408.783,291.921,34.082,18.7907,542.726,935.179,619.611,412.237,106.732
193.58,44223,27201,29119,4122.1,27201,374.11,347.51,74.175,377.99,12.079,32.422,235.57,674.3,108.4,62.472,218.7,410.974,294.687,34.0774,18.9821,546.933,943.989,608.744,412.332,105.313
193.02,44228,27157,29177,4110.7,27157,372.12,345.72,73.629,377.96,12.007,32.232,236.49,675.95,108.68,63.075,217.76,408.237,292.578,33.9885,18.8178,544.011,946.167,610.275,413.719,105.584
193.83,44250,27297,29151,4134.6,27297,374.15,347.81,74.092,378.92,12.157,32.441,235.67,676.34,109.34,62.576,218.62,412.214,295.038,34.1863,18.9515,547.974,944.662,614.934,412.237,106.121
195.95,44420,27320,29104,4130.8,27320,377.68,351.24,74.31,384.69,12.285,32.843,236.38,681.59,107.08,62.869,220.56,415.081,296.499,33.9856,18.8745,551.674,951.65,615.588,419.045,104.139
192.49,44350,27308,29298,4137.7,27308,372.19,345.7,73.623,376.02,12.089,32.328,236.64,678.38,111.03,63.529,217.5,409.398,293.631,34.1793,18.9206,544.904,950.542,618.335,408.187,107.598
195.9,44496,27445,29243,4164.7,27445,379.51,353.2,74.881,382.48,12.418,33.133,235.41,681.8,107.53,62.648,221.48,417.816,301.49,34.4677,19.3335,558.113,958.944,619.3,407.09,104.481
193.46,44155,27276,29064,4128.2,27276,373.53,347.85,73.988,378.16,12.096,32.34,235.15,675.1,110.06,62.368,218.65,410.224,293.174,33.9748,18.8219,544.964,945.388,607.618,414.947,106.766
194.02,44143,27287,29073,4127.8,27287,373.42,347.46,73.849,380.39,12.17,32.252,235.56,676.19,109.22,62.396,218.46,410.794,293.921,34.0389,18.8148,547.207,937.997,618.269,417.049,106.026
193.38,44106,27169,29014,4115.4,27169,373.33,346.97,74.121,377.69,12.031,32.289,235.11,672.22,108.54,62.012,218.33,411.024,293.558,33.9873,18.9066,545.318,939.486,604.791,415.583,105.447
194.63,44227,27302,29218,4134.5,27302,374.68,349.25,73.837,382.11,12.257,32.468,236.75,680.47,107.62,62.768,219.58,411.166,296.879,34.3078,19.0082,552.051,950.818,621.721,411.328,104.611
193.66,44109,27250,29024,4124.7,27250,373.16,347.39,73.821,379.36,12.117,32.26,235.58,675.69,109,62.229,218.38,411.352,293.972,33.9953,18.8647,546.83,941.161,612.158,417.63,105.84
194.6,44217,27294,29160,4128.6,27294,374.63,349.25,73.629,382.62,12.238,32.477,237.36,682.18,107.92,62.798,219.63,412.183,295.436,34.21,18.8669,549.954,953.551,620.363,414.506,104.881
192.29,44063,27143,29061,4114.7,27143,372.29,344.71,74.438,373.53,11.95,32.124,233.82,666.12,110.28,61.714,217.33,409.8,291.756,34.143,18.8934,541.105,927.801,605.775,409.014,106.983
194.1,44331,27316,29184,4147,27316,375.72,348.8,74.662,378,12.212,32.601,234.72,674.01,108.61,62.461,219.14,412.561,298.177,34.2297,19.245,552.175,940.828,615.473,408.638,105.456
193.5,44164,27176,29174,4110.8,27176,372.84,346.25,73.772,379.01,12.06,32.263,236.45,675.72,108.71,62.599,218.23,410.437,292.334,34.2411,18.7547,543.937,943.754,614.507,411.577,105.606
193.78,44240,27239,29173,4123.9,27239,374.71,347.71,74.283,378.25,12.121,32.459,235.46,674.51,109.25,62.461,219.04,411.355,293.665,34.2303,18.8695,545.333,942.39,614.033,409.316,106.062
196.14,44413,27388,29153,4152.5,27388,379.5,353.05,74.978,383.15,12.387,33.01,234.68,678.97,107.04,62.323,221.57,415.971,300.199,34.2597,19.2206,556.526,949.873,617.214,410.988,104.063
194.7,44253,27405,29166,4152.1,27405,376.57,350.72,74.26,380.86,12.338,32.667,235.83,680.13,109.2,62.323,220.38,414.678,297.498,34.3983,19.0614,552.155,949.861,623.161,409.316,105.966
193.22,44241,27238,29178,4124.1,27238,373.49,347.34,73.864,377.68,12.073,32.414,235.99,677.02,109.59,62.822,218.61,410.472,293.324,34.1381,18.8601,544.757,951.729,609.711,410.721,106.358
193.26,44100,27226,29145,4126.4,27226,373.63,347.11,74.156,377.1,12.118,32.28,235.19,673.05,109.22,62.057,218.72,410.542,294.34,34.3228,18.9749,546.307,938.787,615.776,407.772,106.032
195.45,44570,27254,29133,4131.1,27254,378.54,350.86,74.582,382.21,12.236,33.003,235.25,680.53,106.06,63.22,220.51,415.601,298.501,33.8794,19.1471,553.343,951.672,613.039,417.061,103.234
195.38,44394,27328,29221,4135,27328,376.53,350.27,73.788,384.39,12.339,32.7,237.16,685.16,106.95,63.274,220.3,413.974,297.423,34.2101,18.966,553.269,953.623,628.924,414.604,104.021
194.48,44272,27331,29109,4139.5,27331,375.01,349.58,74.119,380.76,12.195,32.594,235.86,678.57,108.67,62.55,219.27,413.373,296.377,34.1149,18.9951,550.592,953.055,609.427,415.129,105.524
193.66,44073,27079,28987,4094.7,27079,373.13,346.6,73.885,379.37,11.989,32.209,235.34,672.9,107.49,62.143,218.51,409.449,291.576,33.8452,18.7096,542.869,938.136,604.932,418.957,104.565
192.64,44285,27260,29032,4134.5,27260,373.88,346.88,74.303,374.61,12.035,32.437,234.1,672.56,110.59,62.538,218.03,411.497,294.065,33.7919,19.016,544.707,941.023,604.244,414.73,107.214
195.1,44356,27256,29211,4125.5,27256,376.53,349.88,73.979,383.02,12.258,32.727,237.06,682.63,106.65,62.937,220.27,414.814,296.662,34.3236,18.9662,551.347,954.534,621.997,412.017,103.766
193.12,44018,27146,29180,4108.2,27146,372.55,345.58,74.201,376.78,12.026,32.125,235.39,669.53,109.41,61.812,218.15,409.152,291.379,34.4692,18.7549,541.741,933.689,613.397,405.364,106.231
193.75,44228,27274,29055,4130.2,27274,374.22,348.1,74.074,378.73,12.121,32.434,235.2,675.85,109.29,62.493,218.74,411.644,294.486,33.9295,18.9169,547.036,944.607,609.205,416.452,106.084
193.96,44317,27205,29254,4118.9,27205,374.31,347.53,73.82,380.09,12.137,32.492,236.89,679.43,107.71,63.122,218.98,411.449,294.768,34.2719,18.9178,547.697,950.962,618.612,409.988,104.71
194.54,44182,27186,29115,4116.9,27186,375.19,348.64,74.227,380.83,12.154,32.473,235.79,675.54,106.93,62.211,219.56,412.052,295.416,34.209,18.9574,549.011,942.772,613.673,412.673,104.032
194.37,44164,27139,28985,4105.4,27139,374.32,348.13,73.632,382.12,12.114,32.38,236.41,679.03,106.28,62.513,219.21,412.115,294.346,33.8276,18.8407,548.021,945.013,612.739,422.121,103.478
193.52,44326,27115,29204,4105.1,27115,374.34,346.59,74.172,377.81,12.005,32.502,235.71,674.66,107.95,62.892,218.63,411.151,292.754,34.145,18.8423,543.466,946.56,608.233,409.919,104.953
194.07,44426,27387,28996,4154.6,27387,376.84,350.4,74.346,378.55,12.239,32.787,234.6,679.44,109.51,62.816,219.72,415.001,297.892,33.6875,19.1741,551.664,949.305,611.085,419.441,106.233
195,44354,27295,29303,4132.1,27295,376.44,349.58,74.346,381.6,12.253,32.726,236.55,679.36,107.88,62.744,220.08,414.153,296.182,34.5738,18.9568,550.083,952.267,621.35,405.535,104.841
193.86,44382,27399,29074,4156.9,27399,375.68,349.33,74.491,377.64,12.21,32.657,234.4,676.13,110.24,62.672,218.96,413.469,297.369,33.8877,19.158,550.841,945.183,610.46,415.295,106.871
193.06,44188,27297,29145,4131.6,27297,372.89,346.22,73.75,377.59,12.147,32.204,236.06,676.19,110.66,62.716,218.05,410.026,292.961,34.0962,18.8173,544.635,936.822,623.441,412.686,107.281
193.98,44301,27255,29149,4122.7,27255,374.43,347.78,73.865,379.99,12.135,32.487,236.3,678.85,108.97,62.932,218.88,412.255,293.526,34.0748,18.7958,545.826,948.305,615.467,414.602,105.82
194.89,44436,27322,29233,4142.9,27322,377.33,350.72,74.5,380.68,12.254,32.897,236,680.05,107.69,62.842,220.35,415.278,298.282,34.3367,19.1576,552.734,957.363,614.104,408.511,104.659
195.52,44409,27327,29169,4138.6,27327,377.46,351.65,74.077,383.88,12.307,32.905,236.76,684.64,106.6,62.965,220.8,416.2,298.56,34.2218,19.0776,554.461,962.498,616.704,414.443,103.702
194.11,44183,27265,29053,4125.6,27265,374.7,348.42,74.215,379.5,12.137,32.427,235.33,674.79,109.23,62.213,219.11,411.69,293.714,34.0166,18.8267,546.079,941.383,610.554,415.462,106.038
194.95,44348,27312,29146,4137.7,27312,376.96,350.73,74.42,381.22,12.24,32.792,235.7,679.15,107.86,62.569,220.33,414.503,297.147,34.1926,19.047,551.399,953.777,612.075,412.233,104.816
194.11,44112,27268,29011,4126.8,27268,374.25,348.34,74.166,379.74,12.147,32.338,234.99,674.08,109.07,61.982,218.96,411.351,294.1,33.9956,18.8548,547.006,938.475,610.903,416.869,105.894
193.81,44139,27405,29092,4152.4,27405,374.18,348.65,74.296,378.27,12.231,32.358,235.05,674.22,110.86,62.013,218.8,411.601,295.672,34.197,18.995,549.069,939.082,616.131,411.827,107.424
193.31,44385,27203,29115,4121.6,27203,374.19,346.78,74.014,377.52,12.057,32.48,235.43,676.32,108.78,63.197,218.26,410.971,294.129,33.7818,18.9457,545.753,943.772,610.696,416.483,105.655
193.46,44082,27174,29080,4111.9,27174,372.88,346.96,74.177,377.76,11.986,32.316,235.19,671.59,109.18,61.903,218.23,411.178,292.066,34.2193,18.7719,543.002,946.468,598.824,411.654,106.018
194.39,44359,27248,29297,4123.7,27248,375.47,348.33,74.22,380.18,12.166,32.634,236.57,678.18,108.36,62.932,219.45,412.751,294.492,34.4472,18.8719,547.02,951.181,617.802,406.478,105.282
193.84,44210,27216,29033,4121.1,27216,374.32,346.95,74.252,378.68,12.115,32.327,234.94,672.79,108.69,62.303,218.43,411.334,293.99,33.9007,18.896,546.3,930.599,615.45,417.21,105.576
193.97,44187,27171,29080,4112.3,27171,375.11,347.91,74.078,379.47,12.124,32.446,235.73,676.09,107.88,62.284,219.45,412.658,293.623,34.128,18.8484,545.613,941.011,616.049,413.369,104.875
193.69,44241,27246,29209,4126.3,27246,373.65,347.59,73.908,379.05,12.119,32.417,236.37,677.3,108.73,62.787,218.68,410.783,294.64,34.2466,18.9294,547.381,950.219,613.258,410.229,105.601
193.19,44249,27215,29056,4129.6,27215,374.46,347.51,74.454,375.94,12.058,32.472,234.51,672,108.97,62.286,218.52,411.789,295.417,33.9515,19.1054,547.193,940.806,604.559,412.898,105.804
195.2,44407,27342,29102,4140,27342,377.13,350.36,74.26,382.45,12.299,32.734,235.77,680.65,107.86,62.904,220.12,414.247,297.263,33.9424,19.009,552.214,945.42,621.262,417.804,104.809
192.92,44149,27224,29133,4126.5,27224,374.02,347.1,74.344,375.46,12.072,32.362,234.5,671.84,110.06,62.082,218.74,410.826,293.462,34.249,18.9483,544.086,940.147,610.613,406.908,106.764
195.54,44388,27411,29226,4153,27411,376.93,351.13,74.122,383.86,12.402,32.725,236.55,683.21,107.5,63.032,220.41,413.555,299.512,34.248,19.1389,556.448,950.623,628.703,412.948,104.472
194.23,44217,27279,29184,4135.4,27279,375.39,348.91,74.403,379.18,12.208,32.515,235.78,675.21,108.37,62.247,219.56,412.072,296.505,34.3588,19.0746,550.097,943.172,617.213,407.79,105.269
192.7,43955,27114,29061,4099.9,27114,371.26,344.73,73.657,377.12,11.982,31.965,236.07,671.54,109.41,61.938,217.6,408.743,290.097,34.1671,18.6469,540.207,933.374,612.673,412.957,106.243
193.62,44202,27172,29179,4112.7,27172,373.64,346.87,74.091,378.43,12.052,32.369,235.65,674.16,108.54,62.51,218.56,410.491,292.969,34.233,18.8274,544.462,944.402,610.09,410.028,105.458
195.5,44237,27213,29194,4113.3,27213,376.22,350.34,74.133,383.98,12.2,32.667,236.75,679.8,106.43,62.467,220.53,413.032,294.915,34.3808,18.7981,549.103,956.076,612.432,411.422,103.597
194.5,44338,27282,29103,4131.7,27282,375.9,349.16,74.078,380.9,12.216,32.623,235.9,679.65,107.95,62.794,219.57,413.931,296.185,34.0214,18.9873,550.073,946.923,617.902,416.147,104.908
193.13,44286,27202,29221,4121.6,27202,372.6,346.54,73.423,378.7,12.08,32.363,237.11,680.42,108.13,63.332,218.11,410.54,294.881,34.13,18.9782,547.701,954.959,615.015,412.456,105.076
193.93,44164,27240,29202,4131.6,27240,375.21,348.56,74.603,377.77,12.157,32.511,235.15,672.63,108.41,61.887,219.49,412.42,296.149,34.5396,19.1009,548.921,943.463,612.782,403.676,105.306
193.27,44204,27105,29191,4102.4,27105,373.1,346.2,73.951,377.77,11.978,32.358,235.47,674.31,108.13,62.636,218.32,410.297,292.131,34.2323,18.797,542.818,948.423,605.994,409.545,105.11
193.44,43918,27292,29058,4127.3,27292,372.15,346.65,73.882,378.66,12.147,32.015,235.03,672.31,110.61,61.568,218.18,409.763,292.19,34.3095,18.7226,544.3,931.758,618.802,412.268,107.245
194.63,44320,27310,29137,4134.5,27310,375.95,349.46,73.957,381.64,12.265,32.601,236.46,681.17,108.1,62.855,219.84,413.533,296.248,34.1006,18.9599,550.521,947.651,623.04,414.988,105.034
194.42,44201,27306,29050,4138.8,27306,375.97,349.52,74.445,379.68,12.235,32.532,235.25,675.23,108.49,62.018,219.73,413.29,296.753,34.1062,19.071,550.696,938.965,616.281,413.809,105.369
193.8,44300,27269,29150,4137.4,27269,375.29,348.1,74.616,377.3,12.148,32.547,234.97,672.87,108.83,62.373,218.9,412.368,296.533,34.172,19.1401,549.353,939.474,612.37,409.489,105.666
193.07,44073,27180,29064,4116,27180,372.57,346.04,74.341,376.18,11.984,32.213,234.29,668.69,109.74,61.791,217.73,410.302,292.214,34.1574,18.836,542.82,936.193,602.057,411.471,106.507
194.85,44535,27383,29144,4153.9,27383,377.56,351.48,74.346,380.87,12.271,32.991,235.95,682.79,108.04,63.258,220.26,415.74,299.446,33.9468,19.2321,554.611,961.974,610.363,415.622,104.941
193.86,44322,27268,29194,4135.7,27268,375.56,348.07,74.544,377.64,12.166,32.586,235.14,674.32,108.81,62.48,219.09,413.214,296.202,34.2973,19.0988,548.831,941.27,616.31,407.639,105.655
194.16,44325,27315,29088,4141.7,27315,375.92,349.82,74.102,379.7,12.223,32.659,236.19,679.87,108.32,62.736,219.75,413.655,297.437,33.9864,19.1244,551.561,951.446,614.22,415.203,105.209
194.13,44413,27319,29323,4133.8,27319,374.7,348.38,73.772,380.57,12.201,32.61,237.84,682.42,109.14,63.531,219.18,411.813,294.852,34.3135,18.8695,547.962,958.241,620.783,408.83,105.946
196.28,44587,27419,29351,4152.5,27419,379.43,352.77,74.19,385.62,12.478,33.118,237.7,688.97,106.56,63.584,221.77,417.212,300.358,34.489,19.1408,557.492,963.87,634.358,408.242,103.646
193.14,43889,27036,29141,4087.3,27036,371.46,345.65,73.621,378.66,11.962,32.014,236.15,672.4,107.61,61.81,218.39,407.772,290.455,34.415,18.6527,541.139,943.085,608.054,408.587,104.676
195.32,44324,27348,29286,4138.9,27348,376.7,350.62,73.89,383.87,12.372,32.701,237.71,684.68,107.4,62.948,220.72,414.257,297.483,34.5335,18.9805,553.119,955.364,631.92,408.183,104.404
194.25,44379,27410,29235,4156,27410,375.93,350.36,74.133,379.73,12.277,32.757,236.15,681.74,109.42,62.964,219.84,414.121,298.001,34.3226,19.1394,552.408,960.384,616.432,408.731,106.157
194.28,44659,27317,29138,4144.6,27317,377.5,349.81,74.392,378.96,12.188,33.005,235.63,681.5,108.21,63.678,219.57,415.905,298.137,33.7453,19.1993,551.629,956.243,610.517,417.174,105.105
194.35,44314,27330,29252,4143.8,27330,375.83,349.52,74.608,378.91,12.21,32.661,235.74,675.44,109.02,62.487,219.63,412.26,296.882,34.4152,19.0959,550.393,949.638,612.767,405.404,105.824
194.08,44401,27332,29362,4146,27332,375.43,348.67,74.281,378.89,12.244,32.651,236.63,678.78,108.75,63.114,219.36,412.151,297.62,34.5176,19.1604,551.522,951.882,622.977,402.986,105.586
194.1,44472,27259,29165,4133.3,27259,376.15,348.75,74.224,379.13,12.171,32.728,235.88,679.21,107.93,63.259,219.35,413.33,296.805,33.9415,19.103,550.085,949.319,615.029,414.142,104.879
194.91,44298,27280,29092,4134.5,27280,377.49,350.59,74.809,380.06,12.22,32.762,234.61,674.95,107.89,62.079,220.45,414.317,296.842,34.1641,19.0679,550.417,944.355,610.529,411.457,104.845
193.51,44316,27220,29213,4121.8,27220,373.89,347.77,73.769,378.79,12.077,32.532,236.77,679.56,108.58,63.138,218.83,411.437,294.202,34.1572,18.9047,546.307,958.688,608.885,411.109,105.478
194.2,44154,27242,29047,4125.4,27242,374.74,348.82,73.754,381.1,12.211,32.398,236.15,679.41,107.51,62.415,219.56,412.139,295.855,34.0241,18.9714,550.047,944.346,619.819,416.999,104.524
194,44197,27280,29020,4134,27280,375.26,348.97,74.109,379.37,12.205,32.447,235.13,676.74,108.55,62.315,219.5,411.913,296.015,33.9084,19.0271,549.564,940.083,616.691,416.706,105.428
196.58,44688,27537,29215,4175.1,27537,381.35,354.56,75.152,383.61,12.482,33.365,235.59,683.39,108.4,63.115,221.96,418.641,301.567,34.1572,19.2663,558.301,958.676,619.377,411.79,105.226
192.82,44133,27230,29169,4123.6,27230,371.69,345.86,73.717,377.05,12.042,32.172,236.28,674.63,109.91,62.605,217.61,409.012,292.959,34.1834,18.8589,544.515,944.97,610.974,410.977,106.637
194.95,44215,27356,29141,4143.8,27356,376.46,350.49,74.242,381.8,12.329,32.603,235.95,679.35,108.22,62.211,220.37,414.143,297.469,34.3585,19.0466,552.544,945.759,624.02,410.989,105.121
193.65,44240,27239,29156,4125.7,27239,374.02,347.43,74.006,378.66,12.13,32.383,235.77,676.07,108.81,62.708,218.72,410.44,294.513,34.0955,18.9333,547.041,942.791,615.893,412.252,105.673
192.66,44289,27259,29203,4139.4,27259,373.54,346.22,74.475,374.24,12.067,32.405,234.61,671.15,110.08,62.539,217.78,411.055,295.651,34.2321,19.1681,547.094,939.172,610.997,406.034,106.758
192.95,44065,27160,29148,4112,27160,372.31,345.85,74.019,376.69,12.005,32.187,235.65,671.61,109.35,62.069,217.98,409.802,292.074,34.3247,18.8139,542.764,940.907,608.365,408.369,106.167
194.5,44059,27256,29134,4123.2,27256,374.88,348.7,74.498,380,12.166,32.393,234.96,672.23,108.95,61.554,219.54,412.013,293.652,34.4941,18.8085,546.184,939.391,612.791,407.794,105.798
192.33,44153,27175,29236,4115,27175,371,344.79,73.55,376.05,11.984,32.131,236.66,674.94,109.87,62.882,217.27,408.232,291.907,34.2589,18.8169,542.446,947.406,611.451,408.222,106.623
193.12,44286,27250,29088,4133.6,27250,374.08,347.05,74.3,376.11,12.076,32.452,234.96,673.38,109.5,62.532,218.17,412.147,295.223,33.9805,19.0725,547.065,941.051,608.53,413.157,106.263
195.64,44445,27388,29113,4150.2,27388,378.32,351.98,74.315,383.5,12.381,32.897,236.25,683.31,107.22,62.924,220.93,415.799,299.536,34.0121,19.1548,555.896,951.559,622.864,417.009,104.23
192.93,44211,27220,29187,4123.4,27220,372.59,346.35,73.554,377.72,12.09,32.272,236.6,678.11,109.1,62.977,218.16,409.854,293.952,34.1369,18.9239,546.023,947.743,617.269,411.481,105.925
194.37,44213,27372,29038,4144.1,27372,375.19,349.49,74.045,380.65,12.26,32.476,235.59,678.46,109.49,62.378,219.43,412.834,295.915,33.9801,18.9467,550.054,943.092,618.332,417.564,106.238
193.74,44134,27301,29025,4134.9,27301,374.15,348.57,74.012,378.91,12.168,32.354,235.21,675.89,109.49,62.207,219.04,410.973,294.882,33.9558,18.9389,547.916,942.514,612.333,416.142,106.256
194.44,44172,27227,29197,4120.9,27227,374.71,348.71,74.18,380.62,12.146,32.501,236.15,676.3,107.88,62.228,219.46,412.394,294.716,34.4599,18.8892,547.872,950.564,611.463,408.402,104.86
195.23,44424,27445,29161,4164.6,27445,378.24,351.88,74.655,381.19,12.394,32.892,235.5,680.26,108.46,62.617,220.72,415.78,300.421,34.2134,19.2881,556.455,948.875,622.448,411.329,105.293
194.98,44235,27369,29174,4139.6,27369,375.6,349.7,74.204,382.11,12.287,32.524,236.38,678.31,109.15,62.435,219.77,412.437,295.413,34.3007,18.8548,549.699,944.477,621.799,411.981,105.949
194.2,44404,27256,29168,4133.6,27256,376.1,348.95,74.609,378.42,12.129,32.753,235.27,675.46,108.18,62.675,219.27,414.154,296.637,34.1586,19.1118,549.531,949.824,606.728,410.582,105.099
192.36,44351,27256,29327,4131.9,27256,372.22,345.17,73.898,374.89,12.032,32.355,236.21,675.48,110.72,63.324,217.31,409.797,293.439,34.314,18.9562,544.01,949.206,614.097,404.765,107.33
194.51,44310,27391,29319,4151.2,27391,375.52,349.87,73.936,381.21,12.339,32.613,236.82,682.58,108.67,62.969,219.97,412.728,298.096,34.5505,19.1094,553.353,955.465,628.578,405.458,105.5
193.18,44205,27306,29039,4140,27306,373.88,347.48,74.033,377.09,12.153,32.341,234.93,675.27,109.99,62.436,218.42,411.496,295.303,33.9107,19.033,547.874,938.217,615.696,415.726,106.684
194.91,44097,27332,29048,4133,27332,374.59,350.44,73.303,384.6,12.315,32.399,237.31,684.95,107.46,62.531,220.16,412.134,296.392,34.0667,18.8771,552.484,954.552,623.267,419.645,104.473
194.26,44248,27328,29099,4142.4,27328,375.66,349.06,74.46,379.14,12.227,32.536,234.8,675.11,109.07,62.214,219.36,413.201,296.573,34.1544,19.0654,550.246,939.49,616.814,412.412,105.872
193.89,44285,27181,29176,4122.5,27181,375.48,347.98,74.646,377.53,12.092,32.585,235.13,672.44,107.8,62.299,219.18,412.5,295.675,34.2782,19.0843,547.847,942.614,608.777,407.428,104.784
193.95,44329,27205,29096,4126.1,27205,375.67,347.84,74.741,377.45,12.089,32.606,234.28,671.73,108.16,62.294,218.82,413.583,295.727,34.0696,19.0834,547.93,938.166,607.331,412.085,105.097
195.21,44284,27304,29195,4134.3,27304,377.43,350.61,74.546,381.72,12.295,32.727,236.07,678,107.79,62.274,220.76,414.255,296.633,34.4299,18.9884,550.79,946.232,621.477,407.969,104.757
193.97,44368,27335,29224,4141.4,27335,375.08,348.93,73.825,379.89,12.235,32.591,236.88,681.9,109,63.256,219.41,412.116,296.354,34.1502,19.018,550.099,954.021,621.337,411.496,105.813
194.63,44239,27284,29075,4131.5,27284,375.8,349.74,74.051,381.44,12.23,32.588,236.09,679.52,107.76,62.421,219.89,414.002,296.326,34.1113,18.9828,550.595,948.6,616.277,415.627,104.74
194.53,44354,27319,29137,4143.7,27319,375.76,349.63,74.148,380.75,12.252,32.632,235.46,679.58,107.56,62.877,219.51,412.967,298.63,34.033,19.1955,553.949,948.499,617.521,414.993,104.543
193.37,44143,27256,29151,4129,27256,373.7,346.97,74.167,377.4,12.133,32.292,235.44,673.35,109.69,62.196,218.55,410.842,293.992,34.2867,18.9249,545.906,937.148,617.694,408.876,106.439
193.46,44377,27197,29124,4124.8,27197,374.87,347.46,74.335,376.98,12.054,32.593,234.98,674.77,108.37,62.852,218.58,412.458,295.322,33.9488,19.0663,547.161,946.259,606.069,413.141,105.283
194.31,44353,27205,29084,4120.7,27205,375.52,348.28,74.185,380.12,12.127,32.604,235.6,677.27,107.4,62.791,219.11,413.513,295.457,33.9309,18.9744,548.577,944.832,611.806,417.142,104.439
194.61,44334,27306,29070,4135.6,27306,376.32,349.8,74.203,380.84,12.232,32.642,235.21,678.99,108.26,62.718,219.86,413.142,296.342,33.9024,18.9945,550.294,945.81,616.109,417.236,105.171
192.39,44265,27087,29199,4101.8,27087,372.09,344.75,74.005,374.91,11.87,32.331,235.29,672.02,109.35,62.872,217.33,409.648,290.855,34.117,18.7833,539.781,948.689,599.005,409.039,106.183
193.9,44064,27247,29063,4124.1,27247,374.66,349.06,74.08,379.23,12.15,32.403,235.52,675.75,108.96,61.872,219.76,411.584,293.94,34.2193,18.8614,546.295,946.894,610.651,411.536,105.802
195.11,44181,27254,29118,4124.9,27254,375.64,349.59,74.259,382.48,12.219,32.542,235.92,677,107.13,62.09,219.83,413.633,296.028,34.3208,18.9347,550.611,945.491,615.066,413.142,104.192
194.47,44355,27303,29103,4137.7,27303,376.39,349.63,74.417,379.8,12.21,32.68,235.23,677.27,108.41,62.643,219.72,413.354,296.653,33.9949,19.0554,550.286,945.663,613.572,414.471,105.301
193.2,44056,27201,29007,4121.3,27201,373.36,346.43,74.776,375.36,11.996,32.252,232.82,665.4,110.16,61.331,217.88,411.114,292.57,34.1319,18.8854,542.978,929.351,600.039,411.244,106.861
194.12,44401,27348,29098,4141.2,27348,375.36,348.95,73.905,380.14,12.222,32.591,236.15,680.92,109.34,63.249,219.18,412.358,295.784,33.7849,18.9562,549.364,948.022,618.246,418.783,106.11
193.73,44428,27310,29164,4140.1,27310,375.01,348.53,73.899,378.92,12.175,32.636,236.21,680.93,108.89,63.36,218.96,412.773,296.52,33.9419,19.0717,549.896,953.807,615.029,414.883,105.713
194.64,44356,27242,29136,4123.8,27242,376.13,349.29,74.027,381.47,12.194,32.686,236.26,680.72,107.36,62.888,219.83,414.391,295.697,34.1008,18.9372,549.319,951.684,616.358,414.964,104.399
194.03,44401,27333,29245,4142.8,27333,375.93,349.21,74.231,378.84,12.219,32.701,236.37,679.49,109.26,63.046,219.63,412.994,296.38,34.2525,19.0514,549.445,952.957,617.955,408.199,106.037
194.17,44449,27305,29300,4140.5,27305,375.75,348.74,74.273,379.21,12.212,32.698,236.14,679.06,108.43,63.248,219.34,412.501,297.17,34.2944,19.1183,550.82,951.673,619.217,407.335,105.309
193.94,44155,27257,29208,4130.9,27257,374.46,348.23,74.195,379.01,12.181,32.421,235.82,675.47,108.43,62.191,219.26,411.798,295.778,34.4833,19.0263,549.07,944.882,617.722,406.338,105.326
193.05,44223,27179,29087,4112.6,27179,372.87,345.88,74,376.96,11.989,32.297,235.4,673.1,109.73,62.627,217.77,410.259,291.533,33.9274,18.7486,541.852,940.836,606.03,415.146,106.499
194.58,44237,27177,29240,4117.7,27177,376.05,348.96,74.683,379.56,12.131,32.645,235.21,673.54,107.12,62.09,219.92,413.008,295.503,34.5671,19.0034,548.214,947.733,609.927,403.84,104.195
193.23,44142,27162,29255,4113.8,27162,373.16,346.25,74.178,377,12.042,32.309,235.44,672.44,108.9,62.269,218.42,410.251,292.906,34.5319,18.8719,543.875,943.676,612.237,403.511,105.775
194.23,44470,27324,29152,4145.1,27324,376.84,349.75,74.504,378.63,12.201,32.844,234.97,678.49,108.65,62.934,219.65,415.161,297.66,34.0588,19.1701,551.086,952.175,611.468,412.222,105.494
194.37,44235,27283,29122,4129.5,27283,375.66,348.43,74.187,380.3,12.238,32.476,235.42,677.05,108.73,62.371,219.53,413.313,294.857,34.213,18.8924,547.972,937.121,625.149,412.598,105.596
194.66,44344,27267,29250,4127.6,27267,375.65,348.89,74.066,381.45,12.219,32.628,236.98,680.09,107.72,62.938,219.64,413.268,295.77,34.3597,18.9375,549.584,950.933,620.987,409.74,104.711
194.2,43999,27164,29130,4104.9,27164,372.92,347.53,73.885,381.02,12.068,32.23,235.91,674.34,107.97,61.883,218.87,410.178,292.109,34.3938,18.6761,544.473,946.407,608.019,411.342,104.97
195.07,44565,27441,29138,4162.6,27441,378.73,351.8,74.625,380.67,12.354,33.024,235.14,681.8,108.82,63.125,220.62,416.411,299.661,33.9551,19.2357,554.774,952.477,618.86,414.73,105.618
193.85,44300,27254,29122,4128.1,27254,375.02,347.9,74.082,378.97,12.167,32.476,236.03,677.08,108.74,62.784,219.07,411.764,294.898,33.9978,18.949,547.533,940.931,618.913,414.145,105.609
194.18,44312,27427,29153,4159.3,27427,375.74,349.23,74.618,378.33,12.276,32.577,235.31,674.9,110.45,62.374,219.14,413.119,297.301,34.2057,19.122,551.156,939.125,619.147,410.255,107.046
194.35,44340,27428,29061,4159.2,27428,376.24,349.79,74.434,379.33,12.307,32.599,234.94,677.18,109.92,62.558,219.44,413.299,297.861,33.906,19.1377,552.376,938.37,620.961,416.361,106.586
194.43,44440,27439,29074,4166.5,27439,377.08,350.38,74.747,378.56,12.299,32.784,234.69,676.62,109.55,62.614,219.5,414.991,299.661,33.9159,19.3124,554.542,942.213,615.454,415.222,106.251
196.12,44581,27499,29213,4166.3,27499,379.43,353.55,74.302,384.77,12.483,33.101,237.05,687.64,107.85,63.47,221.61,416.217,300.819,34.0798,19.1837,558.128,961.249,626.942,414.881,104.754
194.5,44301,27352,29119,4148.5,27352,376.28,349.79,74.632,379.29,12.246,32.654,234.78,675.37,108.85,62.255,219.59,413.962,297.785,34.1893,19.1562,552.012,943,614.34,411.479,105.664
194.08,44289,27277,29190,4136.7,27277,375.61,348.52,74.584,378.21,12.179,32.583,235.15,674.1,108.67,62.34,219.26,412.968,296.45,34.3299,19.0993,549.487,942.119,614.992,407.519,105.529
195.57,44413,27382,29192,4148.8,27382,377.61,351.5,74.361,383.21,12.349,32.868,236.44,682.15,107.42,62.811,220.6,415.728,299.097,34.2783,19.1291,555.188,954.511,620.517,412.612,104.408
193.77,44262,27204,29067,4124.2,27204,375.74,349.05,74.408,377.73,12.086,32.655,234.84,675.25,108.23,62.264,219.62,413.65,295.251,34.0689,19.0314,547.173,950.797,603.093,412.097,105.166
193.71,44196,27347,29352,4145.1,27347,374.2,348.15,74.371,377.65,12.205,32.471,236.14,675,110.24,62.298,219.06,411.646,295.586,34.8159,19.022,548.272,949.84,619.162,398.336,106.888
194.53,44594,27381,29402,4154.6,27381,377.45,350,74.814,378.49,12.245,33.03,235.89,679.05,109.23,63.266,219.87,415.71,298.263,34.5917,19.2028,551.62,960.383,615.525,400.519,105.989
193.86,44239,27204,29136,4122.3,27204,374.62,347.28,74.683,377.47,12.063,32.468,234.37,670.2,108.76,62.11,218.51,411.947,294.29,34.2167,18.961,546.01,937.421,606.38,409.722,105.634
192.92,44004,27165,29070,4111.5,27165,372.08,345.61,73.931,376.93,12.024,32.077,235.1,671.09,109.51,61.885,217.87,409.454,291.721,34.1848,18.7764,542.535,934.02,611.616,411.875,106.31
194.8,44198,27281,29131,4125.6,27281,375.58,349.37,74.321,381.29,12.193,32.541,235.59,676.2,108.66,62.161,219.77,412.88,294.156,34.2886,18.7991,547.225,945.624,613.367,411.9,105.536
193.44,44380,27306,28985,4140.9,27306,374.81,348.51,74.097,377.55,12.117,32.569,234.65,677.27,109.47,63.001,218.61,411.916,296.088,33.514,19.0819,548.885,946.904,605.504,421.774,106.222
194.81,44317,27344,29166,4144.6,27344,376.72,350.39,74.338,381.01,12.295,32.708,235.79,679.45,108.09,62.526,220.22,414.415,297.935,34.2839,19.1143,552.74,949.106,620.244,410.709,105.004
194.1,44140,27265,29018,4126.1,27265,374.37,348.57,74.045,380,12.146,32.39,235.66,675.84,108.87,62.146,219.1,411.869,294.218,33.9876,18.8565,547.177,943.065,610.402,417.213,105.726
193.48,44167,27132,29117,4103.4,27132,372.93,346.25,73.623,379.44,12.047,32.233,236.53,676.5,108,62.754,218.38,409.415,292.15,34.0044,18.7398,543.793,942.163,614.665,415.427,104.997
194.04,44178,27172,29015,4121.1,27172,375.71,348.68,74.548,378.35,12.114,32.526,234.11,672.57,107.22,61.837,219.51,413.27,296.147,34.0617,19.104,549.028,938.896,607.675,413.521,104.276
193.88,44300,27256,29237,4133.1,27256,374.99,347.96,74.46,377.98,12.146,32.577,235.39,674.76,108.58,62.49,218.93,413.008,296.105,34.4254,19.0825,548.853,946.357,613.785,405.861,105.453
192.98,44448,27299,29226,4140.9,27299,374,346.89,74.037,376.27,12.109,32.539,236.16,677.57,109.98,63.446,218.06,411.357,295.589,34.0012,19.0814,547.59,948.839,614.262,411.068,106.673
195.46,44247,27290,29265,4132.3,27290,377.07,350.52,74.446,382.8,12.312,32.717,236.66,678.98,106.95,62.19,220.74,415.078,297.327,34.7219,19.0202,552.319,949.9,624.081,404.616,104.017
194.92,44177,27251,28982,4123.6,27251,376.23,350.14,74.425,381.37,12.173,32.6,234.9,675.54,107.85,61.862,220.05,414.007,294.994,34.0061,18.8788,548.423,944.694,606.631,417.656,104.832
193.75,44157,27214,29078,4117.9,27214,373.64,347.02,73.925,379.35,12.118,32.261,235.83,674.99,108.76,62.436,218.58,410.123,293.267,33.9957,18.8131,545.577,936.55,616.723,415.775,105.643
193.79,44170,27267,29149,4123.9,27267,373.23,347.33,73.383,380.92,12.194,32.258,236.84,680.91,108.79,62.886,218.76,410.624,293.825,34.1336,18.7947,547.154,945.42,625.634,415.037,105.656
193.42,43980,27102,29166,4100.2,27102,372.6,346.64,73.913,378.52,12.01,32.199,236.08,672.85,107.98,61.835,218.73,409.742,291.876,34.4952,18.7559,543.022,946.129,607.538,406.796,104.987
194.84,44409,27454,29234,4160.2,27454,376.13,350.42,74.239,381.28,12.329,32.741,235.79,681.33,109.44,62.992,219.66,414.252,298.311,34.2901,19.1027,553.646,954.193,620.634,411.065,106.164
195.45,44326,27293,29274,4129.1,27293,376.97,351.33,74.032,383.87,12.29,32.804,236.96,683.75,106.87,62.883,221.08,413.63,296.722,34.4735,18.9297,551.672,963.749,618.817,408.091,103.954
193.24,44275,27304,29042,4141.9,27304,374.59,348.03,74.322,376.36,12.122,32.492,234.24,674.25,110,62.442,218.59,412.314,295.703,33.8888,19.0882,547.909,942.214,608.375,414.746,106.687
193.58,44109,27278,29108,4130,27278,373.03,347.21,73.99,378.6,12.131,32.235,235.69,674.14,109.66,62.22,218.32,410.134,293.983,34.1615,18.8811,546.631,939.475,614.16,412.888,106.406
192.13,43969,27146,29084,4115.3,27146,371.08,344.65,74.064,374.18,11.958,31.995,234.63,667.81,109.97,61.725,217.19,408.386,292.204,34.2284,18.9157,542.4,932.524,606.577,408.626,106.71
193.36,44123,27258,29038,4127.5,27258,373.55,347.42,73.887,378.16,12.13,32.263,235.13,675.36,109.57,62.291,218.65,410.497,293.793,33.9643,18.8836,546.002,938.953,615.125,415.667,106.337
193.11,44141,27141,29106,4107.1,27141,373.2,346.32,73.658,378.11,12.053,32.264,236.28,676.53,108.52,62.544,218.58,410.803,292.222,34.109,18.7841,543.269,943.098,615.59,413.025,105.448
193.93,44283,27137,29195,4105.4,27137,374.39,347.26,74.025,379.47,12.039,32.525,236.32,676.69,107.69,62.758,218.91,412.439,292.836,34.2565,18.789,544.259,951.294,608.569,410.701,104.721
194.38,44254,27227,28999,4125.2,27227,375.78,348.77,73.968,380.99,12.224,32.486,235.52,678.79,107,62.546,219.61,413.251,296.561,33.8281,19.0389,550.851,937.802,622.19,420.094,104.08
193.17,44226,27267,29124,4131.8,27267,373.62,347.22,74.171,376.69,12.076,32.408,235.1,674.06,110.05,62.456,218.29,411.508,294.031,34.1194,18.9453,545.553,945.146,607.96,411.291,106.748
193.57,44209,27230,29069,4126.6,27230,374.25,347.64,74.182,377.94,12.105,32.404,235.05,674.26,108.78,62.358,218.7,411.48,294.827,34.0003,18.9867,547.211,940.739,610.629,414.273,105.646
194.06,44394,27248,29050,4133.9,27248,376.17,348.91,74.591,378.09,12.124,32.704,234.2,674.77,108.08,62.618,219.17,413.745,296.892,33.8328,19.1491,549.902,943.995,605.852,416.226,105.01
193.67,44308,27429,29167,4159,27429,374.83,348.14,74.486,377.17,12.243,32.478,234.88,674.37,111.3,62.507,218.54,412.343,296.244,34.1873,19.0686,549.266,937.078,620.451,409.888,107.795
194.31,44338,27371,29160,4151,27371,375.78,349.19,74.509,379.03,12.246,32.623,234.88,676.12,109.31,62.525,219.2,413.645,297.557,34.2035,19.1393,551.662,943.166,617.061,411.072,106.067
193.23,44173,27285,29201,4137.5,27285,374.01,347.92,74.39,376.19,12.107,32.46,235.44,673.18,110.09,62.112,218.8,411.815,294.937,34.4597,19.0329,546.654,948.725,608.106,404.24,106.775
194.74,44429,27281,29198,4135.1,27281,376.89,350.01,74.166,381.23,12.254,32.786,236.19,681.61,107.15,63.105,220.2,414.213,297.768,34.151,19.1106,552.292,953.326,619.782,412.224,104.19
193.74,44274,27301,29268,4139.1,27301,373.76,347.68,74.187,378.35,12.15,32.463,236.45,675.77,109.15,62.707,218.45,411.33,296.125,34.4152,19.0636,549.454,949.191,613.772,406.673,105.946
193.83,44185,27253,29135,4125.5,27253,374.1,347.23,74.241,378.6,12.131,32.353,235.43,673.53,109.39,62.251,218.59,411.543,293.652,34.2268,18.8558,545.741,937.211,615.816,411.265,106.177
193.18,44152,27226,29088,4122.1,27226,372.77,346.48,73.825,377.85,12.08,32.211,235.59,674.67,109.49,62.537,218.1,409.369,293.165,33.9723,18.8505,545,939.066,613.677,414.988,106.273
194.21,44255,27250,29267,4124,27250,375.13,348.24,74.27,379.51,12.158,32.562,235.84,676.55,108.85,62.469,219.43,413.067,293.97,34.565,18.8485,546.085,949.366,616.614,404.938,105.713
193.56,44172,27269,29104,4137.6,27269,374.54,348.11,74.575,376.75,12.127,32.436,234.57,671.36,109.19,61.938,218.81,411.654,296.153,34.2113,19.128,548.816,939.356,608.573,409.165,105.987
194.63,44218,27284,29208,4134.6,27284,376.16,349.8,74.438,380.29,12.241,32.621,236.11,676.75,107.96,62.153,220.17,413.483,296.736,34.514,19.0539,550.646,948.117,617.696,406.066,104.907
194.11,44351,27355,29233,4150,27355,375.75,349.89,74.532,378.23,12.187,32.776,235.62,677.16,109.3,62.546,219.49,414.439,297.555,34.4305,19.1663,551.036,959.062,606.67,405.93,106.059
195.05,44469,27463,29363,4169.8,27463,378.33,351.88,74.726,380.29,12.419,32.975,236.27,681.26,108.77,62.863,221.02,415.295,300.936,34.6594,19.3529,556.684,956.977,627.104,400.385,105.557
193.04,43969,27222,29092,4116.1,27222,371.59,345.71,73.669,378.02,12.073,32.01,236.14,673.27,110.22,61.97,217.85,409.2,291.19,34.2555,18.6781,542.379,935.731,616.62,412.2,106.925
193.94,44210,27218,29058,4120.6,27218,375.07,347.71,74.401,378.45,12.11,32.46,234.84,673.14,108.9,62.099,218.97,413.1,293.624,34.0963,18.8661,545.316,936.8,612.041,413.62,105.759
194.21,44378,27320,29176,4140,27320,375.77,349.27,74.124,379.77,12.217,32.672,236.22,679.94,108.72,62.975,219.52,413.493,296.564,34.1251,19.043,550.187,951.904,616.665,412.371,105.563
194.69,44513,27372,29226,4148.7,27372,376.68,349.98,74.266,380.71,12.267,32.832,236.31,681.54,108.59,63.352,219.7,414.356,297.88,34.1069,19.1073,552.375,954.567,618.224,412.644,105.436
193.04,44388,27257,29176,4134.3,27257,374.02,347.03,74.536,375.17,12.011,32.567,234.39,672.15,110.17,62.842,217.93,411.24,294.516,34.0159,19.0359,545.416,947.963,599.8,409.956,106.85
194.72,44428,27297,29026,4139.6,27297,377.23,350.22,74.413,380.51,12.236,32.773,234.97,678.77,107.45,62.831,219.95,414.332,298.178,33.7302,19.1662,552.752,944.794,613.935,419.668,104.453
194.23,44315,27347,29101,4143.7,27347,376.06,349.53,74.457,378.94,12.211,32.65,235,676.48,109.57,62.439,219.54,413.764,296.067,34.0844,19.0182,549.167,945.731,612.756,412.962,106.306
192.98,44103,27149,29043,4110.1,27149,372.12,345.94,73.589,378.02,12.024,32.139,235.73,675.03,108.5,62.525,217.92,409.01,292.752,33.8828,18.8364,544.468,940.301,610.86,417.404,105.425
195.68,44490,27454,29210,4159.7,27454,378.26,351.98,74.247,383.74,12.441,32.907,236.91,684.97,107.97,63.201,220.9,415.592,299.851,34.1782,19.1522,556.544,953.143,629.717,413.736,104.877
193.76,44163,27308,29181,4144.9,27308,374.36,348.56,74.378,377.88,12.194,32.436,235.55,674.03,108.82,62.08,219,411.726,297.612,34.4142,19.2073,551.622,944.232,614.154,406.655,105.643
192.85,44230,27239,28954,4125.4,27239,373.22,346.47,73.724,377.03,12.072,32.267,235.31,676.03,109.88,62.771,217.96,410.588,293.265,33.5509,18.8798,544.733,937.065,612.699,422.363,106.61
193.54,44304,27257,29080,4129.7,27257,374.01,347.79,74.014,378.22,12.084,32.486,235.24,676.63,109.08,62.837,218.45,411.633,294.811,33.862,18.9663,547.248,948.726,606.274,416.863,105.898
194.39,44321,27350,29100,4144.8,27350,376.21,349.06,74.572,379.14,12.244,32.592,234.55,675.13,109.44,62.389,219.36,413.557,296.376,34.0734,19.0388,549.826,936.801,618.922,413.384,106.192
193.9,44373,27420,29308,4160.6,27420,375.63,348.9,74.634,377.3,12.264,32.647,235.3,675.69,110.6,62.687,219.17,412.809,297.477,34.5049,19.1703,550.826,946.132,620.813,402.582,107.174
192.67,43967,27156,28939,4109.6,27156,371.32,345.14,73.837,376.51,11.976,31.967,234.47,669.7,109.81,61.805,217.31,408.513,291.115,33.8263,18.7439,541.716,929.586,606.268,418.814,106.576
192.7,44057,27213,29140,4122.2,27213,371.75,345.54,74.105,375.69,12.01,32.125,235.1,670.02,110.35,62.012,217.49,409.117,292.376,34.285,18.8576,543.117,937.771,607.628,408.438,107.026
193.05,44289,27265,28965,4136.1,27265,374.37,346.87,74.384,375.73,12.093,32.382,234.35,671.84,109.9,62.469,218.03,411.398,295.107,33.6103,19.0713,546.884,930.118,610.874,419.243,106.611
195.21,44465,27332,29429,4143,27332,377.35,350.46,74.346,382.04,12.329,32.923,237.46,682.98,107.17,63.128,220.61,415.788,298.786,34.83,19.153,553.935,961.828,626.91,400.15,104.193
193.43,44228,27294,29356,4132.8,27294,373.13,347.04,73.826,378.44,12.164,32.354,237.19,677.96,109.8,62.926,218.6,409.86,294.203,34.5917,18.8962,546.6,951.023,622.316,402.762,106.526
195.08,44430,27364,29239,4151,27364,377.93,351.24,74.943,379.96,12.267,32.971,235.06,677.18,108.34,62.441,220.46,416.223,298.726,34.4747,19.2038,553.051,955.331,610.838,405.456,105.213
194.12,44359,27295,29201,4130.9,27295,374.21,348.28,73.414,381.66,12.215,32.499,237.77,684.2,108.17,63.537,219.02,411.716,295.618,34.031,18.9132,549.83,955.1,622.971,416.087,105.102
193.25,44231,27209,29156,4119.7,27209,373.44,346.93,73.913,377.68,12.056,32.391,235.71,676.01,109.24,62.71,218.44,410.955,293.164,34.1338,18.8561,544.505,948.331,609.745,411.474,106.058
194.13,44266,27264,29238,4129.9,27264,374.41,347.95,73.781,380.29,12.213,32.441,236.81,680.01,108.07,62.934,219.17,411.755,295.881,34.3286,18.9917,549.699,947.699,624.995,409.707,105.016
194.46,44231,27271,29164,4128.7,27271,375.12,349.12,74.265,380.34,12.162,32.568,235.36,676.6,108.42,62.341,219.46,412.896,295.17,34.3174,18.922,548.416,950.633,610.177,410.53,105.323
193.94,44189,27303,29114,4139.2,27303,374.68,348.43,74.296,378.67,12.194,32.434,235.19,674.77,109.02,62.171,219.02,412.277,296.257,34.2167,19.0642,549.776,940.594,615.765,411.335,105.836
195.11,44417,27412,29292,4151.3,27412,376.41,350.44,74.247,382.13,12.325,32.755,236.95,681.57,108.8,63.09,219.98,413.462,297.701,34.3839,19.0345,552.886,954.979,622.335,408.929,105.619
193.74,44203,27311,29004,4147.8,27311,375.26,348.7,74.649,377.05,12.187,32.478,233.94,671.84,108.96,61.871,218.9,413.025,298.004,33.9869,19.266,551.816,934.398,611.165,414.146,105.761
193.83,44292,27270,29117,4128.9,27270,374.34,347.79,73.832,379.64,12.165,32.434,236.12,678.75,108.8,62.947,218.81,411.541,294.81,33.9544,18.9168,547.839,944.425,618.384,416.181,105.66
194.61,44481,27333,29275,4144,27333,376.55,349.86,74.429,380.04,12.222,32.857,236.15,679.82,108.32,63.122,219.71,414.609,297.69,34.3254,19.1241,551.705,957.712,613.568,408.239,105.206
194.09,44262,27433,29146,4160.6,27433,375.83,349.26,74.582,378.14,12.306,32.532,235.08,674.98,110.6,62.204,219.35,413.172,297.329,34.2706,19.1289,551.172,936.6,623.509,409.097,107.175
193.75,44257,27068,29089,4096.4,27068,374.59,346.94,74.149,378.66,11.987,32.483,235.42,674.24,107.12,62.548,218.88,411.904,292.45,33.9967,18.8038,543.297,944.382,604.925,414.434,104.235
194.86,44258,27337,29089,4142.1,27337,376.78,350.13,74.657,380.37,12.266,32.642,234.3,675.29,108.63,62.046,220.02,414.137,296.91,34.1929,19.0491,551.013,939.935,616.637,412.399,105.482
194.39,44417,27384,29188,4154.1,27384,376.16,350.16,74.118,380.22,12.287,32.742,236.71,681.78,108.55,63.105,219.73,413.972,298.893,34.123,19.2109,553.993,954.936,618.975,412.56,105.389
193.77,44166,27260,29130,4126.5,27260,373.35,347.35,74.129,378.79,12.099,32.33,235.81,673.8,109.39,62.305,218.33,410.748,293.79,34.1829,18.8617,546.194,942.752,609.516,412.432,106.175
193.09,44174,27276,29027,4133.6,27276,372.74,347.23,73.973,377.07,12.06,32.303,234.5,674.1,109.95,62.425,217.9,410.312,294.406,33.8493,18.9675,546.644,944.754,603.581,417.239,106.66
194.15,44279,27226,29113,4122.4,27226,375.16,348.85,73.97,380.22,12.143,32.564,235.84,678.94,107.84,62.749,219.51,412.375,295.071,34.0336,18.9317,548.118,951.307,611.777,414.757,104.819
194.68,44250,27256,29091,4129.8,27256,376.3,349.39,74.318,380.84,12.236,32.579,235.35,677.12,107.4,62.289,219.92,413.785,296.706,34.1501,19.0437,550.864,940.802,619.638,413.748,104.42
193.52,44112,27149,29133,4113.4,27149,373.93,346.65,74.738,376.39,12.006,32.356,234.08,667.42,108.86,61.619,218.4,411.368,293.028,34.3891,18.9054,543.739,935.572,603.266,406.321,105.736
194.09,44304,27296,29128,4143.4,27296,376.06,349.27,74.828,377.53,12.167,32.669,234.13,672.74,108.68,62.149,219.35,413.565,297.595,34.2054,19.2142,550.912,943.501,607.572,409.125,105.528
194.23,44533,27397,29187,4159,27397,376.93,349.86,74.488,378.61,12.276,32.825,235.1,679.42,109.17,63.276,219.55,413.891,299.052,33.9645,19.2692,553.416,948.554,618.551,412.632,105.926
195.04,44417,27314,29021,4138,27314,377.14,350.41,74.249,381.98,12.256,32.776,235.6,680.57,107.44,62.849,219.99,415.268,297.642,33.7752,19.0661,552.534,947.342,615.275,421.227,104.448
194.44,44276,27379,29204,4145.1,27379,375.23,349.12,74.206,380.36,12.266,32.52,235.9,677.94,109.72,62.624,219.39,412.104,295.779,34.2919,18.9402,549.608,944.991,621.679,410.237,106.44
194.27,44302,27177,29145,4116.2,27177,375.24,347.92,74.215,379.97,12.123,32.534,235.78,676.12,107.19,62.671,219.16,412.381,295.109,34.1086,18.9592,548.042,942.99,614.218,413.251,104.26
194.56,44417,27253,29206,4125.6,27253,375.7,349.43,73.972,381.33,12.156,32.753,236.94,681.74,107.53,63.241,219.65,413.594,295.748,34.1313,18.9418,549.302,961.209,610.221,413.391,104.548
194.58,44234,27313,28998,4140,27313,376.21,350.09,74.103,381.1,12.28,32.556,234.74,679.16,107.71,62.347,220.01,413.628,297.788,33.8956,19.1136,552.841,942.066,619.9,418.804,104.681
194.66,44344,27323,29120,4141,27323,376.51,350.14,74.429,380.34,12.232,32.709,234.25,677.85,108.31,62.584,219.91,413.635,297.193,34.0767,19.0784,551.331,948.496,613.113,413.581,105.205
195.2,44216,27378,29058,4149.3,27378,377.86,351.35,74.783,380.99,12.345,32.709,234.22,675.96,108.6,61.689,220.79,415.603,297.909,34.2857,19.1003,552.676,939.222,620.264,411.564,105.443
193.46,44084,27183,29114,4114.2,27183,373.38,347.31,73.965,378.32,12.064,32.297,235.69,674.35,108.81,62.12,218.82,410.52,292.841,34.2421,18.8182,544.381,945.19,609.269,410.687,105.692
194.79,44443,27292,29136,4137,27292,377.05,349.99,74.443,380.62,12.223,32.807,235.62,678.93,107.6,62.903,219.92,414.563,297.543,34.0165,19.1071,551.714,949.389,613.939,414.534,104.582
192.69,44185,27165,29017,4112.6,27165,372.59,345.28,74.07,375.72,11.966,32.215,234.01,670.93,110,62.409,217.43,410.053,291.415,33.7983,18.785,541.323,934.015,605.595,416.976,106.736
194.64,44340,27348,29236,4146.2,27348,376.69,350.16,74.586,379.75,12.262,32.748,235.57,677.42,108.72,62.487,220.08,414.083,297.493,34.4394,19.1135,551.469,950.427,616.878,406.167,105.56
194.32,44410,27339,29123,4143.6,27339,376.13,349.18,73.96,380.57,12.286,32.626,236.51,681.69,108.37,63.19,219.57,413.496,297.469,33.9131,19.0916,551.995,944.602,626.359,416.841,105.254
194.79,44111,27226,29144,4113.8,27226,374.55,348.96,73.633,383.34,12.213,32.388,236.86,680.67,107.34,62.403,219.87,411.846,293.86,34.3221,18.7293,547.793,949.591,621.063,413.59,104.401
193.8,44398,27292,29199,4133.8,27292,374.22,347.51,73.757,379.68,12.171,32.51,236.87,680.59,108.8,63.408,218.49,412.121,295.543,34.0242,18.9711,548.91,949.135,619.967,414.804,105.647
193.92,44295,27191,29090,4118.1,27191,375.06,347.57,74.154,379.04,12.117,32.482,235.33,675.82,107.96,62.675,218.98,412.13,294.476,33.9514,18.9303,546.794,939.515,615.154,415.437,104.938
195.17,44488,27479,29113,4167.4,27479,377.77,351.75,74.35,381.85,12.397,32.87,235.81,682.78,108.83,63.102,220.35,415.084,300.185,33.9026,19.2366,556.516,950.545,622.547,417.429,105.618
193.36,44133,27139,29032,4105.9,27139,373.28,346.32,73.552,379.23,12.083,32.21,236.51,677.11,108,62.556,218.54,410.765,292.568,33.9108,18.7807,544.368,937.616,619.188,418.075,104.997
194.04,44056,27159,29078,4107.4,27159,374.17,347.21,74.139,379.74,12.113,32.246,235.37,672.8,108.15,61.854,219.1,410.759,292.471,34.2274,18.748,544.342,932.979,617.193,412.343,105.125
194.58,44445,27327,29149,4140.6,27327,376.51,349.87,74.269,380.47,12.222,32.775,235.69,680.1,108.39,63.076,219.72,414.013,296.986,33.9933,19.0529,550.936,952.49,613.865,414.888,105.273
193.86,44290,27215,29197,4127.1,27215,375.56,348.05,74.607,377.52,12.124,32.583,235.26,673.21,108.33,62.348,219.25,412.654,295.61,34.3312,19.0675,547.771,942.345,612.487,406.465,105.243
194.96,44409,27301,29143,4135.7,27301,376.73,350.16,74.577,380.82,12.185,32.823,234.9,677.46,108,62.666,219.76,414.855,296.724,34.1237,19.0262,550.565,952.941,606.748,413.537,104.937
193.9,44074,27249,29077,4124.6,27249,373.66,347.13,74.183,379.12,12.152,32.212,235.45,672.36,109.13,61.892,218.54,410.755,293.821,34.1989,18.8596,546.506,931.12,618.242,413.039,105.951
194.85,44529,27491,29170,4177.9,27491,378.73,352.25,75.008,378.85,12.363,33.075,234.6,678.96,109.34,62.675,220.51,417.322,301.636,34.1994,19.4504,557.157,954.135,614.035,409.247,106.045
194.4,44459,27405,29081,4155.9,27405,377,350.27,74.468,379.23,12.267,32.802,234.78,679.07,109.56,62.899,219.69,414.894,297.857,33.867,19.1427,551.86,947.644,614.948,416.427,106.28
194.52,44410,27505,29131,4175.3,27505,377.07,351.34,74.365,379.8,12.388,32.8,235.48,681.45,109.82,62.785,220.09,415.36,300.375,34.0974,19.3125,556.188,950.98,622.312,413.149,106.467
193.59,44310,27341,29093,4150.5,27341,375.36,348.81,74.768,376.12,12.139,32.633,234.18,672.35,110.07,62.196,218.78,413.639,296.947,34.0999,19.1893,549.543,944.276,604.345,410.565,106.732
194.11,44227,27239,29099,4130.7,27239,376.11,348.86,74.666,378.12,12.165,32.587,234.32,673.09,108.27,61.947,219.62,413.829,296.132,34.2523,19.086,548.844,939.496,612.563,409.474,105.185
193.45,44157,27229,29020,4118.8,27229,373.08,347.05,73.716,378.97,12.071,32.297,235.86,676.58,109.35,62.476,218.27,411.556,292.634,33.9059,18.765,544.464,944.437,609.536,418.76,106.158
195.1,44471,27367,29250,4152.6,27367,377.81,351.39,74.777,380.48,12.279,32.977,235.62,678.93,107.89,62.776,220.46,415.344,299.522,34.3621,19.2563,554.53,957.915,611.647,407.177,104.814
194.19,44097,27257,29121,4127.8,27257,374.49,348.1,74.352,379.46,12.178,32.344,235.39,672.94,108.67,61.814,219.11,411.749,294.889,34.3623,18.9358,548.029,936.363,616.72,409.811,105.543
192.56,44073,27246,29133,4128.5,27246,372.18,346.15,74.387,374.37,11.989,32.225,234.78,668.51,111.25,61.835,217.65,409.611,292.266,34.3037,18.877,542.278,941.327,600.668,406.398,107.805
194.14,44325,27400,29259,4154.3,27400,375.09,348.96,74.208,379.33,12.283,32.554,236.24,678.52,109.69,62.82,219.19,412.337,297.446,34.3738,19.1121,551.784,947.19,623.641,407.595,106.395
194.12,44367,27419,29103,4161,27419,376.2,349.61,74.713,377.8,12.253,32.675,234.45,674.95,110.2,62.439,219.19,413.93,298.027,34.0445,19.203,551.887,941.496,613.908,412.518,106.826
193.85,44367,27305,29325,4140.7,27305,374.96,348.89,74.078,378.77,12.186,32.667,236.66,680,108.66,63.107,219.38,412.327,296.97,34.4633,19.1165,550.437,960.433,615.083,404.496,105.513
193.52,44391,27252,29211,4128.8,27252,374.08,347.15,73.758,378.82,12.136,32.493,236.88,679.91,108.65,63.423,218.48,411.496,295.166,34.0308,18.9787,547.926,949.209,618.839,413.341,105.525
195.04,44223,27066,29036,4093.7,27066,376.63,350.22,74.159,382.54,12.069,32.72,235.51,678.36,105,62.296,220.75,413.414,294.229,34.0085,18.8301,547.097,957.196,600.434,416.625,102.357
193.34,44182,27225,29189,4123.4,27225,373,347.34,73.986,377.81,12.049,32.377,235.78,675.09,109.21,62.539,218.42,410.09,293.756,34.2559,18.9002,545.614,952.551,604.908,409.236,106.027
193.1,44269,27190,29187,4123.4,27190,374.23,346.74,74.601,375.25,12.013,32.507,235.27,670.73,109.39,62.293,218.32,412.22,293.982,34.3106,19.0084,544.527,943.753,603.999,405.728,106.181
193.51,44239,27207,29286,4120.5,27207,373.88,346.96,73.804,378.77,12.15,32.369,236.79,678.13,108.4,62.926,218.96,410.258,294.283,34.4075,18.9193,546.602,946.198,624.265,406.034,105.317
193.17,44075,27171,29118,4115.9,27171,372.68,345.84,74.028,377.36,12.066,32.154,235.31,671.84,108.77,62.073,218.01,410.06,293.382,34.2466,18.9041,545.131,933.587,615.698,410.574,105.651
193.28,44101,27125,29028,4107.7,27125,373.16,346.26,74.023,377.75,12.03,32.189,234.61,671.88,108.14,62.178,218.29,409.233,292.948,33.9105,18.8676,544.461,933.342,610.445,415.869,105.109
196.08,44538,27363,29336,4144.8,27363,378.77,352.29,74.411,384.49,12.372,33.094,237.39,685.23,106.48,63.258,221.33,416.759,299.53,34.5278,19.1248,555.799,965.235,622.334,407.182,103.582
194.24,44366,27393,29122,4156.8,27393,376.12,349.67,74.448,378.92,12.277,32.647,234.84,677.32,109.25,62.673,219.4,413.341,298.569,34.0301,19.2238,553.179,943.234,618.397,413.283,105.999
194.9,44312,27323,29121,4142.6,27323,377,349.96,74.548,380.75,12.295,32.672,235.38,677.03,107.82,62.314,220.05,414.684,298.07,34.2123,19.1421,552.864,939.912,622.064,412.255,104.773
194.32,44243,27294,29180,4128.8,27294,374.97,348.79,73.625,381.7,12.263,32.444,236.96,682.17,108.44,62.943,219.75,411.55,294.885,34.1821,18.8473,548.685,947.669,628.153,413.148,105.341
194.34,44353,27344,29183,4143.4,27344,375.24,348.69,74.366,379.61,12.208,32.593,235.63,676.62,109.17,62.731,218.92,413.049,296.492,34.1857,19.0374,550.281,945.184,615.496,411.941,105.953
194.43,44436,27377,29362,4149.6,27377,376.22,348.96,74.427,379.51,12.293,32.706,235.97,678.91,109.36,63.073,219.58,413.322,297.139,34.5518,19.0814,550.907,948.085,627.699,403.093,106.113
193.48,44156,27238,29191,4124.5,27238,373.47,347.05,74.058,378.04,12.111,32.319,235.33,674.5,109.33,62.361,218.58,410.587,293.709,34.3443,18.8847,545.667,942.972,615.113,408.166,106.132
194.02,44186,27292,29052,4134,27292,375.11,348.7,74.065,379.56,12.218,32.43,235.5,677.1,108.84,62.287,219.42,412.511,295.548,34.0453,18.9763,548.944,939.786,619.8,415.116,105.685
194.39,44334,27194,29074,4116.6,27194,375.78,348.27,74.055,380.75,12.159,32.563,235.51,678.37,107.25,62.821,219.42,413.261,294.91,33.9058,18.91,547.96,941.757,617.89,417.84,104.314
193.92,44029,27242,29102,4113.8,27242,372.5,347.17,73.177,382.12,12.184,32.102,237.37,680.57,108.79,62.54,218.81,409.627,292.078,34.1473,18.6148,545.185,943.192,625.894,416.775,105.673
193.86,44178,27217,29197,4122.9,27217,374.18,347.28,74.277,378.6,12.132,32.365,235.18,673.43,108.49,62.262,218.8,411.006,294.558,34.3743,18.9465,547.056,938.933,616.87,407.731,105.398
193.37,44261,27348,29083,4146.2,27348,374.09,347.72,74.227,377.08,12.164,32.395,234.99,674.5,110.5,62.552,218.35,411.106,295.493,33.9327,19.0353,548.15,938.644,614.221,414.502,107.118
194.72,44357,27270,29210,4134.1,27270,376.46,349.97,74.132,381.35,12.252,32.728,236.31,681.09,106.85,62.874,220.18,414.027,298.049,34.2875,19.1374,552.899,953.995,619.47,410.464,103.925
193.34,44262,27303,29081,4142.2,27303,374.47,347.64,74.408,376.45,12.133,32.47,234.66,673.34,109.84,62.311,218.4,412.953,295.972,34.0642,19.1096,548.403,939.526,611.195,412.421,106.547
195.76,44578,27446,29218,4159.6,27446,378.91,352.39,74.612,382.83,12.377,33.093,236.4,683.29,108.17,63.195,220.89,416.914,299.701,34.1781,19.1663,555.586,958.604,618.709,412.654,105.05
195.19,44517,27383,29203,4150.8,27383,377.93,351.9,74.57,381.3,12.271,33.02,235.96,681.32,108.21,63.105,220.62,414.906,298.616,34.1069,19.1444,553.395,962.582,608.711,411.993,105.097
193.17,43977,27202,29087,4120.4,27202,372.11,346.14,74.081,377.31,12.067,32.061,234.83,670.09,109.31,61.719,217.94,408.793,293.313,34.2531,18.8931,545.31,932.548,612.069,410.662,106.117
194.95,44480,27396,29354,4153.8,27396,377.1,350.4,74.472,380.86,12.324,32.877,236.3,681.1,108.54,63.108,220.15,414.915,298.703,34.5627,19.1645,553.6,956.58,623.389,404.064,105.385
194.91,44308,27312,29227,4140.9,27312,376.73,350.36,74.684,380.39,12.248,32.728,235.48,676.12,107.89,62.34,220.21,413.214,297.769,34.425,19.13,552.165,949.145,614.175,406.501,104.836
195.45,44369,27254,29190,4131,27254,377.8,350.82,74.579,382.34,12.265,32.862,235.75,678.98,106.08,62.475,220.68,415.855,298.452,34.3799,19.1421,553.588,951.3,616.433,409.865,103.249
193.75,44216,27283,29155,4137,27283,374.24,348.11,74.21,378.34,12.161,32.431,235.34,675.15,108.84,62.41,218.81,411.419,296.259,34.2171,19.0819,549.658,944.087,613.734,410.417,105.679
196.48,44544,27523,29209,4172.5,27523,380.2,353.76,74.747,384.61,12.53,33.131,235.92,684.49,107.84,62.891,221.72,418.185,301.836,34.3034,19.2687,559.588,953.188,629.872,411.934,104.735
194.09,44242,27166,29273,4111.7,27166,374.11,347.54,74.035,379.98,12.088,32.472,236.36,676.63,107.52,62.716,219.03,411.041,293.955,34.4457,18.8631,546.385,951.607,612.413,406.934,104.56
192.99,44201,27208,29199,4122.8,27208,372.11,345.99,73.874,377.08,12.023,32.289,235.94,674.51,109.18,62.686,217.59,410.302,293.867,34.2514,18.9417,545.69,948.289,607.67,409.856,106.003
194.09,44332,27332,29036,4143,27332,375.68,349.46,74.348,378.83,12.174,32.649,234.63,676.85,109.27,62.556,219.24,413.69,296.423,33.8655,19.0588,549.74,947.773,607.578,417.224,106.04
193.85,44211,27341,29196,4141.4,27341,374.21,348.15,74.342,378.27,12.173,32.438,235.3,674.32,110.22,62.3,218.75,411.635,294.928,34.3653,18.9483,547.616,944.205,613.796,407.923,106.883
193.88,44380,27398,29233,4155.4,27398,375.44,348.93,74.176,378.54,12.272,32.619,235.87,679.47,109.87,62.986,219.21,413.252,297.506,34.2661,19.1412,551.396,948.471,623.278,408.839,106.547
194.33,44057,27182,29086,4104.6,27182,373.23,347.62,73.51,382.45,12.132,32.2,236.53,678.23,107.82,62.397,219.09,409.539,291.985,34.0986,18.6132,544.883,943.572,617.543,417.006,104.836
193.08,44109,27191,29137,4118.2,27191,373.11,346.66,74.06,376.85,12.045,32.289,235.39,673.08,109.37,62.145,218.41,410.743,292.939,34.2877,18.8713,543.991,943.321,609.401,408.779,106.175
194.01,44281,27319,29243,4144.3,27319,375.1,349.33,74.27,378.76,12.199,32.637,235.92,677.84,108.64,62.548,219.44,413.225,297.559,34.4677,19.1651,551.466,956.133,612.379,405.824,105.487
194.29,44292,27237,29098,4132.2,27237,376.22,349.16,74.782,378.34,12.146,32.642,234.44,672.59,107.82,62.164,219.51,412.891,296.965,34.0966,19.1524,550.189,941.094,607.46,411.332,104.787
195.61,44485,27335,29379,4144.6,27335,378.52,351.36,74.937,381.57,12.304,33.056,236.07,679.08,107.26,62.707,220.93,416.509,298.959,34.7758,19.1787,553.756,959.113,617.541,400.17,104.271
195.04,44205,27225,29213,4122.1,27225,375.63,349.19,74.462,381.68,12.193,32.558,235.98,675.19,106.96,62.13,219.77,412.738,295.997,34.5039,18.9663,550.148,945.358,614.581,407.956,104.051
193.54,44366,27385,29008,4154,27385,374.9,348.58,74.119,377.74,12.199,32.55,235.12,677.82,110.18,62.862,218.53,413.328,297.009,33.6872,19.1309,550.546,943.333,613.335,420.134,106.821
193.78,44261,27357,29058,4150.9,27357,375.19,349.03,74.483,377.52,12.193,32.549,234.72,674.47,109.77,62.229,218.96,413.198,297.175,34.027,19.1615,550.645,942.509,610.323,413.567,106.471
195.9,44532,27445,29302,4161.2,27445,378.24,352.46,74.388,383.98,12.415,33.031,237.31,685.03,107.25,63.276,220.92,416.004,301.089,34.3977,19.2539,558.385,963.028,622.778,409.499,104.235
194.61,44505,27388,29241,4148.9,27388,376.15,350,73.644,382.24,12.328,32.756,237.6,687.03,108.27,63.819,219.86,413.763,298.087,34.0518,19.0727,553.467,959.133,627.771,414.889,105.153
194.59,44449,27334,29123,4146.4,27334,377.29,350.24,74.67,379.3,12.226,32.854,234.79,677.44,108.44,62.715,219.87,415.237,298.026,34.0396,19.1769,551.921,948.95,611.277,413.132,105.307
193.59,44150,27387,29202,4153.7,27387,373.63,348.07,74.543,376.94,12.185,32.362,234.51,671.54,110.85,61.976,218.39,410.765,296.169,34.4515,19.0877,549.331,941.019,612.206,405.382,107.41
193,44067,27244,28999,4124.3,27244,371.95,346.35,73.657,377.85,12.069,32.111,235.39,674.52,109.85,62.288,217.74,409.522,293,33.8658,18.834,545.056,938.523,610.862,418.713,106.589
194.03,44283,27250,29169,4122.7,27250,374.23,347.8,73.96,379.91,12.118,32.487,236.17,677.78,108.86,62.808,218.79,412.142,293.7,34.1613,18.8157,546.095,949.468,612.462,413.142,105.723
195.21,44307,27362,29059,4144.9,27362,377.02,351,74.613,381.55,12.272,32.723,234.68,676.86,108.36,62.26,220.16,414.032,297.475,34.021,19.0513,552.312,945.391,611.721,416.092,105.244
194.2,44299,27265,29235,4129.6,27265,375.31,348.82,74.637,378.42,12.099,32.679,235.28,673.97,109.14,62.34,219.24,413.269,294.626,34.4596,18.9346,546.57,953.652,603.245,405.536,105.954
193.77,44279,27343,29211,4144,27343,374.6,348.09,74.305,378.03,12.194,32.486,235.65,675.55,110.02,62.572,218.8,411.969,295.651,34.3086,19.017,548.518,943.775,617.543,408.16,106.702
193.44,44214,27209,29108,4122.8,27209,374.09,347.34,74.421,376.86,12.037,32.453,234.46,671.91,109.23,62.202,218.48,411.817,293.805,34.1453,18.9372,545.075,943.727,603.167,410.812,106.049
194.21,44295,27173,29148,4118.8,27173,375.8,348.62,74.348,379.32,12.121,32.635,235.92,676.12,106.98,62.478,219.58,413.525,295.92,34.2169,19.0495,548.818,947.901,610.61,410.675,104.069
194.01,44331,27255,29114,4127.2,27255,374.73,347.89,74.307,378.88,12.102,32.527,235.22,674.91,108.96,62.733,218.64,411.764,294.455,33.9505,18.9131,546.816,943.704,608.243,415.245,105.801
192.94,44050,27172,29049,4110.3,27172,371.94,345.63,73.971,376.87,11.976,32.135,235.11,670.9,109.96,61.997,217.6,409.845,290.905,34.0834,18.7038,541.191,937.965,604.424,413.971,106.705
194.54,44556,27278,29187,4135.8,27278,377.41,349.16,74.296,380.17,12.241,32.861,236.16,681.24,107.5,63.387,219.78,415.875,297.565,34.0319,19.1253,551.339,947.843,622.934,413.821,104.499
194.72,44491,27333,29196,4143.8,27333,376.93,349.86,74.228,380.95,12.274,32.816,236.27,681.69,107.82,63.251,219.85,414.938,298.195,34.0953,19.1399,552.894,951.597,621.045,413.478,104.765
195,44328,27356,29142,4142.3,27356,376.27,350.66,74.049,382.45,12.289,32.699,236.38,681.92,108.04,62.798,220.14,413.907,297.362,34.1366,19.0149,552.526,954.576,617.712,414.875,104.968
194.24,44408,27275,29042,4131,27275,375.76,349.27,73.596,381.42,12.226,32.62,236.84,684.11,107.54,63.447,219.64,412.854,296.566,33.6224,19.0066,550.877,950.947,620.308,422.657,104.544
193.14,44399,27281,29125,4133.9,27281,373.87,347.13,73.922,377.15,12.082,32.5,235.5,677.69,109.9,63.308,218.12,411.216,294.469,33.7886,18.9624,546.272,948.519,609.883,416.399,106.612
194.31,44217,27274,29191,4134.6,27274,375.23,348.68,74.339,379.68,12.215,32.509,235.84,675.75,108.04,62.243,219.4,412.95,296.764,34.4253,19.0829,550.722,943.159,618.851,408.037,104.982
194.37,44353,27371,29214,4147.2,27371,375.55,349.53,74.111,380.31,12.267,32.611,236.27,680,109.1,62.991,219.57,412.044,297.018,34.1765,19.051,551.336,950.453,620.288,411.229,105.892
193.04,44308,27202,29222,4118.6,27202,373.27,346.59,73.804,377.27,12.03,32.448,236.35,677.51,109.38,63.115,218.28,410.934,292.866,34.1651,18.844,543.746,953.838,609.246,409.904,106.181
194,44104,27210,29006,4117,27210,374.01,347.85,73.697,380.75,12.16,32.288,236.09,677.77,107.91,62.262,219.08,411.85,294.082,33.9745,18.8403,547.324,939.849,618.541,418.687,104.897
194.02,44152,27224,29085,4125.3,27224,374.87,347.97,74.244,379.15,12.17,32.402,235.41,674.49,108.02,62.019,219.16,412.912,295.49,34.2334,19.0073,548.638,936.956,618.031,412.035,104.98
193.19,44189,27141,29218,4107.9,27141,372.89,346.19,73.951,377.51,12.003,32.314,236.43,674.09,108.76,62.649,218.29,409.362,292.112,34.27,18.7929,542.834,947.185,608.444,408.131,105.656
194.91,44297,27395,29264,4144.8,27395,375.75,349.87,73.711,383.17,12.381,32.55,237.72,684.43,108.66,63.056,220.16,412.754,296.713,34.4009,18.9243,552.052,950.27,635.588,410.295,105.505
195.98,44211,27453,29070,4155.2,27453,377.54,352.04,74.416,384.48,12.443,32.666,235.05,680.06,108.31,61.952,220.85,415.523,298.555,34.2788,19.0217,555.357,941.823,627.164,415.538,105.18
193.77,44239,27353,29166,4146.7,27353,375.17,349.13,74.391,377.73,12.202,32.544,235.37,675.57,110.12,62.33,219.39,412.089,295.969,34.2718,19.0495,548.769,947.11,613.507,408.031,106.786
193.35,44123,27162,29127,4115.1,27162,373.55,346.8,74.221,377.27,12.042,32.329,235.3,672.11,108.57,62.046,218.51,411.211,293.528,34.2845,18.9177,544.946,941.255,608.324,409.163,105.474
193.52,44300,27364,29135,4151.3,27364,374.63,348.27,74.181,377.55,12.215,32.483,235.19,676.72,109.98,62.697,218.73,412.121,296.94,34.065,19.139,550.409,942.729,618.281,412.277,106.651
194,44083,27215,29161,4120.5,27215,374.95,348.23,74.39,378.69,12.149,32.418,235.59,673.23,108.67,61.704,219.6,412.584,293.896,34.5516,18.8836,545.859,941.172,615.516,405.374,105.556
194.37,44365,27277,29233,4133.5,27277,375.71,348.65,74.277,379.94,12.207,32.627,236.51,677.94,108.08,62.874,219.4,412.946,296.459,34.2816,19.0437,550.088,946.84,619.393,409.442,105.019
193.63,44249,27286,29171,4137.4,27286,374.75,347.9,74.466,377.18,12.144,32.501,234.86,673.55,109.52,62.281,218.81,412.636,295.533,34.3136,19.0518,547.865,942.401,612.926,407.743,106.277
195.12,44422,27443,29208,4157.2,27443,376.79,351.05,74.244,382.11,12.341,32.815,236.48,682.41,108.98,62.977,220.09,415.064,298.339,34.2513,19.0796,553.818,956.28,619.89,412.377,105.77
194.07,44065,27211,29154,4116.3,27211,373.61,347.5,74.211,379.56,12.102,32.298,235.97,672.72,108.73,61.857,218.82,411.018,293.035,34.4412,18.7866,545.235,941.317,611.213,408.803,105.614
193.5,44092,27297,29040,4132.7,27297,372.81,347.16,73.916,378.48,12.132,32.193,235.57,674.16,110.03,62.169,218.13,410.217,293.877,34.007,18.8711,546.565,937.493,613.503,416.234,106.728
194,44280,27336,29332,4146.9,27336,375.07,348.95,74.401,378.37,12.223,32.611,236.49,676.76,109.08,62.52,219.4,412.718,297.394,34.6911,19.1576,551.087,953.436,617.521,400.761,105.874
192.07,44139,27029,29143,4089.8,27029,370.99,343.63,73.787,374.74,11.828,32.115,235.09,670.51,109.29,62.607,216.95,408.249,289.187,34.0649,18.6664,537.454,941.923,600.553,410.86,106.155
194.29,44269,27169,29152,4108,27169,374.35,347.89,73.713,381.52,12.108,32.46,236.61,679.6,107.27,62.99,219.18,411.089,293.429,34.0454,18.7669,546.204,950.53,613.952,415.687,104.349
193.97,44263,27365,29084,4155.5,27365,376.69,349.68,74.82,377.09,12.266,32.63,234.07,673.46,109.55,61.938,219.75,414.265,298.282,34.1967,19.2656,551.893,936.631,617.769,409.16,106.265
193.39,44130,27154,29033,4115.4,27154,374.2,347.22,74.652,376.19,11.996,32.395,233.58,668.45,108.83,61.696,218.54,411.455,293.414,34.0861,18.9436,544.214,937.442,599.081,411.41,105.704
194.36,44320,27364,29185,4150.2,27364,375.73,349.53,74.226,379.98,12.282,32.615,236.08,679.03,108.62,62.681,219.54,413.537,298.242,34.2619,19.1713,553.093,947.536,621.326,410.676,105.464
192.18,44101,27160,28918,4110.5,27160,371.25,344.26,73.797,375.04,11.93,32.013,234.72,670.1,110.67,62.324,216.74,408.688,290.281,33.5585,18.7148,539.748,928.577,605.26,421.994,107.331
194.57,44528,27281,29301,4139.3,27281,377.55,349.36,75.111,378,12.167,32.953,234.82,674.29,108.33,62.781,219.7,415.252,297.319,34.4361,19.1706,549.953,949.84,609.771,403.301,105.227
195.3,44436,27302,29295,4135.8,27302,377.43,350.24,74.38,382.36,12.303,32.832,236.59,681.1,107.04,62.979,220.47,414.919,297.8,34.4677,19.0688,552.67,952.066,624.866,407.33,104.096
194.78,44491,27309,29270,4138.7,27309,376.57,349.75,74.097,381.09,12.247,32.849,236.6,683.02,107.61,63.365,219.9,415.163,297.693,34.2926,19.0972,552.048,959.553,619.376,409.768,104.598
192.43,44315,27426,29289,4164.2,27426,373.51,346.92,74.386,373.56,12.173,32.428,235.38,673.69,112.55,62.757,217.94,410.812,295.92,34.3939,19.1588,547.436,943.788,618.318,401.83,108.867
193.28,44202,27173,29140,4121.4,27173,374.73,346.93,74.624,375.8,12.061,32.454,234.53,670.36,108.77,61.972,218.71,412.641,294.478,34.3259,19.0402,545.525,936.774,610.226,406.386,105.639
194.96,44391,27360,29197,4145.9,27360,376.79,350.62,74.356,381.37,12.283,32.777,236.14,680.16,108.23,62.835,220.15,413.954,297.843,34.2158,19.088,552.665,953.23,616.886,411.515,105.126
194.27,44249,27244,29393,4124.3,27244,374.83,348.08,74.024,380.38,12.209,32.541,237.48,679.27,108.09,62.7,219.61,412.835,294.949,34.8622,18.9088,547.95,953.811,625.528,399.798,105.042
193.62,44286,27197,29133,4120,27197,374.89,347.84,74.425,377.33,12.047,32.557,235.12,673.49,108.91,62.481,218.95,411.863,293.725,34.095,18.9154,544.847,946.735,603.993,410.749,105.768
192.68,44093,27227,29144,4123.4,27227,372.11,346.32,73.895,376.07,12.016,32.248,235.6,673.59,110.36,62.22,217.92,410.57,292.447,34.3027,18.8439,543.133,948.419,605.658,408.667,107.032
194.54,44393,27406,29412,4152.8,27406,375.42,349.55,74.285,380.26,12.281,32.704,236.97,680.06,109.5,63.09,219.56,412.42,297.29,34.6844,19.0623,551.603,958.826,621.283,401.284,106.233
193.07,44101,27167,29097,4110.4,27167,372.62,346.25,73.757,377.76,12.031,32.204,235.98,674.57,109.21,62.382,218.26,409.676,291.798,34.0916,18.752,542.711,942.275,610.985,413.112,106.054
194.17,44356,27276,29133,4134.4,27276,375.52,348.53,74.503,378.71,12.145,32.615,235.24,674.82,108.67,62.641,218.99,412.681,296,34.0406,19.0441,548.986,943.656,609.963,413.085,105.536
195.41,44464,27357,29182,4148.9,27357,378.9,351.91,74.641,381.79,12.351,32.987,235.54,681.19,107.29,62.761,221.17,416.311,299.56,34.2362,19.2188,554.942,952.489,620.898,410.542,104.291
194.8,44287,27275,29239,4125.4,27275,376.01,349.58,73.89,382.36,12.26,32.622,237.27,682.17,107.77,62.84,220.3,413.327,295.186,34.409,18.8537,548.979,953.412,624.615,409.429,104.753
194.8,44352,27318,29129,4131.7,27318,375.85,349.6,74.01,382.03,12.225,32.642,236.24,680.8,108.55,62.95,219.7,413.232,295.073,34.0139,18.8413,548.826,950.913,616.472,416.705,105.436
193.52,44187,27202,29068,4121.3,27202,375,348,74.074,378.03,12.133,32.438,235.48,676.02,108.49,62.314,219.41,412.148,294.406,34.0633,18.9535,546.339,941.49,615.867,412.74,105.397
193.26,44457,27211,29167,4128.4,27211,375.06,347.21,74.57,375.68,12.022,32.678,234.53,673.43,109.04,62.978,218.33,412.849,295.14,33.9835,19.0854,546.212,947.36,602.69,410.837,105.869
193.87,43983,27165,29023,4108.2,27165,373.12,347.07,73.821,380.17,12.099,32.158,235.61,674.14,108.06,61.769,218.73,410.973,292.651,34.1781,18.7517,545.077,936.705,614.496,415.424,105.043
193.86,44357,27382,29142,4148.3,27382,374.76,348.17,74.162,378.65,12.215,32.511,235.89,677.42,110.35,62.917,218.6,412.353,295.706,34.0013,18.9888,548.891,942.378,618.8,414.489,106.984
193.33,44369,27256,29110,4133.6,27256,375.4,347.62,74.728,375.48,12.066,32.624,234.08,671.8,109.97,62.488,218.6,413.138,294.623,34.0118,19.0324,545.457,941.158,605.118,410.721,106.678
194.91,44404,27258,29381,4131.5,27258,376.31,349.93,74.223,381.64,12.233,32.81,237.39,681.37,106.61,63.097,220.24,413.5,297.915,34.6443,19.1181,552.623,962.833,617.976,402.84,103.717
195.92,44556,27360,29178,4144.4,27360,378.84,352.2,74.279,384.38,12.363,33.041,236.75,685.45,106.52,63.368,221.13,416.371,299.43,34.0345,19.1223,555.73,958.661,621.212,416.416,103.624
194.26,44199,27063,29194,4089.6,27063,374.25,347.5,73.799,381.32,12.034,32.43,237.14,677.57,106.4,62.74,219.44,410.162,291.917,34.2227,18.6749,543.596,951.503,610.03,411.61,103.61
193.62,44185,27190,29221,4115.8,27190,373.59,346.95,74.076,378.43,12.071,32.38,235.96,674.68,108.71,62.443,218.63,411.087,293.187,34.4078,18.8403,544.797,946.687,611.886,407.294,105.6
193.42,44314,27261,29344,4131.7,27261,374.11,347.53,74.158,377.33,12.112,32.552,236.32,676.83,109.38,62.9,218.82,411.595,294.841,34.5668,18.993,546.693,955.708,613.431,401.86,106.163
195,44303,27188,29129,4110.7,27188,376.12,349.23,73.81,383.34,12.209,32.601,237.11,681.89,106.36,62.913,220.18,413.246,294.761,34.0735,18.814,548.633,949.075,621.402,416.531,103.532
194.88,44229,27283,29126,4130.6,27283,376.52,350.57,74.261,381.53,12.236,32.683,236.21,679.05,107.76,62.24,220.5,414.21,296.155,34.3012,18.9619,550.118,952.802,613.779,411.369,104.735
193.73,44464,27232,29190,4124.6,27232,375.06,347.82,73.97,378.76,12.098,32.666,236.04,679.81,108.53,63.453,218.85,412.815,294.684,33.9612,18.9395,546.742,954.044,611.469,414.065,105.428
194.88,44275,27236,29118,4124.1,27236,376.34,349.29,74.686,380.46,12.157,32.662,234.92,673.97,107.73,62.098,219.67,414.275,295.419,34.2539,18.948,548.553,943.261,608.955,411.738,104.726
195.55,44639,27499,29315,4172.7,27499,378.71,353.08,74.549,382.21,12.398,33.184,237.25,685.38,108.39,63.566,220.98,416.036,301.537,34.2747,19.3282,558.16,969.884,616.343,408.738,105.218
194.24,44336,27262,29115,4133,27262,375.81,349,74.275,379.52,12.179,32.638,235.93,677.53,107.89,62.668,219.42,413.612,296.742,34.057,19.0868,550.359,946.909,613.426,413.914,104.85
194.51,44383,27336,29217,4139.3,27336,375.1,349.17,73.611,382.26,12.286,32.556,237.09,684.13,107.97,63.503,219.5,411.503,297.078,34.0428,19.0066,552.269,952.604,626.627,415.264,104.906
195.2,44271,27161,29242,4108.6,27161,376.22,350.16,74.021,383.33,12.169,32.724,237.05,681.18,105.66,62.689,220.65,413.24,295.421,34.4535,18.8784,549.41,962.095,611.742,408.849,102.922
195.41,44391,27269,29269,4128.1,27269,377.62,351.06,74.27,383.01,12.273,32.881,236.9,682.36,106.63,62.887,221.03,414.777,297.061,34.4507,18.9925,551.62,960.059,618.616,407.738,103.744
194.58,44284,27284,29160,4133.3,27284,375.75,349.1,74.298,380.59,12.221,32.581,235.71,677.22,108.02,62.501,219.57,413.186,296.399,34.2384,19.0166,550.375,944.485,617.964,411.701,104.96
194.5,44308,27188,29165,4114.4,27188,375.3,348.67,74.089,380.99,12.112,32.626,236.21,678.37,107.21,62.743,219.46,413.236,294.583,34.1933,18.8746,547.483,953.453,609.274,412.929,104.285
193.55,44333,27295,29289,4133,27295,374.34,347.8,73.685,379.02,12.193,32.509,237.17,681.61,109.39,63.28,219.12,411.77,294.684,34.3427,18.914,547.199,954.168,624.057,407.561,106.166
194.08,44028,27126,29117,4100.3,27126,373.05,346.72,73.712,381.17,12.1,32.149,236.29,675.26,107.26,62.147,218.8,409.64,292.408,34.2598,18.711,545.015,937.713,618.702,413.366,104.347
194.54,44414,27337,29140,4146.2,27337,376.52,350.04,74.269,380.35,12.261,32.731,235.65,679.95,108.01,62.987,219.81,413.512,298.424,33.9886,19.1806,553.243,949.56,617.285,414.614,104.933
195.11,44529,27401,29452,4157.9,27401,377.64,351.24,74.638,380.74,12.326,33.052,236.7,681.97,108.08,63.167,220.58,415.84,300.005,34.8216,19.2765,555.234,967.643,619.349,398.088,104.969
193.2,44251,27310,29019,4144.9,27310,374.88,348.57,74.31,376.23,12.146,32.498,235.01,674.69,109.83,62.369,218.94,411.998,296.44,33.8444,19.1545,548.986,942.648,608.997,414.87,106.529
192.41,43986,27072,29340,4094.3,27072,370.44,343.42,73.841,375.73,11.926,31.978,236.7,669.67,109.58,62.108,217.2,407.833,289.278,34.8135,18.632,538.252,939.667,613.796,398.804,106.402
194.55,44450,27386,29101,4153.7,27386,377.06,350.76,74.215,380.39,12.298,32.809,235.79,681.87,108.51,63.086,220.09,414.495,298.831,33.8799,19.197,553.791,952.314,617.827,416.646,105.361
193.63,44091,27173,29018,4115.6,27173,374.5,348.27,74.321,377.79,12.049,32.427,234.26,672.5,108.51,61.745,219.24,412.073,293.565,34.1135,18.8981,545.015,944.666,601.891,412.629,105.425
192.49,43951,27038,28994,4089.8,27038,370.49,343.98,73.773,376.29,11.865,31.923,234.74,668.35,108.81,61.864,216.92,407.774,289.601,33.9478,18.6567,539.18,932.4,600.691,416.5,105.737
194.39,44311,27417,29137,4159.5,27417,376.37,350.43,74.223,379.95,12.339,32.666,236.25,680.34,109.06,62.57,219.98,414.5,299.049,34.2087,19.2239,554.287,948.227,623.376,411.769,105.828
192.95,44197,27125,29250,4110.3,27125,373.05,345.92,74.071,376.41,12.002,32.349,235.95,673.36,108.46,62.542,218.25,410.452,293.117,34.4278,18.9201,543.843,946.809,609.852,404.666,105.393
193.14,44206,27200,29093,4119,27200,372.76,346.04,73.758,377.92,12.068,32.227,236.36,675.33,108.97,62.773,217.89,409.697,293.433,33.9079,18.8798,545.373,938.452,615.028,416.281,105.824
195.66,44454,27359,29209,4143,27359,378.25,351.9,74.502,383.02,12.316,32.968,236.14,681.89,107.55,62.876,220.99,415.599,298.009,34.2651,19.0436,553.125,958.121,616.133,411.35,104.536
193.63,44172,27265,29097,4125.6,27265,373.14,346.72,73.664,379.68,12.163,32.217,236.39,677.32,109.22,62.663,218.27,410.587,293.718,34.0212,18.8272,546.603,937.116,623.026,416.524,106.031
194.09,44296,27381,29211,4152.2,27381,375.35,350.18,74.103,379.41,12.245,32.675,236.16,680.44,109.26,62.703,219.74,413.355,297.721,34.3434,19.1371,552.003,960.107,613.269,408.464,106.022
194.38,44235,27166,29202,4112.1,27166,375.5,348.07,74.543,379.42,12.098,32.561,235.38,673.29,107.72,62.176,219.45,412.854,293.813,34.4412,18.8653,545.674,943.674,610.793,406.894,104.736
193.53,44154,27349,28966,4142,27349,373.75,348.14,73.848,378.72,12.188,32.304,235.42,676.87,110.22,62.334,218.56,411.645,294.958,33.7907,18.9381,548.169,939.37,615.418,420.31,106.881
193.99,44232,27263,29097,4128.3,27263,374.37,347.73,73.709,380.56,12.22,32.353,236.36,679.44,108.13,62.789,218.97,411.756,295.52,34.0018,18.9535,549.426,939.301,626.283,416.809,105.068
193.46,44215,27149,29224,4105,27149,372.89,346.54,73.724,379,12.016,32.335,236.7,676.71,108.59,62.928,218.46,409.138,291.613,34.204,18.6984,542.626,951.691,609.12,410.371,105.51
194.53,44234,27303,29053,4134.4,27303,375.33,349.13,74.016,381.26,12.241,32.49,235.75,678.68,108.15,62.464,219.44,413.221,296.268,34.0057,18.9802,550.688,942.248,619.607,417.67,105.074
194.11,44393,27387,29143,4154.1,27387,375.36,348.65,74.374,378.79,12.24,32.6,235.3,676.92,109.57,62.83,218.71,413.536,297.721,34.0455,19.1575,551.937,942.084,618.158,413.98,106.283
195,44496,27398,29210,4148,27398,376.84,350.69,73.802,382.96,12.344,32.813,236.94,686.55,108.26,63.618,220.25,414.392,297.794,34.0422,19.0185,553.175,958.482,626.112,415.715,105.152
194.67,44162,27369,29229,4146.3,27369,375.4,349.67,74.396,380.59,12.292,32.515,235.76,676.38,109.08,62.001,219.78,413.107,296.868,34.6346,19.0319,551.381,945.548,621.464,405.274,105.869
194.88,44489,27450,29204,4163.8,27450,377.36,351.35,74.36,380.91,12.349,32.897,235.95,682.49,108.9,63.141,220.24,415.093,299.713,34.1453,19.2342,555.305,956.754,619.419,412.084,105.687
193.94,44174,27161,29250,4114.7,27161,374.5,347.17,74.776,377.5,12.046,32.469,235.02,669.27,108.37,61.853,218.8,411.9,293.679,34.639,18.9197,544.947,941.396,606.515,401.957,105.303
193.8,44214,27184,29198,4116.2,27184,374.18,347.49,74.365,378.14,12.049,32.464,235.37,672.92,108.58,62.328,218.8,411.09,293.487,34.335,18.8756,544.991,946.913,605.731,407.597,105.484
193.79,44368,27274,29148,4134.3,27274,374.78,348.47,74.056,378.75,12.132,32.599,235.79,678.45,108.61,63.049,218.91,412.158,296.078,33.9769,19.0513,549.191,952.594,609.664,414.191,105.478
194.5,44546,27368,29303,4153.4,27368,377.49,350.16,74.648,378.95,12.273,32.929,235.67,679.47,108.74,63.226,220.04,414.551,298.725,34.3124,19.2354,552.704,953.993,618.745,405.837,105.557
195.83,44515,27381,29258,4154.4,27381,380,352.68,74.809,382.49,12.422,33.116,236.37,682.34,106.8,62.793,221.76,417.58,300.949,34.4526,19.3058,557.082,954.165,626.492,406.412,103.854
192.95,44182,27316,29123,4141.7,27316,373.64,347.01,74.399,375.34,12.106,32.365,234.01,671.72,111.09,62.09,218.14,412.022,294.288,34.2477,18.9959,545.563,939.027,610.905,408.421,107.642
194.11,44315,27335,29176,4144,27335,375.89,349.32,74.356,378.82,12.227,32.643,235.33,677.53,109.19,62.556,219.6,413.651,296.688,34.2678,19.0804,550.058,948.051,616.855,409.275,105.973
193.84,44172,27308,29068,4139.1,27308,374.25,348.2,74.368,378.23,12.156,32.395,234.95,673.08,109.51,62.059,218.65,411.838,295.64,34.1013,19.0242,548.79,939.04,610.577,413.459,106.258
193.42,44368,27187,29202,4125.6,27187,375.07,348.05,74.43,376.54,12.041,32.691,235.13,675.07,108.11,62.754,218.96,413.006,295.896,34.2175,19.131,547.663,955.162,602.1,407.496,105.05
194.24,44310,27466,29138,4169.4,27466,376.19,350.45,74.399,378.97,12.348,32.646,235.1,678.59,109.91,62.472,219.73,413.916,299.525,34.1958,19.2817,554.801,945.854,621.95,410.944,106.561
194.88,44422,27456,29125,4163.5,27456,376.94,351.06,74.339,381.08,12.351,32.781,235.8,681.09,109.11,62.889,219.97,414.667,299.346,34.0173,19.1979,555.08,950.114,619.938,415.515,105.871
193.58,44196,27301,29073,4138.5,27301,374.52,348.14,73.985,378.41,12.207,32.38,235.49,676.98,109.22,62.437,219.04,411.78,295.922,34.0284,19.0447,549.215,939.583,620.683,414.237,106.007
193.66,44181,27125,29119,4101.1,27125,372.93,347.06,73.241,381.04,12.062,32.297,237.74,681.02,107.14,63.067,218.8,409.719,292.695,33.9613,18.7371,545.165,953.16,613.74,417.408,104.243
193.95,44392,27288,29249,4137.4,27288,375.26,348.62,74.286,378.54,12.156,32.673,235.79,677.76,108.7,62.985,219.13,412.799,296.443,34.2728,19.083,549.496,953.765,611.987,408.179,105.55
191.97,44260,27232,29151,4132.2,27232,372.16,345.36,74.185,372.97,11.96,32.321,234.52,671.17,111.02,62.67,217.13,410.078,293.427,34.0459,19.0256,543.335,944.507,601.955,408.986,107.597
194.13,44208,27210,29019,4116.6,27210,374.5,348.2,73.843,380.65,12.118,32.452,235.52,678.13,107.93,62.486,219.06,413.032,293.991,33.929,18.8317,546.846,946.458,611.06,419.195,104.912
193.97,44288,27237,29305,4124.8,27237,375.03,348.18,74.186,378.99,12.154,32.567,236.72,677.38,108.58,62.743,219.48,411.881,294.608,34.5266,18.9255,546.837,951.8,617.409,403.727,105.47
194.89,44439,27369,29136,4148.8,27369,376.68,350.29,74.257,381.45,12.293,32.746,236.22,680.72,108.09,63.069,219.8,413.797,298.49,33.9524,19.1408,553.817,948.816,619.027,416.477,104.997
193.65,44247,27420,29237,4155.3,27420,374.5,348.09,74.083,378.21,12.291,32.415,236.13,677.85,110.93,62.606,218.91,412.346,296.016,34.4291,19.0191,549.361,941.174,629.666,406.762,107.474
193.45,44167,27266,29068,4134.2,27266,373.81,347.82,74.147,377.67,12.123,32.359,234.53,674.13,109.09,62.251,218.58,411.036,295.616,34.0341,19.0552,548.534,941.781,610.06,413.733,105.904
194.33,44241,27305,29128,4129.5,27305,374.75,348.84,73.74,381.37,12.216,32.476,236.8,680.84,108.9,62.78,219.44,412.351,294.389,34.1091,18.8111,547.81,949.672,619.76,415.203,105.747
193.23,44303,27119,29093,4104.3,27119,373.97,345.86,74.183,376.95,11.976,32.412,234.94,672.85,108.78,62.733,218.11,411.341,291.624,33.9013,18.772,541.568,938.656,607.177,414.826,105.68
193.74,44165,27202,29392,4117.3,27202,373.19,347.1,74.025,378.95,12.099,32.372,236.76,675.64,108.61,62.579,218.88,409.502,293.453,34.7922,18.8431,545.447,953.817,615.339,399.217,105.51
194.3,44318,27304,29144,4141.8,27304,376.51,350.11,74.537,378.85,12.205,32.737,234.96,676.81,108.39,62.402,220,413.966,297.501,34.2153,19.1584,551.114,951.185,610.31,409.648,105.273
194.81,44719,27377,29357,4156.8,27377,379.14,350.74,74.883,379.01,12.307,33.173,235.33,681.09,108.33,63.614,220.5,416.596,299.791,34.3279,19.3164,553.807,956.511,621.53,404.241,105.191
194.18,44271,27232,29197,4126.5,27232,375.38,348.44,74.638,378.43,12.112,32.603,235.28,673.07,108.46,62.242,219.21,412.854,295.154,34.3768,18.9932,547.47,946.07,607.571,407.044,105.359
192.26,44058,27201,29060,4120.5,27201,371.35,344.84,73.776,375.27,12.016,32.012,235.05,671.46,110.47,62.269,217.24,408.276,292.052,33.9787,18.8491,542.63,932.23,613.296,413.687,107.135
194.04,44472,27343,29124,4148.1,27343,376.19,348.96,74.353,378.55,12.224,32.69,235.18,678.16,109.03,63.166,219.17,412.989,297.601,33.8269,19.1655,551.331,943.558,617.537,415.761,105.825
195.53,44584,27477,29187,4168.6,27477,379.06,352.85,74.42,382.6,12.429,33.097,236.35,685.61,108.01,63.333,221.11,417.041,301.374,34.0705,19.3104,558.136,959.971,622.667,414.222,104.897
194.72,44314,27336,29202,4140.7,27336,376.74,350.4,74.378,380.63,12.269,32.723,236.1,679.06,108.61,62.545,220.37,413.73,296.653,34.3445,19.0159,550.51,951.57,618.049,408.557,105.467
194.99,44515,27393,29185,4153.9,27393,377.36,351.69,74.2,381.72,12.296,32.966,236.02,684.18,107.91,63.346,220.42,415.07,299.453,34.0331,19.2028,555.029,964.784,612.76,414.44,104.832
193.73,44170,27452,28988,4162.5,27452,373.88,348.77,73.975,378.91,12.285,32.299,234.93,676.87,110.68,62.33,218.51,411.338,297.391,33.8158,19.1124,552.275,936.305,620.422,419.812,107.247
196.13,44328,27356,29113,4141.7,27356,378.52,352.82,74.052,385.88,12.433,32.856,236.91,685.83,105.96,62.665,221.75,415.941,299.561,34.1865,19.0917,556.861,954.874,627.618,416.16,103.133
193.93,44310,27338,29219,4145.5,27338,374.93,348.59,74.225,378.69,12.216,32.557,235.93,677.46,109.22,62.706,219.05,412.728,296.915,34.3191,19.1064,550.607,947.94,618.087,408.531,105.999
194.38,44315,27368,28979,4143.8,27368,375.82,349.6,74.155,380.28,12.235,32.579,235.04,678.48,109.57,62.62,219.37,413.459,295.819,33.7071,18.9487,549.54,942.611,614.632,421.655,106.308
194.02,44152,27293,29315,4132.1,27293,373.44,347.74,74.153,379.43,12.164,32.37,236.85,675.16,109.31,62.331,218.76,410.669,294.613,34.6995,18.9007,547.655,949.055,616.265,402.857,106.101
193.69,44197,27279,29106,4130.2,27279,374.49,348.28,73.796,379.29,12.196,32.383,236.3,678.76,109.15,62.647,219.34,410.921,294.583,34.0402,18.9054,547.396,944.066,620.941,413.901,105.959
195.04,44446,27406,29293,4153.5,27406,377.58,350.7,74.453,381.22,12.364,32.832,236.57,681.19,108.72,62.986,220.51,414.53,298.324,34.4298,19.1166,553.189,950.67,627.977,406.466,105.543
193.68,44315,27238,29057,4132.1,27238,376.04,348.22,74.739,376.55,12.115,32.617,234.19,672.14,108.95,62.209,219.12,413.789,295.663,34.0019,19.0948,547.449,937.485,608.948,412.206,105.783
193.29,44182,27309,28968,4134.7,27309,373,347.04,73.685,378.52,12.146,32.203,234.83,676.55,110.11,62.664,218.03,409.894,294.064,33.6197,18.8817,546.862,935.631,616.68,422.696,106.794
195.05,44417,27416,29301,4154.9,27416,376.6,351.09,74.168,382.1,12.338,32.825,237.25,683.29,108.38,63.112,220.31,414.125,298.869,34.4402,19.1352,554.565,961.808,620.783,407.743,105.243
193.73,44167,27140,29147,4106.7,27140,373.84,346.88,74.386,378.01,12.004,32.376,234.63,671,108.57,62.152,218.58,410.403,292.093,34.2349,18.7741,542.865,941.651,603.839,409.616,105.494
194.6,44501,27443,29105,4163.5,27443,377.52,350.82,74.681,379.17,12.295,32.881,234.87,678.58,109.75,62.898,219.83,415.177,298.775,33.9042,19.2105,553.173,948.146,614.191,415.135,106.425
193.67,44286,27250,29013,4126.3,27250,374.44,348.25,73.832,379.12,12.113,32.478,235.9,678.52,108.78,62.869,218.89,411.64,294.54,33.6949,18.9155,547.135,947.815,609.348,420.468,105.648
192.92,44366,27306,29226,4145.1,27306,373.71,347.55,74.136,375.81,12.093,32.546,235.65,676.45,109.91,63.07,218.2,411.311,296.44,34.1421,19.1692,548.798,954.426,607.344,408.473,106.597
195.71,44724,27516,29300,4169.1,27516,379.33,352.64,74.13,383.86,12.481,33.163,237.53,690.12,108.51,64.141,221.21,416.77,300.443,34.0929,19.1719,557.027,963.816,632.733,413.322,105.335
195.77,44373,27383,29015,4145.3,27383,377.85,352.3,74.218,384.3,12.344,32.843,235.77,682.94,107.36,62.701,220.86,415.35,298.419,33.8314,19.0353,554.65,953.278,615.561,421.753,104.363
192.69,44098,27132,29145,4106.5,27132,371.93,344.86,74.023,375.94,11.96,32.142,235.25,670.43,109.68,62.22,217.5,409.34,290.909,34.2331,18.7456,540.689,936.964,608.22,409.311,106.466
195.04,44294,27249,29056,4129.5,27249,377.66,350.59,74.728,380.69,12.217,32.776,234.68,675.74,107.16,62.043,220.52,415.316,297.012,34.127,19.0723,550.847,944.266,610.957,413.443,104.209
194.84,44274,27284,29309,4134.2,27284,375.88,349.43,74.531,380.71,12.231,32.641,236.02,676.24,107.77,62.39,219.87,412.773,296.868,34.658,19.0519,551.019,949.729,617.673,403.064,104.741
193.29,44217,27282,29098,4136.3,27282,373.99,348.06,74.208,376.87,12.093,32.47,235.23,674.68,109.77,62.354,218.62,411.989,295.091,34.0983,19.0261,547.2,948.88,605.12,411.778,106.494
193.22,44244,27130,29201,4106.8,27130,372.98,346.41,73.981,377.49,11.96,32.42,236.04,674.62,108.5,62.752,218.17,410.604,292.302,34.2158,18.8121,542.945,953.41,601.314,409.643,105.433
195.37,44566,27462,29247,4165.6,27462,378.16,351.6,74.327,382.49,12.424,32.957,236.69,684.65,108.07,63.434,220.53,415.79,300.871,34.1728,19.2788,557.577,954.258,628.617,412.458,104.954
195.26,44457,27475,29283,4164.5,27475,377.5,351.76,74.459,381.81,12.378,32.922,236.61,682.43,109.14,62.968,220.53,415.382,299.281,34.4401,19.1577,554.956,959.609,620.82,407.52,105.892
191.85,44054,27126,29078,4110.2,27126,370.67,344.51,73.844,373.85,11.878,32.089,234.86,670.02,110.18,62.176,216.9,408.876,291.19,34.0771,18.8419,540.529,943.453,597.877,411.194,106.9
194.75,44412,27345,29311,4151.6,27345,376.92,350.9,74.769,379.49,12.239,32.921,235.73,677.73,107.91,62.624,220.17,414.741,299.546,34.5855,19.2994,554.295,961.705,608.71,402.483,104.837
193.32,44125,27246,29146,4126.2,27246,373.11,346.48,74.199,377.23,12.094,32.238,234.97,671.87,109.89,62.137,218.14,410.271,293.325,34.2694,18.877,544.948,935.921,614.277,409.436,106.618
193.8,44449,27383,29266,4148.6,27383,374.74,348.14,74.083,378.6,12.208,32.593,236.29,679.34,110.35,63.424,218.66,411.606,295.733,34.1244,18.9901,548.736,950.12,619.273,410.549,106.985
194.81,44449,27239,29053,4129.9,27239,377.92,349.89,74.69,380.02,12.199,32.842,234.95,676.77,107.13,62.657,220.11,415.414,297.219,33.8655,19.1131,550.745,942.155,612.983,416.663,104.186
194.07,44453,27327,29171,4148,27327,376.78,349.7,74.364,378.53,12.241,32.794,235.48,679.59,108.42,63.022,219.79,414.477,298.475,34.0786,19.2444,552.393,950.645,617.545,411.271,105.285
193.62,44424,27371,29060,4155.3,27371,375.64,349.37,74.666,376.38,12.134,32.744,234.13,674.66,110.19,62.687,218.76,413.617,297.457,33.8118,19.2139,550.314,950.112,600.251,415.17,106.825
194.79,44239,27335,29211,4143.7,27335,376.55,349.84,74.723,379.97,12.281,32.628,235.47,674.8,108.57,62.006,220.05,413.782,297.325,34.5379,19.0989,551.498,941.463,620.491,405.373,105.424
195.07,44339,27394,29028,4150.3,27394,376.98,350.94,74.263,382.03,12.326,32.711,235.2,680.46,108.41,62.565,220.14,414.985,298.146,33.9041,19.0842,553.602,945.814,619.144,419.351,105.277
194.36,44512,27407,29275,4157.4,27407,376.96,349.92,74.665,378.46,12.255,32.895,235.61,678.55,109.79,63.026,219.64,415.302,297.891,34.3449,19.1668,551.389,954.115,615.58,406.416,106.475
194.22,44537,27351,29270,4138.2,27351,375.32,348.78,73.802,380.63,12.198,32.732,237.31,683.72,109.51,63.903,219.13,412.542,294.945,34.0168,18.8618,547.959,959.845,617.607,413.821,106.267
193.33,44139,27264,29051,4127.4,27264,373.14,346.52,74.086,377.59,12.106,32.197,234.97,672.43,110.16,62.253,218.03,409.802,293.044,33.9521,18.8363,544.783,931.781,615.044,415.556,106.856
193.39,44139,27200,29220,4121.3,27200,373.6,346.98,74.28,377.15,12.074,32.36,235.33,672.52,109.01,62.118,218.63,411.055,293.86,34.5062,18.9376,545.394,944.139,611.113,404.442,105.853
194.47,44309,27374,29104,4148,27374,375.29,349.37,74.167,380.55,12.254,32.564,235.73,678.49,109.02,62.656,219.16,413.286,297.227,34.0397,19.063,551.931,945.622,617.008,416.053,105.816
194.38,44256,27177,29234,4116.9,27177,375.78,348.55,74.601,379.15,12.109,32.644,235.53,673.95,107.51,62.186,219.65,413.557,294.89,34.5445,18.9625,547.107,948.659,609.277,404.591,104.544
194.14,44359,27378,29229,4151.6,27378,375.73,349.18,74.667,378.01,12.209,32.688,235.29,675.15,110.03,62.522,219.18,413.633,296.789,34.3706,19.1006,549.935,948.301,612.336,406.588,106.694
192.72,44041,27143,29189,4111.8,27143,371.6,345.84,73.865,376.41,11.976,32.178,235.96,672.46,108.99,62.143,217.87,409.251,292.618,34.4225,18.877,543.558,948.484,604.485,406.344,105.853
194.71,44228,27360,28964,4147.6,27360,376.41,350.27,74.56,380.23,12.267,32.577,234.09,675.12,108.74,61.962,219.75,413.803,297.623,33.8774,19.1115,552.322,937.109,613.835,418.681,105.574
193.97,44535,27288,29128,4138.8,27288,376.85,348.73,74.532,377.78,12.167,32.794,235.05,677.24,108.86,63.22,219.29,413.897,296.558,33.812,19.113,549.031,944.171,613.946,414.809,105.69
194.21,44392,27288,29059,4141,27288,377,350.03,74.547,378.54,12.193,32.787,234.45,677.13,108.09,62.595,219.9,414.619,297.869,33.9107,19.2041,551.432,947.964,609.58,414.779,105.009
195.01,44388,27372,29055,4147.6,27372,377.19,350.5,74.336,381.61,12.316,32.726,235.5,679.93,108.26,62.722,220.05,414.791,298.03,33.8927,19.094,553.15,943.123,621.155,418.545,105.15
194.39,44395,27384,29229,4152.2,27384,376.28,350.1,74.322,379.65,12.265,32.771,236.03,680.07,109.14,62.86,219.8,414.502,297.833,34.3255,19.135,552.022,955.62,616.693,408.639,105.913
195.15,44225,27447,29032,4155.1,27447,377.06,351.7,74.274,382.22,12.374,32.661,235.73,680.32,109.43,62.14,220.66,414.689,297.36,34.0865,18.9919,552.593,946.374,621.168,416.375,106.162
193.59,44154,27240,29112,4128.2,27240,375,348.57,74.406,377.27,12.112,32.515,234.71,673.77,109.22,61.915,219.42,413.011,294.547,34.3281,18.9763,546.217,946.957,607.697,407.839,106.03
195.7,44271,27310,29117,4137.9,27310,377.71,351.67,74.592,383.14,12.311,32.78,235.83,678.34,106.62,62.11,220.92,414.929,298.598,34.2887,19.1134,554.43,948.573,615.726,412.506,103.718
193.11,44207,27271,29207,4135.7,27271,373.9,347.08,74.594,375.3,12.079,32.416,234.66,670.47,110.42,62.147,218.36,410.963,294.369,34.3874,19.0172,545.48,941.225,608.485,404.157,107.062
194.46,44153,27369,29001,4144.4,27369,375.12,349.42,73.905,381.41,12.318,32.348,235.58,678.77,108.94,62.311,219.57,411.56,296.639,33.8851,18.9899,551.711,935.481,626.701,419.611,105.757
194.01,44194,27297,29021,4134.6,27297,375.21,348.4,74.519,378.33,12.169,32.424,234.08,672.34,109.66,62.013,219.06,411.766,294.706,33.9527,18.941,547.193,932.983,613.111,415.244,106.397
194.62,44300,27286,29244,4132.4,27286,375.53,349.26,74.361,380.49,12.189,32.646,236.26,677.21,108.25,62.562,219.57,413.098,295.954,34.4388,18.9784,549.547,952.401,612.819,407.636,105.163
193.48,44031,27277,29192,4123.3,27277,372.05,347.32,73.451,379.88,12.133,32.161,236.83,678.23,109.89,62.432,218.6,408.904,292.376,34.369,18.701,544.771,950.913,616.36,410.093,106.621
194.69,44553,27408,29165,4157.8,27408,377.72,350.71,74.587,379.69,12.29,32.932,235.42,680.14,109.04,63.192,219.98,415.202,298.825,33.9681,19.208,553.262,951.413,616.173,413.73,105.813
195.53,44446,27393,29159,4154,27393,378.58,352.36,74.532,382.47,12.368,32.968,235.48,682.11,107.41,62.783,221.13,415.904,300.036,34.1671,19.228,556.125,955.172,618.996,412.691,104.394
193.02,44252,27208,29206,4118.3,27208,372.72,346.39,73.695,377.61,12.034,32.364,236.57,677.41,109.48,62.997,218.1,410.557,292.629,34.1809,18.8129,543.723,952.623,609.993,410.677,106.274
194.58,44276,27251,29202,4126.9,27251,375.73,349.43,74.168,380.92,12.2,32.612,236.37,678.63,107.57,62.627,219.93,412.458,295.993,34.3045,18.98,549.742,951.501,615.654,409.806,104.579
194.27,44437,27437,29261,4162,27437,376.58,349.71,74.695,378.17,12.285,32.777,235.37,677.1,110.37,62.767,219.51,414.438,297.819,34.381,19.1632,551.448,948.056,619.231,405.829,106.977
195.11,44200,27453,29086,4159.9,27453,376.63,351.17,74.494,381.52,12.37,32.631,234.62,677.83,109.36,61.878,220.21,415.236,298.347,34.3313,19.101,553.968,943.745,620.969,412.408,106.092
192.76,44235,27064,29216,4102,27064,373.06,345.47,74.113,375.73,11.935,32.382,235.48,672.51,107.97,62.625,218.04,410.724,292.691,34.2942,18.9231,542.752,946.921,604.788,406.439,104.97
193.24,44081,27216,29405,4129.1,27216,373,346.85,74.384,376.37,12.107,32.331,236.2,671.72,108.87,61.97,218.68,410.089,295.423,35.044,19.0953,547.609,949.197,615.312,393.068,105.713
194.47,44394,27285,29176,4143,27285,377.1,350.26,74.806,378.59,12.195,32.851,234.98,675.75,107.62,62.464,219.99,414.721,298.844,34.2545,19.2878,552.859,951.698,607.699,408.2,104.589
194.13,44334,27189,29081,4124.1,27189,376.65,349.05,74.865,377.58,12.085,32.74,233.6,672.33,107.76,62.185,219.61,414.059,295.943,34.066,19.0991,547.978,944.295,602.284,411.188,104.744
194.18,44402,27298,29265,4142.8,27298,375.93,348.59,74.587,378.42,12.211,32.67,235.63,675.72,108.31,62.802,219.22,412.96,297.858,34.3434,19.2072,551.628,944.529,618.331,406.37,105.202
193.01,44055,27203,29140,4111.6,27203,371.24,345.72,73.301,378.97,12.06,32.027,237.15,676.86,109.64,62.707,217.86,407.252,291.159,34.075,18.6513,542.67,943.19,616.74,414.314,106.427
194.99,44429,27319,29124,4139.7,27319,377.51,351.09,74.352,381.42,12.251,32.888,236.19,681.16,107.63,62.868,220.49,415.31,297.727,34.042,19.0862,552.187,956.541,612.205,414.749,104.611
193.93,44440,27399,29206,4154.5,27399,375.2,348.68,74.368,378.21,12.212,32.641,235.49,677.3,110.27,63.106,218.71,412.393,296.839,34.0636,19.0935,550.272,947.596,614.891,411.737,106.901
194.27,44438,27339,29222,4149.2,27339,376.29,349.41,74.701,378.28,12.199,32.79,235.54,676.03,108.83,62.755,219.3,414.28,298.1,34.2651,19.2168,551.828,950.331,610.704,408.178,105.649
192.33,44059,27067,29005,4096.8,27067,371.87,344.57,73.6,376.05,11.955,32.038,235.16,672.64,108.81,62.348,217.68,408.737,290.697,33.8385,18.7462,540.448,932.575,612.468,416.656,105.719
193.24,44020,27290,29318,4135.3,27290,372.2,347.21,73.787,378.1,12.169,32.195,237.19,676.03,109.61,62.171,218.61,409.468,294.974,34.7947,18.981,548.045,950.275,620.167,400.637,106.354
194.07,44177,27189,29130,4113,27189,373.89,347.14,74.043,380.01,12.104,32.326,235.89,674.69,108.17,62.416,218.69,410.696,293.23,34.1515,18.7955,545.606,939.241,614.743,413.497,105.134
193.83,44283,27101,29180,4102.9,27101,374.67,347.48,74.27,378.46,11.987,32.6,235.91,674.72,107.37,62.539,218.98,412.955,293.105,34.2773,18.8549,544.085,953.604,600.942,409.31,104.441
195.34,44417,27271,29367,4128.6,27271,376.52,350.33,73.924,383.85,12.288,32.797,237.73,684.71,106.21,63.368,220.55,413.37,297.601,34.5408,19.015,553.037,963.358,624.008,406.47,103.369
195.07,44274,27240,29247,4119.7,27240,375.56,348.9,74.27,382.28,12.192,32.589,235.94,677.44,107.5,62.535,219.66,413.003,294.711,34.474,18.8279,548.319,948.35,616.936,408.926,104.532
193.99,44380,27206,29273,4118.5,27206,374.34,347.27,73.964,379.76,12.103,32.544,236.89,678.45,108.01,63.252,218.69,411.651,294.32,34.2457,18.8873,546.794,951.423,614.967,410.04,104.98
193.84,44287,27165,29231,4115.9,27165,375.63,348.22,74.597,377.44,12.058,32.66,235.31,673.54,108.24,62.346,219.54,412.882,294.016,34.4405,18.9437,544.993,950.727,605.651,404.04,105.19
194.1,44339,27290,29287,4136.8,27290,375.29,348.95,74.183,379.28,12.19,32.658,236.17,678.96,108.43,62.87,219.49,412.943,296.597,34.4583,19.072,550.029,956.176,615.558,405.64,105.318
194.28,44302,27315,29256,4138.8,27315,375.22,348.71,74.225,379.8,12.225,32.578,236.54,677.96,108.74,62.677,219.34,413.027,296.354,34.4504,19.0279,550.051,948.734,620.068,407.086,105.586
193.76,44029,27277,29153,4133.4,27277,373.45,348.02,74.458,377.86,12.124,32.291,234.64,670.56,109.52,61.584,218.73,410.295,294.835,34.4823,18.9789,547.555,941.276,607.814,406.112,106.285
193.66,44336,27364,29154,4150.5,27364,374.71,348.7,74.331,377.57,12.178,32.55,234.83,675.88,110.04,62.784,218.76,411.271,296.723,34.0204,19.1184,549.992,947.251,610.742,411.997,106.706
193.29,44162,27279,29114,4137.8,27279,373.49,347.78,74.113,377.22,12.118,32.38,235.48,674.62,109.3,62.243,218.47,411.618,295.949,34.1996,19.0941,548.879,946.456,609.057,410.859,106.078
193.8,44214,27314,29009,4138.8,27314,375.11,348.56,74.391,377.96,12.164,32.478,234.37,674.02,109.86,62.1,218.99,413.065,295.112,33.9538,18.9815,547.624,938.457,611.263,415.766,106.565
194.04,44395,27361,29150,4148.5,27361,375.92,349.38,74.272,378.78,12.229,32.678,235.4,678.79,109.46,62.926,219.42,413.314,296.988,34.0342,19.0986,550.517,949.007,616.059,412.882,106.202
192.68,43988,27170,28897,4118.4,27170,372.3,346.19,74.313,375.14,11.968,32.105,233.58,667.03,109.73,61.478,217.65,409.172,292.824,33.7743,18.9294,543.608,930.33,598.115,417.636,106.493
194.71,44591,27435,29227,4163,27435,377.68,350.78,74.503,379.91,12.314,32.993,235.86,682,109.03,63.352,219.93,416.462,299.586,34.1407,19.2572,554.469,956.522,618.305,411.467,105.797
193.43,44182,27132,29031,4105.8,27132,373.6,346.73,73.994,378.19,12.003,32.335,234.9,673.78,108.35,62.426,218.43,410.643,292.234,33.8677,18.7847,543.246,941.425,605.219,417.139,105.304
194.1,44096,27219,29094,4126.3,27219,375.29,348.72,74.679,378.19,12.13,32.497,234.01,671.25,108.23,61.431,219.47,413.849,295.52,34.4606,19.0399,548.121,940.981,607.807,407.319,105.158
193.38,44181,27268,29047,4136.6,27268,373.81,347.61,74.479,376.55,12.081,32.387,233.97,670.92,109.49,62.031,218.21,411.361,295.629,34.014,19.091,548.11,939.09,603.815,413.381,106.247
193.62,44519,27371,29390,4157.5,27371,375.73,349.04,74.401,376.92,12.216,32.823,236.39,679.54,109.5,63.431,219.26,413.036,298.67,34.4681,19.2986,552.124,960.772,616.279,401.291,106.215
194.59,44373,27329,29320,4145.3,27329,376.81,349.74,74.59,379.56,12.282,32.759,236.04,677.86,108.28,62.646,220.13,414.115,298.045,34.6144,19.1731,552.145,949.844,622.96,402.131,105.173
196.13,44468,27434,29177,4159.6,27434,379.98,353.29,74.772,383.54,12.456,33.085,235.83,682.62,107.27,62.572,221.8,418.042,300.871,34.3384,19.2492,557.573,952.696,625.36,410.612,104.26
194.18,44360,27315,29220,4140.8,27315,375.57,349.03,74.222,379.43,12.213,32.654,236.19,678.78,108.63,62.863,219.4,413.376,296.89,34.2755,19.0848,550.601,951.286,616.864,409.482,105.487
193.74,44101,27184,29088,4111.6,27184,373.12,347.23,73.723,379.92,12.083,32.258,236.2,676.3,108.29,62.364,218.68,410.29,292.882,34.1031,18.7717,545.197,944.742,611.926,414.991,105.241
194.87,44230,27230,29160,4122.8,27230,376.14,349.81,74.383,381.25,12.18,32.663,235.95,677.02,107.24,62.174,220.12,414.146,295.759,34.3998,18.9546,549.368,951.469,610.781,409.682,104.294
194.54,44543,27393,29390,4159.1,27393,377.16,349.8,74.532,379.38,12.331,32.886,236.24,680.74,108.51,63.325,219.9,414.808,299.851,34.556,19.3132,554.748,953.521,627.626,402.159,105.35
194.03,44337,27258,29200,4131.3,27258,375.28,348.51,74.276,378.89,12.148,32.623,236,677.04,108.36,62.752,219.21,412.954,295.941,34.2416,19.0387,548.884,950.234,612.282,409.665,105.266
193.7,44170,27232,29144,4119.9,27232,372.75,347.07,73.557,380.23,12.114,32.272,236.86,678.44,108.58,62.778,218.35,410.246,293.668,34.1134,18.8154,546.645,947.867,615.262,415.001,105.48
192.74,44193,27224,29141,4125,27224,372.36,346.3,73.826,376.42,12.03,32.276,235.75,674.84,109.79,62.704,217.84,409.574,293.46,34.0575,18.9217,544.808,947.013,607.727,411.986,106.533
195.06,44576,27395,29180,4157.3,27395,379.18,352.02,74.799,380.12,12.315,33.124,235.5,681.06,108.29,63.017,220.92,417.163,299.707,34.1157,19.2696,554.312,957.146,614.359,410.889,105.158
194.58,44321,27448,29217,4163.4,27448,375.98,350.56,74.412,380.02,12.323,32.683,235.65,678.8,109.54,62.569,219.76,413.475,298.931,34.3621,19.2013,554.223,951.797,618.33,408.478,106.247
195,44281,27359,29073,4143,27359,376.59,350.57,74.267,381.87,12.296,32.65,235.6,679.32,108.38,62.414,220.16,414.092,297.089,34.0675,19.0096,551.937,945.939,618.594,416.063,105.267
192.63,44090,27128,29109,4105.7,27128,372.02,344.7,74.071,375.64,11.963,32.093,234.93,669.39,109.85,62.186,217.49,408.46,290.604,34.1026,18.7305,540.167,931.607,609.703,410.865,106.622
194.4,44257,27246,29203,4127.1,27246,374.58,348.29,74.135,380.61,12.169,32.485,236.33,676.82,107.66,62.622,219.04,411.754,295.978,34.2906,18.995,549.94,946.714,615.321,410.901,104.658
193.53,44238,27326,29197,4140.9,27326,374.09,347.71,73.957,378.31,12.209,32.389,236.19,677.55,109.77,62.7,218.79,411.37,295.497,34.2606,19.0025,548.538,943.308,622.974,409.524,106.491
193.54,44241,27296,29148,4135,27296,374,347.55,74.409,377.14,12.093,32.459,235.04,672.87,110.28,62.321,218.35,412.019,294.083,34.218,18.9246,545.767,944.177,606.976,409.962,106.947
194.25,44086,27064,29104,4095.8,27064,374.51,347.66,74.022,380.68,12.074,32.361,236.11,674.86,105.9,62.024,219.51,411.494,293.7,34.2808,18.8535,546.257,942.26,612.522,411.78,103.155
194.04,44629,27506,29267,4185.2,27506,378.39,350.69,75.16,375.87,12.349,33.029,234.37,676.93,110.55,63.081,219.84,415.707,301.571,34.2135,19.5357,555.926,947.095,620.492,404.407,107.092
193.09,44440,27270,29199,4142.2,27270,375.16,348.33,74.597,374.96,12.056,32.749,234.7,674.47,109.47,62.919,218.7,412.687,296.776,34.0883,19.2312,548.464,955.913,599.583,407.566,106.217
194.85,44395,27374,29209,4149.5,27374,377.21,351.07,74.424,380.75,12.294,32.837,235.93,680.46,108.51,62.784,220.48,414.354,298.112,34.2762,19.1248,552.699,955.841,616.558,409.41,105.363
193.77,44187,27262,29044,4126.4,27262,373.28,347.84,73.59,380.27,12.134,32.328,236.38,678.99,108.62,62.729,218.54,410.958,294.592,33.8692,18.8841,548.067,947.696,612.628,419.686,105.502
193.9,43990,27122,29024,4104.2,27122,373.6,347.55,73.904,380.03,12.086,32.201,235.74,673.83,107.19,61.798,219.17,409.956,293.317,34.114,18.8272,545.88,938.116,612.05,414.784,104.283
194.38,44189,27229,29070,4117.9,27229,374.49,348.39,74.032,380.93,12.13,32.415,235.47,676.26,108.26,62.408,219.15,411.182,293.655,34.0001,18.7881,546.546,944.035,610.768,416.832,105.202
193.66,44339,27247,29203,4129.8,27247,374.67,347.46,74.35,377.6,12.105,32.549,235.34,674.84,109.04,62.735,218.61,412.443,294.997,34.222,19.0025,547.048,945.429,611.63,409.192,105.863
194.85,44338,27283,29237,4137.4,27283,376.77,350.02,74.602,380.44,12.243,32.74,235.87,676.94,107.36,62.492,220.14,413.676,298,34.4225,19.1575,552.457,949.06,616.305,406.734,104.369
193.27,44097,27222,29149,4119.5,27222,372.45,346.22,73.863,378.06,12.078,32.18,235.7,673.93,109.6,62.302,218.05,409.838,292.586,34.2604,18.7952,544.224,939.922,614.73,410.803,106.372
193.05,44273,27262,29235,4128.8,27262,372.51,346.28,73.895,377.14,12.055,32.34,235.77,675.58,110.08,62.99,217.74,409.758,293.461,34.1964,18.8853,545.028,948.977,610.289,409.607,106.778
195.26,44463,27309,29165,4139.7,27309,378.23,350.97,74.855,380.87,12.248,32.934,235.18,677.31,107.57,62.658,220.5,415.188,297.921,34.1455,19.1227,552.119,949.2,611.924,411.489,104.558
194.18,44429,27490,29152,4176,27490,376.37,350.64,74.576,378.19,12.314,32.78,235.16,678.32,110.15,62.774,219.42,414.329,300.336,34.0822,19.3677,555.593,950.825,614.52,411.696,106.759
193.12,44251,27333,29166,4144.3,27333,373.6,347.48,73.957,377.04,12.165,32.381,235.97,676.8,110.28,62.759,218.41,410.942,295.532,34.131,19.0449,548.183,945.125,617.244,410.795,106.93
193.34,44210,27153,29094,4110.4,27153,373.63,346.01,74.245,377.18,12.019,32.309,234.88,671.45,108.97,62.383,218.1,410.545,292.255,34.0132,18.8122,542.931,934.361,610.006,413.381,105.839
194.47,44212,27217,29243,4121.7,27217,375.45,348.43,74.501,379.79,12.165,32.53,235.72,674.13,107.88,62.165,219.59,412.394,294.991,34.5559,18.9411,547.805,943.442,616.211,404.89,104.86
196.01,44289,27357,29141,4141.1,27357,377.79,352,74.439,384.47,12.356,32.809,236.03,680.74,106.96,62.251,221.02,415.812,298.315,34.3613,19.0294,554.529,951.678,619.309,412.953,104.018
194.74,44292,27322,29200,4136.4,27322,375.9,349.73,74.167,381.37,12.256,32.617,236.59,679.44,108.37,62.665,219.93,412.897,296.2,34.2995,18.9606,550.345,949.879,619.618,410.623,105.268
194.38,44295,27360,29214,4148.4,27360,375.84,349.47,74.524,379.21,12.251,32.628,235.25,676.19,109.22,62.396,219.55,413.34,297.247,34.4017,19.1094,551.184,946.322,617.384,407.155,105.989
194.25,44507,27354,29134,4150.5,27354,376.66,349.27,74.463,378.86,12.241,32.761,235.18,678.32,108.82,63.168,219.28,413.929,298.204,33.8683,19.2031,552.258,944.091,617.702,415.387,105.634
193.97,44285,27364,29084,4150,27364,375.82,349.2,74.242,378.73,12.275,32.538,235.25,677.65,109.4,62.513,219.5,413.096,297.345,34.0234,19.1339,551.303,939.83,622.67,413.882,106.146
194.4,44242,27382,29141,4152.1,27382,376.1,350.46,74.305,379.83,12.292,32.639,235.69,678.67,109.03,62.282,220.07,413.917,297.977,34.3056,19.1458,552.579,950.191,617.717,409.93,105.817
195.03,44407,27483,29119,4161.6,27483,376.84,351.05,74.294,381.69,12.351,32.764,235.64,681.36,110,62.854,219.96,414.818,297.597,34.0278,19.0158,552.66,950.278,619.899,416.332,106.657
192.86,44148,27204,29234,4118.9,27204,371.95,346.12,73.569,377.56,12.051,32.223,236.81,676.89,109.36,62.803,218.05,409.021,292.932,34.3152,18.8463,544.467,950.881,613.441,408.17,106.162
194.39,44280,27181,29319,4112.8,27181,374.31,348.18,73.859,381.35,12.12,32.544,237.62,679.68,107.04,62.997,219.35,411.275,294.535,34.4995,18.8633,547.719,958.984,613.614,406.686,104.13
194.22,44486,27368,29306,4154.5,27368,376.61,349.35,74.329,379.03,12.301,32.79,236.54,680.78,108.55,63.219,219.67,414.758,299.177,34.3984,19.2764,553.733,951.085,626.596,405.959,105.393
193.8,44491,27519,29146,4178,27519,376.68,350.21,74.423,377.36,12.339,32.773,235.01,679.99,111.32,63.129,219.48,414.12,299.056,33.9348,19.2712,553.212,947.391,622.003,412.778,107.775
194.75,44276,27369,29043,4143,27369,375.44,349.65,74.088,381.73,12.267,32.515,235.39,678.78,108.92,62.611,219.39,412.446,296.369,33.8693,18.9523,551.14,942.543,617.943,419.842,105.741
194.32,44401,27283,29207,4134.1,27283,376.34,349.32,74.32,379.53,12.194,32.74,235.54,678.85,108.37,62.912,219.78,413.804,296.207,34.2137,19.0293,549.281,951.974,615.134,409.903,105.268
194.58,44407,27250,29106,4130.8,27250,376.63,349.67,74.375,380.25,12.177,32.774,235.43,678.44,107.28,62.81,219.76,414.427,297.139,33.9787,19.0975,550.957,950.597,610.281,415.217,104.315
192.65,44184,27189,29033,4120.6,27189,372.12,345.59,74.009,375.76,11.976,32.212,234.51,671.5,109.66,62.488,217.26,409.508,293.122,33.8023,18.9269,544.147,938.281,603.026,416.921,106.425
194.61,44290,27288,29182,4131.5,27288,375.57,348.84,74.24,380.88,12.226,32.54,236.13,677.38,108.27,62.627,219.5,412.327,295.706,34.2278,18.946,549.487,942.983,620.327,411.683,105.184
194.52,44179,27261,29157,4125.2,27261,374.78,349.43,73.799,381.92,12.206,32.486,236.82,680.33,107.69,62.556,219.83,411.707,295.393,34.2555,18.8962,549.526,953.824,616.054,412.558,104.683
193.5,44240,27233,29124,4128.2,27233,373.9,346.92,74.066,378.04,12.128,32.361,235.33,675.06,108.6,62.579,218.36,411.578,295.333,34.089,19.0282,548.122,938.426,617.205,413.108,105.482
196.35,44427,27375,29241,4149.1,27375,379.36,353.24,74.512,385.07,12.439,33.035,236.34,684.22,105.92,62.719,221.92,416.676,300.895,34.4636,19.2233,558.273,958.573,625.212,409.069,103.084
195,44302,27285,29138,4128.9,27285,376.3,349.75,73.883,383.04,12.29,32.613,236.74,682.34,107.21,62.808,220.18,414.089,296.394,34.1622,18.9354,551.206,947.796,626.107,415.303,104.256
193.72,44349,27406,29101,4160.9,27406,375.19,349.19,74.778,376.46,12.168,32.651,234.08,672.89,110.57,62.369,218.58,413.204,297.749,34.0306,19.2282,551.069,946.022,603.332,411.915,107.15
195.6,44158,27295,29009,4130.8,27295,377.35,350.92,74.422,383.45,12.324,32.597,235.15,677.52,107.04,61.75,220.79,414.927,296.843,34.1687,18.9583,552.1,937.667,622.272,416.483,104.103
194.46,44327,27232,29200,4122,27232,374.93,347.88,73.856,381.56,12.203,32.489,236.83,679.91,107.34,63.059,219.13,412.299,295.474,34.1675,18.9235,549.412,944.248,624.523,413.787,104.382
193.88,44298,27301,29206,4136.3,27301,374.46,348.38,74.041,379.12,12.166,32.529,235.98,678.16,109.08,62.836,218.97,411.941,295.616,34.2304,18.9916,548.78,951.585,614.073,410.393,105.893
193.2,44192,27150,29070,4111.9,27150,373.67,346.69,74.312,376.51,11.978,32.392,234.46,671.31,109.02,62.218,218.28,411.18,292.531,34.0262,18.8574,542.971,942.361,600.749,412.73,105.879
194.42,44317,27395,29189,4157.1,27395,376.45,350.5,74.527,379.21,12.288,32.73,235.24,677.85,109.07,62.407,219.97,414.307,298.804,34.3587,19.2318,553.469,951.188,616.036,407.83,105.841
194.1,44285,27343,29078,4148.9,27343,375.87,349.25,74.965,377.19,12.163,32.645,234.13,671.1,109.72,61.933,219.03,413.914,297.002,34.1394,19.1588,550.022,940.604,604.576,410.928,106.428
194.43,44324,27366,29153,4143.1,27366,375.6,349.62,73.855,381.22,12.281,32.602,236.69,682.29,109.03,62.956,219.72,413.498,296.301,34.1232,18.9599,550.559,951.496,622.852,414.382,105.835
193.6,44396,27235,29145,4123.9,27235,374.84,348.39,73.441,379.86,12.147,32.606,237.1,684.39,108.09,63.581,219.36,412.546,294.998,33.876,18.9323,547.765,959.181,616.883,416.701,105.042
193.84,44257,27263,29109,4131.8,27263,374.92,348.16,74.662,377.36,12.089,32.54,234.36,671.61,109.42,62.155,218.75,412.407,294.803,34.1405,18.9892,546.735,942.378,603.889,410.884,106.195
194.76,44234,27270,29179,4133.1,27270,376.37,349.64,74.918,379.41,12.179,32.67,234.77,672.28,108.19,61.822,219.82,413.918,296.354,34.4928,19.0525,549.632,944.248,608.491,405.99,105.109
194.25,44317,27190,29097,4112.9,27190,375.62,348.61,73.817,380.94,12.146,32.577,236.18,680.61,107.55,62.979,219.75,412.666,293.884,33.9278,18.8142,546.377,949.349,616.441,416.92,104.58
194.12,44256,27212,29233,4113,27212,374.36,347.78,73.866,380.5,12.121,32.458,236.4,678.48,108.6,62.887,219.24,410.798,292.49,34.2815,18.7026,544.348,950.458,616.18,410.012,105.509
192.65,44076,27230,29136,4126.9,27230,372.72,346.28,74.479,374.39,12.007,32.238,233.58,668.14,110.92,61.787,217.95,409.501,292.5,34.3085,18.9011,542.536,938.219,603.538,405.618,107.516
195.14,44148,27172,29223,4111,27172,375.76,349.25,74.341,382.38,12.185,32.538,236.26,675.96,106.34,62.013,220.21,412.654,295.036,34.6073,18.8765,548.806,946.912,616.238,406.492,103.521
193.98,44183,27252,29054,4125,27252,374.24,348.05,74.135,379.37,12.117,32.409,235.21,674.95,108.96,62.257,218.8,411.981,294.057,34.0278,18.8664,546.624,942.673,609.333,415.858,105.8
196.33,44476,27526,29277,4180.2,27526,380.38,354.57,74.997,383.37,12.541,33.19,236.03,683.05,107.48,62.471,222.18,418.334,303.799,34.64,19.4782,562.044,959.23,626.233,404.165,104.404
194.65,44341,27365,29299,4148.6,27365,376.44,350.06,74.208,380.81,12.334,32.692,236.74,681.08,108.35,62.825,220.25,413.618,298.211,34.5342,19.1378,553.107,951.866,628.009,405.025,105.225
194.25,44191,27256,29144,4128.1,27256,374.76,348.71,74.064,380.35,12.191,32.439,235.86,677.06,108.02,62.425,219.42,411.285,295.676,34.2034,18.9742,549.426,944.977,616.818,411.997,104.972
192.46,44130,27205,29102,4122.7,27205,372.44,345.51,74.033,375.07,12.03,32.16,234.45,671.39,110.32,62.335,217.73,408.973,292.603,34.0442,18.8978,543.055,934.448,612.51,410.993,107.001
193.47,44238,27231,29174,4124.3,27231,374.14,347.82,74.166,377.57,12.066,32.505,235.76,675.36,109.33,62.507,218.85,411.862,293.747,34.255,18.9008,545.164,952.065,605.878,408.911,106.126
193.11,44120,27167,29007,4114.6,27167,373.53,346.66,74.473,375.87,11.975,32.322,234.08,668.79,109.64,61.805,218.16,410.987,292.188,33.9829,18.8443,542.364,936.87,598.91,413.553,106.42
195.25,44411,27331,29202,4133.9,27331,376.66,350.79,73.824,383.83,12.293,32.776,237.19,685.26,107.54,63.316,220.49,413.721,296.5,34.1198,18.9002,551.472,960.237,620.667,415.065,104.541
194.91,44252,27296,29126,4133.4,27296,376.23,350.1,74.148,381.98,12.264,32.626,235.98,679.69,107.56,62.422,220.17,414.045,296.791,34.2393,19.0009,551.446,948.703,619.049,413.219,104.559
193.5,44312,27180,29246,4126.6,27180,374.92,347.44,74.709,376.14,12.055,32.614,234.72,671.73,108,62.361,218.72,412.986,296.281,34.4588,19.1817,548.236,946.977,605.803,403.291,104.957
192.71,44122,27196,29105,4117.2,27196,371.93,345.04,73.948,376.15,12.013,32.11,235.48,671.34,110.2,62.36,217.36,409.069,291.745,34.0608,18.7929,542.273,933.507,612.219,412.704,106.907
194.97,44267,27463,29134,4162.1,27463,376.5,350.86,74.655,380.65,12.341,32.648,235.34,676.37,109.89,62.128,219.91,413.76,298.08,34.276,19.1022,553.215,943.318,618.178,411.177,106.553
195.14,44337,27288,29106,4130.4,27288,376.62,350.31,74.079,382.86,12.262,32.689,236.38,681.19,107.19,62.8,220.24,413.784,296.675,34.0215,18.9633,551.481,949.924,618.365,416.965,104.238
194.6,44291,27276,29176,4131.1,27276,375.97,349.17,74.091,381.2,12.259,32.564,236.28,679.42,107.67,62.714,219.9,412.738,296.454,34.2184,19.0042,550.656,944.33,624.588,411.839,104.656
193.74,44204,27344,29145,4142.2,27344,373.78,347.88,73.947,379.04,12.205,32.365,235.88,677.21,109.82,62.524,218.58,411.862,295.506,34.2101,18.9754,548.994,943.359,619.507,412.364,106.527
194.55,44366,27483,29319,4161.8,27483,375.11,350.04,73.696,381.96,12.378,32.615,238.1,685.35,109.87,63.352,219.66,412.768,297.812,34.4337,19.0305,553.416,959.026,630.297,408.672,106.537
193.96,44179,27230,29074,4125.6,27230,374.94,348.16,74.32,378.77,12.147,32.42,235.14,673.82,108.43,62.125,219.18,411.787,295.012,34.0982,18.9752,547.732,937.705,614.007,413.009,105.336
193.87,44176,27181,29161,4112.9,27181,374.51,347.69,73.956,379.53,12.127,32.39,236.35,676.64,108.14,62.474,219.36,410.972,293.341,34.2424,18.82,545.34,943.772,617.753,410.393,105.106
193.64,44065,27208,29124,4116.1,27208,373.16,346.57,73.976,378.94,12.116,32.178,236.02,673.39,109.07,62.066,218.49,410.198,292.654,34.2819,18.7767,544.59,934.621,618.835,411.138,105.913
195.4,44479,27353,29167,4143.8,27353,378.26,351.5,74.183,383.1,12.357,32.913,236.82,684.49,107.15,63.182,220.97,415.662,298.705,34.078,19.1053,554.292,954.262,624.98,414.773,104.182
194.6,44291,27330,29052,4138.6,27330,376.06,349.35,74.212,380.85,12.257,32.572,235.1,678.23,108.67,62.487,219.57,414.082,296.209,33.9866,18.9765,550.262,940.444,620.393,417.331,105.53
193.18,44116,27197,29097,4120.1,27197,372.53,346.31,73.976,377.48,12.046,32.215,235.4,672.83,108.99,62.254,217.9,410.061,293.673,34.1149,18.917,545.635,939.81,609.233,413.002,105.836
194.4,44287,27250,29246,4127.4,27250,375.58,349.1,74.248,380.14,12.18,32.628,236.15,677.89,107.95,62.618,219.77,412.727,295.679,34.4306,18.977,548.904,952.722,614.739,406.96,104.908
194.85,44422,27402,29122,4151.6,27402,376.94,350.62,74.249,381.31,12.31,32.773,236.09,681.34,108.88,62.951,220.02,414.689,297.784,34.0001,19.0711,552.616,950.182,619.668,415.98,105.691
193.31,44199,27246,29124,4128.7,27246,373.94,347.65,74.367,376.56,12.054,32.452,235,672.59,109.83,62.207,218.57,411.535,293.896,34.1889,18.9432,545.165,946.729,603.176,409.56,106.562
194.58,44357,27417,29023,4156.9,27417,376.99,350.71,74.568,379.59,12.287,32.729,234.38,677.39,109.63,62.439,219.89,414.445,297.862,33.8618,19.1298,552.192,943.666,614.04,417.268,106.339
194.36,44386,27342,29158,4144,27342,376.2,349.89,74.241,379.87,12.232,32.721,235.67,679.72,108.8,62.904,219.76,413.554,297.031,34.0828,19.0727,550.895,952.666,614.654,412.832,105.632
192.72,44124,27217,29174,4124,27217,372.21,345.55,74.013,375.93,12.049,32.169,235.81,672,110.04,62.332,217.68,409.42,293.049,34.2739,18.9057,544.12,937.501,614.042,408.138,106.751
192.07,44087,27084,29160,4103.1,27084,371.15,344.35,73.796,374.67,11.91,32.089,235.67,671.07,109.3,62.434,217.3,407.923,291.214,34.1755,18.8298,540.721,941.208,605.842,408.463,106.138
194.47,44256,27325,29158,4140.1,27325,375.59,349.58,74.411,379.86,12.208,32.616,235.45,676.44,108.86,62.29,219.56,413.499,296.356,34.3139,19.0223,550.063,949.219,611.87,410.079,105.693
194.74,44436,27309,29230,4142.6,27309,377.21,350.72,74.888,379.14,12.174,32.947,234.88,676.17,108.16,62.583,220.09,414.848,297.853,34.3468,19.1733,551.396,958.991,602.458,406.545,105.073
193.46,44211,27245,29056,4120.6,27245,373.51,346.86,73.934,378.36,12.079,32.306,235.54,675.01,109.99,62.606,218.29,410.399,292.079,33.8662,18.7297,543.311,939.263,611.915,417.318,106.72
194.89,44481,27379,29243,4148.1,27379,377.03,350.49,74.051,381.91,12.329,32.827,237.32,684.26,108.21,63.382,220.26,414.645,298.094,34.1984,19.0841,553.137,956.196,625.308,411.923,105.102
192.7,44043,27169,29039,4112.9,27169,371.57,345.2,73.753,376.76,12.007,32.048,235.45,672.04,109.58,62.168,217.44,409.108,291.887,33.9966,18.7968,542.845,934.464,610.807,415.374,106.367
194.72,44342,27321,29104,4139.6,27321,376.51,349.79,74.314,380.87,12.256,32.677,235.41,678.73,108.14,62.607,219.82,414.453,297.133,34.0763,19.0571,551.484,945.203,618.366,414.952,105.056
194.68,44344,27350,29093,4146.2,27350,376.24,350.38,74.464,380.28,12.223,32.72,235,677.49,108.53,62.543,219.68,413.702,297.689,34.0124,19.1156,552.184,950.628,608.501,415.15,105.391
194.22,44303,27351,29055,4147.1,27351,376.12,349.31,74.447,378.96,12.249,32.584,234.74,676.09,109.22,62.386,219.44,413.604,297.101,33.9724,19.1086,550.923,938.46,618.08,415.232,105.997
194.27,44140,27253,29061,4126.2,27253,375.36,349.38,74.216,379.93,12.165,32.529,235.17,676.34,108.4,61.929,219.79,413.754,294.906,34.2419,18.9182,547.842,948.008,610.135,412.521,105.31
194.38,44515,27391,29151,4153.1,27391,376.61,350.35,74.146,380.05,12.26,32.832,235.88,682.41,108.99,63.441,219.74,413.832,298.115,33.8573,19.1435,552.537,956.625,614.932,416.212,105.778
194.2,44365,27333,29312,4143.2,27333,374.64,348.76,73.946,380.31,12.231,32.593,237.29,680.83,108.43,63.203,219.12,412.034,297.393,34.3995,19.0975,551.953,956.247,619.996,407.636,105.306
194.46,44359,27323,29284,4141.5,27323,376.25,349.17,74.444,379.63,12.253,32.697,236.1,677.95,108.65,62.679,219.74,414.177,296.904,34.5265,19.0747,550.539,948.598,622.002,404.828,105.504
193.71,44127,27196,29217,4121.5,27196,373.87,347.78,74.499,377.53,12.05,32.454,235.34,671.45,108.57,61.874,218.83,411.703,294.431,34.5839,18.9752,546.301,949.633,602.587,403.557,105.47
193.41,44346,27308,29266,4141,27308,374.68,347.31,74.36,376.72,12.165,32.521,235.93,675.17,110,62.803,218.62,412.113,295.489,34.3611,19.0544,547.565,943.155,619.526,405.192,106.684
194.77,44448,27410,29151,4160.6,27410,377.48,350.81,74.947,379.04,12.271,32.896,234.49,676.04,109.11,62.488,219.82,415.8,299.283,34.1835,19.2701,553.858,948.611,610.46,410.604,105.872
193.6,44361,27207,29179,4120.5,27207,374.53,347.29,74.182,377.93,12.061,32.546,235.32,675.82,108.81,62.976,218.61,411.643,293.842,34.0519,18.9039,545.317,947.822,608.809,411.936,105.68
193.81,44184,27305,29045,4137,27305,373.59,347.92,74.075,379,12.141,32.356,235.37,674.99,109.27,62.321,218.31,411.645,295.522,33.9764,18.9924,549.051,942.004,609.853,417.091,106.059
194.07,44000,27228,29262,4118.4,27228,372.93,347.79,73.624,381.24,12.189,32.197,237.46,677.91,108.08,62.185,219.26,409.475,293.968,34.6584,18.8115,547.555,948.307,622.887,405.569,105.039
195.49,44408,27357,29207,4141.4,27357,377.34,351.28,74.137,383.62,12.329,32.844,236.87,683.69,107.41,62.996,220.67,415.179,297.873,34.2672,19.0171,553.423,957.653,621.155,412.837,104.416
193.44,44081,27197,29304,4118.7,27197,372.67,346.28,73.824,378.68,12.132,32.21,236.88,675.47,108.46,62.312,218.49,410.367,293.963,34.7215,18.9023,546.438,943.649,623.406,402.662,105.377
195.68,44356,27318,29130,4133.6,27318,377.26,350.87,74.094,384.5,12.342,32.696,236.61,682.33,106.76,62.895,220.64,413.401,297.459,34.0313,18.9687,553.348,946.458,625.809,417.366,103.855
193.54,44246,27347,29065,4146.3,27347,374.78,348.72,74.137,377.77,12.197,32.475,235.48,676.73,110,62.496,219.04,412.054,296.1,33.9597,19.0638,549.162,943.831,614.645,414.484,106.675
194.27,44295,27315,29195,4140.5,27315,375.6,349.04,74.493,379.02,12.199,32.621,235.66,675.68,108.95,62.399,219.36,413.478,296.468,34.3556,19.0621,549.849,946.883,613.878,408.223,105.766
194.6,44570,27499,29124,4170.5,27499,377.29,351.01,74.264,380.27,12.348,32.9,235.84,683.32,109.98,63.463,219.78,415.374,299.284,33.8036,19.2013,554.474,953.668,619.781,418.009,106.62
194.31,44321,27207,29131,4123.9,27207,376.26,348.79,74.373,379.53,12.17,32.636,235.59,676.56,107.28,62.548,219.72,413.583,296.218,34.1337,19.0574,549.371,943.426,615.885,411.998,104.327
192.98,44356,27330,29151,4139.1,27330,373.09,346.58,73.618,377.54,12.138,32.355,236.28,679.29,110.68,63.433,217.86,410.318,294.048,33.8372,18.9003,546.136,945.123,619.392,416.367,107.29
194.78,44291,27323,29066,4138.4,27323,376.16,350.16,74.08,381.74,12.264,32.631,235.97,680.3,107.92,62.597,219.95,413.94,297.106,33.9986,19.0278,551.919,948.323,617.45,417.365,104.862
193.75,44215,27194,29188,4118.2,27194,374.27,348.15,73.837,379.42,12.116,32.464,236.46,678.51,107.86,62.721,219.35,410.992,294.565,34.2366,18.9258,547.158,953.19,612.973,410.072,104.848
196.28,44530,27437,29193,4158.3,27437,379.73,353.14,74.534,384.72,12.468,33.072,236.16,684.88,106.89,63.049,221.63,417.082,300.996,34.192,19.2219,558.311,954.055,627.91,413.665,103.924
193.68,44227,27262,29080,4130.2,27262,373.97,347.69,74.177,378.16,12.097,32.435,235.26,674.57,109.25,62.396,218.45,412.157,294.658,34.0419,18.9545,547.081,944.412,607.591,414.366,106.05
194.58,44389,27429,29211,4160,27429,376.25,349.87,74.295,380.33,12.34,32.683,236.17,680.1,109.17,62.854,219.59,414.365,298.873,34.2774,19.1919,554.164,946.874,625.653,410.607,105.93
192.35,44082,27186,29076,4111.6,27186,370.6,344.23,73.352,376.81,12.002,31.944,235.91,674.37,110.39,62.728,216.95,407.47,290.5,33.8798,18.6704,540.949,934.83,616.128,417.086,107.086
194.23,44509,27265,29268,4131,27265,376.07,348.66,74.277,379.34,12.151,32.796,235.87,679.54,108.3,63.39,219.33,413.69,295.86,34.1851,19.0097,548.557,955.352,613.353,409.732,105.213
194.61,44470,27231,29147,4127.4,27231,377.08,349.76,74.524,379.83,12.141,32.881,235.11,678.13,107.32,62.928,219.88,414.967,296.611,34.0345,19.0683,549.701,954.339,606.377,413.333,104.353
192.97,44136,27196,29253,4118.8,27196,372.92,346.38,73.887,376.95,12.076,32.272,236.12,675,109.4,62.493,218.53,409.693,292.951,34.4667,18.8672,544.036,946.092,616.522,404.341,106.2
194.03,44355,27372,29135,4151,27372,375.11,349.19,73.876,379.92,12.266,32.578,236.67,681.44,108.83,63.066,219.17,413.181,298.095,34.0067,19.1594,552.98,950.117,621.023,415.518,105.646
193.92,44296,27362,29113,4142.8,27362,374.77,349.06,73.868,379.67,12.216,32.518,235.91,680.19,109.9,62.917,219.23,411.857,295.312,33.9616,18.9273,548.627,950.482,616.411,415.698,106.6
193.7,44086,27224,29043,4123.4,27224,373.95,347.46,74.31,378.11,12.103,32.309,234.74,671.75,109.01,61.76,218.65,411.88,293.991,34.1734,18.9124,546.151,935.92,610.341,412.826,105.851
194.02,44402,27212,29089,4125.6,27212,376.3,348.85,74.401,378.44,12.114,32.729,234.78,676.77,107.81,62.798,219.49,413.884,295.94,33.9116,19.0643,548.377,948.308,607.844,414.713,104.787
192.72,44217,27032,29099,4094.2,27032,373.5,345.78,74.191,375.42,11.884,32.407,234.56,671.42,108.14,62.427,218.26,410.927,291.324,34.0329,18.8226,540.375,945.663,597.966,410.909,105.135
194.11,44196,27268,29168,4132.7,27268,375.06,348.51,74.278,379.25,12.201,32.466,236.12,675.56,108.37,62.242,219.39,412.244,296.094,34.3439,19.0411,549.567,941.978,618.697,408.839,105.268
194.81,44407,27351,29203,4144.6,27351,376.89,349.75,74.237,381.25,12.326,32.7,236.23,680.79,108.18,62.978,220.04,414.122,297.746,34.2036,19.087,552.511,944.521,628.681,411.77,105.087
194.3,44108,27252,29001,4124.2,27252,374.8,348.6,74.058,380.6,12.19,32.347,235.21,675.72,108.36,62.008,219.39,411.874,294.553,33.9949,18.8711,547.936,936.833,616.979,417.517,105.278
194.81,44240,27185,29040,4112.7,27185,375.76,349.3,74.001,382.26,12.16,32.564,235.99,678.84,106.61,62.497,219.89,413.109,294.942,33.9527,18.8678,548.643,947.324,612.444,418.537,103.75
194.93,44244,27312,29153,4136.9,27312,376.57,350.55,74.415,381.24,12.255,32.686,235.53,677.98,108.01,62.203,220.37,414.117,296.813,34.3608,19.0197,551.083,950.588,614.786,409.9,104.951
194.83,44422,27362,29268,4148.7,27362,377.14,350.1,74.548,380.36,12.299,32.82,235.78,679.21,108.42,62.762,220.08,415.408,298.201,34.4689,19.1492,552.66,950.415,622.121,406.392,105.287
194.85,44210,27153,29133,4109.8,27153,375.97,348.82,74.584,380.77,12.113,32.593,235.38,673.44,106.78,61.978,219.76,413.477,294.539,34.3427,18.8897,547.283,943.391,608.34,410.272,103.91
193.61,44240,27221,29014,4125.5,27221,374.57,347.75,74.12,378.2,12.112,32.42,234.83,675.07,108.46,62.485,218.78,411.617,295.071,33.8049,19.0022,547.635,939.068,611.446,417.862,105.367
193.3,44102,27150,29141,4109.1,27150,372.6,345.96,74.199,377.29,11.991,32.218,235.07,670.33,109.1,62.1,217.94,409.385,291.856,34.2386,18.7778,542.607,938.723,605.532,409.875,105.957
192.95,44127,27233,29166,4126.6,27233,372.89,346.83,74.03,376.49,12.069,32.27,235.51,673.47,109.82,62.331,218.35,409.392,293.629,34.2462,18.9309,545.059,944.271,610.442,408.121,106.556
194.15,44466,27206,29237,4116.3,27206,375.25,348.19,73.804,380.56,12.108,32.702,236.92,682.09,107.79,63.605,219.26,412.847,294.107,34.0646,18.8383,546.412,959.205,612.995,413.403,104.787
193.54,44306,27358,29226,4148.7,27358,374.79,348,74.508,376.69,12.179,32.541,235.19,674.22,110.61,62.493,218.7,412.658,295.764,34.3726,19.0634,548.062,943.912,615.434,405.777,107.211
194.59,44221,27195,29190,4110.4,27195,374.93,348.75,73.865,381.95,12.137,32.541,236.64,679.68,107.52,62.625,219.73,412.643,293.337,34.341,18.7338,546.062,954.899,613.359,411.345,104.563
193.61,44446,27214,29191,4123.8,27214,375.26,347.7,74.421,377.15,12.041,32.707,235.09,675.51,108.94,63.041,218.73,413.108,294.282,34.0654,18.9607,545.373,951.821,603.977,410.714,105.789
195.05,44436,27326,29209,4137.3,27326,376.7,350.41,74.205,382.07,12.242,32.833,236.08,681.8,107.89,63.073,220.07,414.775,296.864,34.2077,18.9894,551.257,958.641,614.22,412.69,104.838
194.92,44397,27464,29172,4164.3,27464,377.08,350.85,74.801,379.91,12.316,32.817,235.22,676.98,109.95,62.436,219.82,415.445,298.445,34.2842,19.1528,553.138,947.925,615.138,410.157,106.605
194.33,44353,27308,29187,4143.1,27308,376.81,349.83,74.45,379.15,12.254,32.735,235.44,678.24,108.12,62.592,220.09,414.423,298.021,34.2915,19.192,551.984,948.239,619.201,408.439,105.036
193.25,44131,27231,29188,4130.6,27231,373.53,346.9,74.523,376.07,12.085,32.313,234.48,669.79,109.37,61.949,218.34,410.148,294.988,34.4028,19.0631,546.916,937.508,610.288,404.928,106.152
195.57,44554,27413,29165,4156.7,27413,379.02,352.14,74.543,382.47,12.383,33.037,236.08,683.15,107.66,63.146,220.97,416.6,300.08,34.0475,19.2233,556.055,953.495,622.028,414.584,104.606
193.52,44251,27188,29100,4121.5,27188,374.22,347.74,74.104,377.97,12.064,32.48,235.51,675.45,108.03,62.584,218.76,411.584,295.134,34.0117,19.0245,547.508,948.131,606.024,413.622,104.99
193.5,44270,27197,29122,4118.6,27197,373.71,347.18,74.115,377.9,12.023,32.466,235.53,674.73,108.85,62.655,218.31,411.597,293.508,34.0401,18.8818,545.02,949.006,603.042,413.62,105.718
192.66,43964,27184,29073,4114.1,27184,371.46,345.29,73.822,376.45,12.02,32.012,235.37,671.11,110.11,61.826,217.62,409.247,291.36,34.235,18.756,541.965,934.516,612.032,411.203,106.837
193.26,44387,27239,29085,4133.6,27239,374.65,347.69,74.367,376.26,12.048,32.613,234.5,674.56,108.97,62.826,218.33,412.818,295.945,33.8538,19.1306,547.945,948.23,601.918,414.8,105.796
193.38,44289,27234,29102,4127.4,27234,374.86,348.2,74.268,376.93,12.073,32.559,235.31,675.18,109.32,62.596,219.05,411.792,294.346,33.9849,18.9708,545.715,949.097,604.99,412.24,106.12
194.41,44397,27488,29189,4167.9,27488,376.49,350.78,74.202,379.98,12.369,32.7,235.95,681.6,110.25,63.039,220.03,412.729,298.571,34.09,19.1563,553.597,950.411,624.73,411.857,106.86
194.47,44303,27237,29131,4124.9,27237,375.57,349.16,74.215,380.5,12.151,32.623,235.26,677.63,107.67,62.639,219.55,412.831,295.634,34.0986,18.9668,549.029,950.417,609.926,413.778,104.665
194.57,44213,27260,29121,4129.9,27260,375.34,348.88,74.531,380.01,12.166,32.537,235.13,673.76,108.06,62.038,219.27,413.219,295.957,34.2811,19.0061,549.569,942.239,610.474,411.424,105
192.96,44141,27092,29161,4100.2,27092,372.07,344.98,73.805,377.38,11.971,32.167,236.16,672.94,108.36,62.557,217.68,409.17,291.575,34.1709,18.7701,542.179,939.636,610.819,411.223,105.315
192.8,44098,27134,29162,4112.9,27134,372.4,345.8,74.199,375.7,11.974,32.237,234.94,670.2,108.87,62.076,217.87,409.709,293.101,34.3228,18.9428,543.863,941.863,604.206,406.907,105.745
193.35,44104,27218,29070,4118.6,27218,372.53,346.55,73.862,378.32,12.056,32.203,235.81,673.88,109.44,62.285,218.02,409.974,292.617,34.0449,18.7908,544.374,940.669,609.401,415.206,106.235
195.41,44597,27452,29137,4165.7,27452,379.66,352.66,74.595,381.71,12.417,33.113,235.61,684.04,108.09,63.211,221.22,417.41,300.993,33.9602,19.3125,557.042,953.901,623.407,415.147,104.969
194.25,44284,27281,29056,4130.1,27281,375.31,349.06,73.978,380.5,12.188,32.533,236.15,678.98,108.46,62.738,219.45,412.257,295.298,33.8672,18.9257,548.745,946.452,614.59,418.202,105.353
194.75,44306,27272,29395,4130,27272,375.67,349.46,74.087,381.59,12.247,32.689,237.41,681.18,107.41,62.85,220.15,413.222,296.558,34.8069,18.9982,550.714,960.711,622.442,400.683,104.43
193.3,44220,27293,29124,4135.2,27293,374.08,347.83,73.896,377.77,12.159,32.4,235.81,677.53,109.8,62.64,218.88,411.386,294.699,34.0912,18.9598,547.009,945.651,617.036,412.164,106.522
193.22,44338,27174,29136,4120.4,27174,374.49,346.76,74.635,375.52,11.986,32.553,234.41,670.71,109.12,62.511,218.2,412.11,293.865,34.0559,18.9935,544.362,942.851,600.495,410.132,105.948
194.38,44240,27328,29190,4142,27328,375.78,349.98,74.257,379.98,12.247,32.616,235.75,678.36,108.6,62.391,220.01,413.003,297.003,34.3773,19.0737,551.069,951.827,616.442,408.17,105.46
193.53,44108,27206,29075,4114.5,27206,372.56,347.05,73.152,380.9,12.142,32.163,237.26,680.99,108.12,62.865,218.66,409.29,293.379,33.928,18.779,546.582,945.925,621.594,418.699,105.085
193.85,44406,27300,29118,4138.8,27300,375.13,348.61,73.964,379.19,12.184,32.579,235.57,679.72,108.6,63.282,219.03,411.513,296.684,33.7836,19.0823,550.359,948.15,615.703,417.272,105.467
195.24,44646,27517,29252,4181.2,27517,379.1,352.73,74.88,380.3,12.405,33.173,235.64,682.14,108.88,63.28,220.71,416.754,302.521,34.177,19.4702,558.964,959.813,617.197,409.328,105.637
195.55,44316,27283,29188,4129,27283,377.19,351.08,74.259,383.62,12.282,32.763,236.19,680.94,106.71,62.624,220.82,413.877,296.99,34.3,18.9661,552.077,954.05,617.751,411.826,103.813
193.96,44266,27244,29113,4128,27244,375.05,348.08,74.049,379.35,12.18,32.481,235.87,677.51,108.17,62.623,219.18,412.685,295.632,34.0847,19.0046,548.809,941.944,619.507,413.747,105.108
193.97,44367,27254,29227,4131.4,27254,375.51,348.73,74.121,379.06,12.169,32.655,236.15,679.18,108.09,62.998,219.5,412.81,296.307,34.2367,19.0651,549.409,953.331,615.505,409.125,105.024
195.54,44569,27522,29287,4175.9,27522,378.33,352.49,74.565,382.25,12.436,33.043,236.47,683.8,108.75,63.285,220.68,415.905,301.514,34.3095,19.3212,558.458,959.916,622.833,409.358,105.532
193.94,44251,27292,29144,4140.8,27292,374.68,348.42,74.364,378.46,12.172,32.508,235.11,674.84,108.47,62.347,218.82,412.707,297.345,34.2286,19.1689,551.275,944.206,612.28,410.808,105.349
193.51,44281,27220,29056,4120.9,27220,373.76,347.23,73.822,378.76,12.077,32.4,235.66,677.18,108.79,62.918,218.4,410.954,293.782,33.7736,18.8726,545.933,944.939,610.136,418.971,105.666
193.79,44190,27237,29000,4126.4,27237,374.92,347.85,74.395,378.05,12.131,32.378,233.97,672.34,109.01,62.116,218.93,411.14,294.443,33.8501,18.947,546.665,931.862,612.799,416.631,105.845
194.19,44360,27247,29144,4132.5,27247,376.15,348.7,74.767,378.01,12.129,32.697,234.61,673.28,108.29,62.396,219.22,413.904,296.392,34.1693,19.1077,549.062,943.588,607.677,410.151,105.198
194.47,44377,27318,29118,4138.8,27318,375.76,349.16,74.306,380.12,12.195,32.664,235.76,677.86,108.61,62.787,219.21,413.879,296.477,34.0177,19.0262,550.263,947.568,612.611,415.501,105.473
193.96,44395,27243,29122,4127,27243,374.79,348.34,74.035,379.39,12.095,32.63,235.77,678.59,108.22,63.126,218.79,412.635,295.39,33.8915,18.9801,548.28,953.873,606.127,416.692,105.149
193.86,44265,27285,29096,4138.4,27285,374.65,348.14,74.452,377.99,12.137,32.503,234.86,673.51,108.87,62.318,218.59,412.649,296.49,34.0829,19.1115,549.767,941.646,608.89,413.05,105.701
193.09,44336,27290,29140,4138.7,27290,373.8,347.28,73.788,377.4,12.144,32.435,235.92,678.76,109.37,63.176,218.34,411.228,295.941,33.9168,19.082,548.785,946.833,617.092,414.604,106.138
194.21,44274,27232,29255,4122.9,27232,375,347.94,74.407,379.2,12.129,32.554,236.29,674.83,108.57,62.464,219.13,412.622,294.292,34.4877,18.8939,546.495,946.743,613.502,405.87,105.461
194.72,44299,27309,29180,4137.5,27309,376.08,349.68,74.503,380.4,12.222,32.642,235.27,676.27,108.35,62.438,219.76,412.839,296.592,34.2701,19.03,550.53,946.59,614.163,410.122,105.249
195.5,44622,27408,29384,4156.2,27408,378.48,351.73,74.385,382.63,12.382,33.095,237.35,685.61,107.43,63.662,220.92,415.94,300.282,34.4613,19.2358,556.302,964.744,625.485,405.754,104.407
193.35,44169,27223,29060,4122.9,27223,373.56,346.16,74.215,377.29,12.09,32.251,234.78,671.75,109.55,62.189,218.01,411.303,293.296,34.0357,18.8792,544.836,929.92,615.944,414.325,106.327
193.78,44338,27317,29050,4138.5,27317,375.02,348.19,74.107,378.63,12.18,32.494,235.33,677.17,109.58,62.866,218.82,411.922,295.338,33.7572,18.9786,548.212,940.006,616.409,418.489,106.324
192.92,44208,27261,29268,4126.2,27261,372.12,346.26,73.449,377.99,12.105,32.244,236.99,679.04,109.96,63.136,218.09,408.946,293.075,34.2877,18.8258,544.889,951.296,619.374,408.5,106.681
194.34,44215,27311,29173,4130,27311,373.95,348.39,73.715,381.64,12.213,32.369,236.91,679.73,108.93,62.842,219.06,410.327,294.402,34.1407,18.8054,548.228,947.438,620.44,414.407,105.77
193.93,44415,27354,29252,4146.6,27354,375.85,348.82,74.311,378.31,12.23,32.672,236.04,678.52,109.75,63.048,219.38,412.905,296.371,34.251,19.0613,549.306,948.71,620.463,407.819,106.457
194.51,44369,27232,29135,4124.5,27232,376.56,349.75,74.24,380.4,12.167,32.745,235.69,679.25,107.51,62.834,220.11,413.515,295.801,34.0469,18.9821,548.908,953.256,611.075,413.494,104.529
194.29,44175,27216,29148,4122.3,27216,375.14,348.28,74.179,380.15,12.19,32.445,235.67,676.03,107.57,62.197,219.49,412.713,295.463,34.3445,18.9736,548.864,940.517,620.37,410.146,104.588
193.49,44197,27246,29104,4130.4,27246,374.52,348.17,74.636,376.37,12.052,32.517,234.21,670.98,109.65,61.957,218.79,412.122,294.443,34.2077,18.9957,545.808,946.066,599.593,408.909,106.399
192.73,44090,27139,28952,4106.9,27139,372.47,345.38,73.939,376.26,11.969,32.141,234.69,671.07,109.68,62.102,217.65,410.238,290.912,33.7784,18.7331,540.837,932.187,606.505,418.756,106.465
196.14,44486,27433,29298,4157.8,27433,378.7,352.79,74.575,384.21,12.418,33.046,236.46,683.61,107.17,62.944,221.27,416.396,300.618,34.5073,19.2081,557.646,961.22,622.123,407.729,104.173
194.32,44379,27353,29175,4149.2,27353,376.39,349.68,74.464,379.1,12.252,32.719,235.83,677.87,108.83,62.689,219.65,414.19,297.955,34.2046,19.1746,552.036,947.819,617.151,410.33,105.646
194.08,44083,27248,29172,4121.1,27248,373.68,347.83,73.821,380.63,12.181,32.265,236.14,676.9,108.72,62.271,219.17,410.223,293.561,34.364,18.7864,546.557,942.835,621.057,410.183,105.597
193.86,44336,27164,29221,4114.7,27164,374.55,347.24,74.083,379.05,12.078,32.543,236.24,676.89,107.52,62.937,218.79,412.324,294.592,34.2375,18.9474,546.854,949.052,612.489,410.124,104.55
194.04,44215,27190,29080,4117.3,27190,375.05,347.69,74.196,379.38,12.139,32.439,235.13,675.15,107.89,62.317,219.12,412.512,294.395,34.0857,18.9117,546.868,937.403,617.122,413.905,104.875
192.43,44183,27173,29033,4112.7,27173,371.41,344.14,73.848,375.63,11.955,32.068,234.64,670.88,110.41,62.666,216.69,408.466,290.875,33.7204,18.7426,540.812,930.189,609.004,418.619,107.096
193.24,44276,27261,29077,4136.2,27261,374.35,347.29,74.202,376.76,12.129,32.43,234.92,674.63,109.12,62.561,218.42,412.15,296.05,33.9553,19.121,548.641,938.489,614.529,414.086,105.921
193.13,44116,27194,29093,4113.7,27194,372.82,346.71,73.553,378.46,12.074,32.222,236.35,677.22,109.23,62.579,218.55,409.77,292.134,34.0375,18.7497,543.498,944.901,614.749,414.42,106.063
193.78,44093,27193,29195,4116.5,27193,373.68,347.53,74.01,379.16,12.114,32.321,235.86,675.01,108.3,62.155,219.07,410.654,293.747,34.4568,18.8664,546.064,945.459,614.677,407.147,105.237
193.15,44151,27188,29113,4112.9,27188,372.98,346.95,73.836,377.68,12.014,32.327,235.91,675.3,109.56,62.488,218.47,410.181,291.676,34.0926,18.7341,542.297,949.824,604.911,412.509,106.353
194.01,44280,27225,29185,4125.3,27225,375.61,348.78,74.402,378.51,12.128,32.622,235.42,675.64,108.35,62.456,219.62,412.622,295.112,34.2893,18.9879,547.333,949.665,609.944,407.951,105.263
194.53,44184,27239,29176,4131.9,27239,376.43,350,74.655,379.41,12.205,32.658,234.93,674.68,107.28,61.815,220.31,414.003,297.491,34.542,19.162,551.336,948.143,612.121,404.896,104.307
192.75,44222,27233,29199,4127.2,27233,372.59,345.79,74.186,375.45,12.024,32.293,235.32,671.83,110.32,62.571,217.61,409.744,293.195,34.216,18.926,543.958,941.565,608.738,407.919,106.997
193.24,44142,27297,29219,4133,27297,372.56,347.33,73.74,378.13,12.117,32.311,236.56,677.29,110.1,62.559,218.38,410.486,293.876,34.3992,18.8787,546.163,953.231,612.69,407.89,106.791
195.12,44391,27365,29222,4145.4,27365,377.47,350.59,74.331,381.89,12.343,32.798,236.22,681.45,108.12,62.769,220.52,415.6,297.809,34.3856,19.0647,552.658,949.765,626.674,409.456,105.029
193.89,44361,27326,29161,4140.4,27326,375.57,348.88,74.107,378.83,12.208,32.616,235.94,679.24,109.42,62.95,219.41,412.856,295.807,34.0735,19.0061,548.728,948.861,618.01,412.274,106.177
195.35,44322,27452,29080,4166.9,27452,378.71,352.05,75.209,380.09,12.382,32.874,233.74,674.74,109,61.706,220.73,417.04,300.215,34.3074,19.3034,555.735,939.648,617.642,409.993,105.762
196.21,44481,27389,29229,4153.6,27389,379.63,352.44,74.667,384.17,12.461,33.015,236.26,682.8,106.27,62.757,221.52,417.478,301.274,34.4101,19.2808,558.521,948.765,631.615,409.811,103.382
193.79,44069,27279,29246,4123.6,27279,372.91,347.61,73.494,380.63,12.194,32.215,237.52,679.45,109.43,62.535,219.08,409.454,292.91,34.4893,18.7204,545.692,948.959,624.44,407.792,106.224
195.17,44390,27393,29175,4147.6,27393,376.71,350.47,74.159,382.63,12.337,32.715,236.2,681.85,108.39,62.953,220.08,414.155,297.634,34.1497,19.0199,553.004,949.17,624.29,414.456,105.263
193.3,44250,27302,29144,4144.2,27302,374.61,347.65,74.382,376.33,12.174,32.439,234.78,673.77,109.6,62.377,218.68,411.941,296.658,34.1851,19.1741,549.427,937.987,617.683,408.937,106.331
195.76,44527,27401,29149,4155.1,27401,379.07,352.08,74.598,382.96,12.391,33.017,235.53,682.46,107.2,62.962,220.94,417.198,300.4,34.0928,19.2402,556.777,950.697,622.971,414.984,104.207
194.98,44498,27422,29205,4158.1,27422,377.47,351.03,74.514,380.86,12.32,32.893,235.97,680.74,108.83,63.079,220.15,414.801,298.932,34.1319,19.1765,554.016,953.389,617.9,412.011,105.634
194.75,44249,27301,29334,4129.7,27301,374.88,349.22,74.183,381.46,12.197,32.594,236.8,678.42,108.64,62.595,219.63,412.22,294.774,34.691,18.8404,548.221,957.929,614.59,403.749,105.513
192.95,44174,27108,29201,4098.7,27108,371.24,345.41,73.203,378.99,11.959,32.215,237.13,678.95,108.18,63.135,217.68,409.306,291.272,34.159,18.6865,542.361,956.824,607.695,413.219,105.166
194.48,44167,27353,29208,4142.1,27353,374.56,348.87,74.299,380.38,12.243,32.426,235.78,675.48,109.32,62.166,219.19,411.733,295.933,34.4712,18.965,550.062,943.358,618.699,408.065,106.09
193.45,44177,27221,29173,4121.1,27221,373.37,346.96,74.019,378.07,12.079,32.343,236.01,674.73,109.25,62.444,218.46,410.836,293.289,34.2717,18.852,544.971,945.142,611.643,409.717,106.07
194.05,44237,27300,29314,4132.2,27300,374.33,348.08,74.168,379.33,12.178,32.48,236.58,676.71,109.5,62.595,219.12,411.423,294.334,34.6045,18.8733,546.892,950.302,618.15,403.579,106.27
194.21,44202,27235,29089,4125.1,27235,375.08,348.67,74.223,379.75,12.153,32.489,235.5,675.7,108.06,62.258,219.37,412.383,295.277,34.1275,18.9637,548.43,943.842,612.179,413.461,105.009
193.67,44176,27173,29207,4109.2,27173,373.89,346.98,74.008,378.78,12.068,32.384,236.05,675.37,108.87,62.441,218.91,411.265,291.871,34.3914,18.7178,542.779,946.398,613.448,407.766,105.752
194.13,44103,27311,29198,4135.3,27311,374.13,348.59,74.191,379.6,12.192,32.403,235.87,675.4,109.33,61.966,219.19,412.233,295.037,34.5702,18.9257,548.322,947.333,615.11,406.458,106.109
194.41,44414,27266,29145,4126.8,27266,375.88,349.34,73.776,381.41,12.198,32.687,236.35,683.17,107.8,63.372,219.79,413.071,295.534,33.9184,18.9173,549.088,955.761,617.149,416.917,104.778
193.59,44324,27250,29148,4133.6,27250,374.71,347.92,74.479,376.72,12.079,32.569,235.19,673.49,109.09,62.593,218.64,411.887,295.678,34.0811,19.0903,547.78,946.745,604.792,410.415,105.903
194.54,44366,27306,29057,4139,27306,377.45,349.78,74.581,379.48,12.251,32.729,234.32,676.88,108.48,62.442,220.08,415.097,296.795,33.981,19.0745,550.169,939.206,619.069,414.811,105.356
193.31,44222,27269,29114,4128.1,27269,372.73,347.27,73.812,378.18,12.059,32.348,235.93,676.36,109.82,62.788,218.07,409.954,293.533,33.9621,18.8561,545.595,950.879,605.074,415.369,106.551
192.73,43932,27094,29064,4099.6,27094,371.76,344.95,74.155,375.82,11.938,32.041,234.79,667.46,109.47,61.428,217.68,409.668,290.218,34.3294,18.7036,539.693,932.291,604.96,408.981,106.294
194.21,44229,27283,29100,4132.7,27283,375.03,349.08,74.262,379.59,12.158,32.542,235.47,676.11,108.69,62.316,219.3,412.693,295.543,34.1366,18.9758,548.799,948.173,608.884,413.26,105.556
194.53,44346,27333,29217,4139.3,27333,375.68,349.66,74.155,380.71,12.225,32.678,236.35,679.94,108.7,62.862,219.68,413.284,296.299,34.2798,18.9857,550.18,955.125,615.18,410.463,105.549
195.02,44535,27422,29180,4157.7,27422,377.63,351.03,74.535,380.88,12.308,32.931,235.28,680.88,108.84,63.166,220.06,415.276,298.861,34.0355,19.1686,553.852,953.506,616.193,413.932,105.641
194.07,44196,27250,29044,4122.8,27250,373.83,347.7,73.598,381.21,12.181,32.298,236.17,679.22,108.16,62.756,218.78,410.93,294.511,33.8548,18.8508,548.262,940.454,621.011,420.381,105.104
192.17,43968,27176,29118,4114.1,27176,370.11,344.54,73.805,375.04,11.929,31.97,235.23,669.54,110.72,61.964,216.84,407.787,290.771,34.255,18.7548,540.692,940.522,602.347,409.484,107.362
193.11,44055,27094,29110,4102,27094,372.72,345.77,73.901,377.56,12.014,32.168,236,672.51,108.01,62.091,218.29,409.957,292.293,34.2376,18.8259,543.319,937.316,612.684,410.61,105.011
194.66,44324,27346,29073,4147,27346,376.99,350.73,74.529,380.01,12.263,32.733,235.08,677.54,108.38,62.389,220.19,414.047,298.088,34.0218,19.1591,552.568,946.924,613.318,414.219,105.254
193.98,44127,27289,29126,4135.9,27289,375.03,349.26,74.313,378.72,12.187,32.486,235.1,675.23,108.96,61.914,219.66,412.521,295.825,34.3712,19.0271,548.953,947.046,612.304,408.274,105.783
195.59,44281,27259,29145,4123.8,27259,376.94,350.01,74.496,383.2,12.256,32.65,235.58,676.98,106.95,62.307,220.28,413.669,295.943,34.2597,18.8985,550.461,941.571,619.074,413.151,104.036
193.98,44146,27202,29013,4119.8,27202,374.85,347.97,74.183,379.25,12.135,32.402,235.19,674.52,108.01,61.991,219.13,413.113,294.634,34.057,18.9362,547.321,937.232,613.996,415.708,104.98
194.6,44317,27409,29161,4154.6,27409,375.8,349.87,74.391,380.28,12.292,32.607,235.5,677.62,109.39,62.577,219.48,412.87,297.747,34.1786,19.104,552.567,945.058,618.789,412.172,106.126
193.8,44196,27217,29070,4119.3,27217,374.38,347.74,74.371,378.16,12.055,32.452,234.66,672.63,109.26,62.138,218.74,412.031,292.968,34.0812,18.8196,544.276,942.892,603.883,413.398,106.08
193.85,44230,27264,29162,4130.3,27264,374.36,347.7,74.144,378.87,12.159,32.422,235.36,675.67,108.85,62.485,218.8,411.905,295.115,34.2369,18.9703,548.015,941.952,617.17,410.86,105.697
193.45,44314,27274,29208,4129.9,27274,373.74,346.56,74.104,377.72,12.112,32.408,235.95,675.34,109.96,62.88,218.1,411.465,293.667,34.1866,18.8772,545.359,941.657,616.752,410.557,106.672
194.09,44490,27342,29185,4146.2,27342,375.88,348.92,74.412,378.52,12.18,32.754,235.74,677.97,109.27,63.18,218.98,413.683,296.958,34.0088,19.1094,550.23,950.635,611.495,412.962,106.037
194.76,44452,27393,29177,4151,27393,377.14,349.94,74.587,380.09,12.292,32.767,235.5,678.08,109.35,62.879,219.8,414.11,297.252,34.0979,19.0663,551.25,943.541,620.886,412.289,106.103
194.2,44145,27300,29166,4140.2,27300,375.19,349.22,74.373,379.23,12.236,32.467,235.28,675.1,108.4,61.981,219.66,412.132,297.209,34.4298,19.1292,551.368,942.933,618.072,407.235,105.284
194.62,44350,27338,29179,4142.3,27338,376.3,349.87,74.392,380.3,12.249,32.672,235.63,678.02,108.66,62.721,219.86,412.663,296.896,34.1591,19.0493,550.931,947.677,616.877,411.363,105.511
194.62,44479,27396,29147,4150.2,27396,376.49,350.25,74.013,381.22,12.287,32.781,236.61,683.34,108.91,63.379,219.77,414.246,297.544,33.9176,19.0549,552.207,954.827,619.31,417.016,105.72
193.94,44341,27284,29165,4135.1,27284,375.58,348.64,74.081,379.13,12.21,32.577,235.79,678.98,108.6,62.918,219.47,412.483,296.124,34.0896,19.0385,549.332,946.059,620.631,412.058,105.47
194.78,44143,27301,29142,4125.1,27301,374.71,349.02,73.943,382.36,12.224,32.411,236.48,678.33,108.85,62.287,219.59,411.966,293.606,34.308,18.7132,547.109,945.777,619.176,413.076,105.71
194.98,44440,27472,29199,4162.2,27472,376.1,350.71,73.964,382.48,12.364,32.74,236.86,684.24,109.07,63.288,219.7,414.274,298.934,34.1155,19.1133,555.151,955.931,623.521,415.318,105.836
194.98,44361,27239,29123,4117.5,27239,375.88,349.56,73.7,383.53,12.207,32.644,237.19,683.49,107.02,63.224,219.98,412.979,294.826,33.9316,18.7968,548.877,954.5,617.848,419.013,104.105
194.08,44300,27223,29244,4120.8,27223,374.94,348.1,73.955,380.02,12.158,32.54,236.29,679.12,108.09,62.919,219.4,412.069,294.491,34.3266,18.8875,547.116,950.805,618.73,408.844,105.049
193.24,44237,27260,29185,4130.2,27260,373.01,346.59,74.111,377.16,12.081,32.312,235.72,673.56,109.83,62.698,217.96,409.345,294.04,34.1201,18.9362,545.972,941.71,611.486,410.663,106.557
194.26,44399,27355,29046,4140.4,27355,375.31,348.93,73.858,380.76,12.224,32.572,236.2,681.09,109.33,63.232,219.04,412.705,295.553,33.6654,18.9146,549.324,946.069,617.996,422.222,106.101
193.75,44342,27246,29225,4132.3,27246,375.21,348.36,74.44,377.55,12.115,32.637,235.52,675.33,108.6,62.695,219.13,412.358,296.014,34.2826,19.0914,548.425,950.85,608.804,406.995,105.471
192.4,44233,27215,29039,4129,27215,372.85,345.53,74.433,373.71,11.977,32.292,233.98,668.72,110.48,62.314,217.23,410.41,293.603,33.8434,19.0237,543.913,933.546,602.562,413.749,107.128
192.7,44279,27197,29157,4121.7,27197,372.66,346.1,74.041,375.66,11.977,32.364,235.31,673.45,109.75,62.888,217.68,409.461,293.153,33.9759,18.9255,543.818,947.799,602.366,411.791,106.503
194.29,44252,27242,29240,4123,27242,374.75,348.33,73.794,381.19,12.21,32.467,237.1,680.3,107.74,62.889,219.53,411.488,295.122,34.3422,18.9016,548.75,949.207,623.89,409.708,104.734
194.07,44173,27260,29186,4129.6,27260,375.09,348.66,74.454,378.62,12.15,32.537,235.02,674.24,108.91,61.961,219.43,413.433,294.928,34.5279,18.9594,547.347,947.34,611.261,405.711,105.756
193.11,44071,27168,29002,4113,27168,373.04,346.92,73.881,377.53,12.03,32.23,235.35,673.61,108.98,62.106,218.48,410.059,292.567,33.9256,18.8264,543.79,941.023,606.566,416.111,105.847
194.26,44090,27279,29012,4126.4,27279,373.61,347.99,73.747,381.48,12.206,32.2,236.12,676.85,108.54,62.285,218.82,410,294.477,33.9018,18.8324,548.597,935.355,620.62,420.14,105.436
194.04,44152,27193,29195,4116.2,27193,374.6,347.95,74.216,379.3,12.121,32.433,235.83,674.76,108.19,62.161,219.36,411.732,293.809,34.4527,18.8638,545.946,945.173,613.974,406.972,105.141
193.04,44031,27033,29093,4085.6,27033,371.57,344.7,73.882,377.58,11.888,32.091,235.4,670.14,108.36,62.067,217.57,408.893,289.321,34.162,18.5871,538.826,938.571,602.078,412.678,105.349
192.94,43991,27149,28919,4109.7,27149,372.4,346.18,73.928,377.01,11.996,32.111,234.15,671.01,109.17,61.716,217.97,410.258,291.931,33.8548,18.797,542.839,934.095,604.628,418.655,106.018
193.49,44323,27341,29203,4144.4,27341,373.72,347.8,74.044,377.9,12.151,32.466,235.69,677.08,110.01,62.994,218.33,410.785,295.781,34.1097,19.0352,548.816,949.549,612.649,411.335,106.69
191.19,43790,27004,29028,4084.4,27004,368.31,342,73.613,372.91,11.769,31.642,234.95,664.73,110.54,61.559,216.05,404.893,287.024,34.1021,18.5564,534.344,928.884,599.133,410.945,107.263
194.66,44351,27399,29247,4159.6,27399,376.88,350.7,74.741,379.33,12.311,32.766,235.24,676.82,108.76,62.448,220.12,413.635,299.604,34.4417,19.2954,554.683,949.393,617.782,405.085,105.568
196.21,44388,27522,29236,4166.1,27522,378.26,353.4,74.057,385.92,12.525,32.902,237.53,687.75,108.1,62.957,221.58,415.781,300.211,34.4055,19.091,558.11,960.649,632.123,411.81,104.98
195.34,44582,27341,29353,4142.1,27341,378.05,350.92,74.646,381.52,12.252,33.101,236.38,681.64,107.85,63.245,220.45,416.989,297.728,34.5429,19.07,551.781,965.114,613.399,404.924,104.796
193.85,44159,27200,29059,4119,27200,374.1,347.92,74.026,379.27,12.094,32.408,235.58,675.55,108.08,62.228,218.89,412.292,294.418,34.0889,18.9181,547.058,945.459,608.555,414.925,105.042
195.42,44571,27413,29254,4154.4,27413,377.84,351.75,74.106,383.3,12.364,33,237.45,686.52,107.54,63.627,220.64,415.635,299.751,34.1465,19.17,556.023,963.758,621.944,413.489,104.501
195.45,44674,27441,29262,4167.6,27441,379.66,352.33,74.985,380.69,12.368,33.229,235.58,681.52,107.98,63.251,220.86,417.862,301.622,34.2381,19.4016,557.412,957.976,617.376,408.65,104.872
194.08,44289,27304,29233,4133.3,27304,374.76,348.5,74.015,379.8,12.191,32.529,236.37,678.83,109.21,62.833,219.27,411.957,294.843,34.3162,18.9003,547.78,950.915,617.98,409.161,106.007
194.66,44406,27358,29023,4145.9,27358,376.65,349.95,74.252,380.82,12.274,32.672,235.21,679.42,108.52,62.915,219.66,413.468,297.548,33.6857,19.0836,552.214,941.958,618.536,421.089,105.385
192.79,44400,27241,29182,4139.7,27241,374.79,346.93,74.898,373.35,12.024,32.626,233.74,669.69,109.81,62.554,218.05,412.489,296.215,34.1329,19.246,547.134,942.559,601.841,405.942,106.526
194.38,44373,27295,29039,4139.7,27295,376.62,349.46,74.382,379.6,12.226,32.678,235.03,677.62,107.98,62.653,219.62,414.307,297.634,33.8481,19.1503,551.721,941.544,616.306,417.638,104.913
193,44273,27314,29124,4140.2,27314,373.89,347.56,74.011,376.47,12.125,32.432,235.77,676.45,110.54,62.765,218.49,411.248,294.633,34.0071,18.989,546.399,946.435,612.661,412.277,107.16
193.77,44167,27324,29354,4142.2,27324,373.93,347.43,74.469,377.7,12.207,32.374,235.75,672.89,109.88,62.158,218.75,411.011,295.676,34.8397,19.0386,548.59,941.568,622.775,398.196,106.582
194.88,44320,27201,29220,4123.3,27201,376.94,349.7,74.67,380.4,12.181,32.757,235.15,675.77,106.6,62.339,220.25,414.129,296.92,34.4433,19.0896,550.554,948.881,612.547,406.492,103.723
193.84,44385,27279,29236,4144.1,27279,375.9,348.98,74.724,376.93,12.15,32.751,234.94,674.59,108.31,62.574,219.25,413.791,298.344,34.3636,19.3019,551.655,951.381,607.942,405.02,105.201
195.12,44373,27366,29076,4151.6,27366,377.9,351.48,74.546,381.29,12.327,32.848,234.97,679.68,107.59,62.444,220.59,416.106,299.662,34.0798,19.2462,555.302,948.522,617.335,414.816,104.551
194.77,44254,27258,29224,4125.3,27258,375.74,349.44,74.249,381.32,12.197,32.628,236.2,678.1,107.82,62.443,219.93,413.379,295.298,34.4688,18.9036,548.789,952.395,614.862,408.072,104.803
194.46,44166,27338,29144,4138.6,27338,375.22,349.45,74.135,380.68,12.251,32.508,235.68,678.02,109.08,62.133,219.7,413.688,295.665,34.4059,18.9336,549.503,947.431,618.852,410.256,105.891
192.94,44071,27190,29019,4118,27190,372.3,346.05,73.829,377.21,12.042,32.138,235.29,672.98,109.24,62.163,217.84,409.926,293.056,33.956,18.8758,544.691,936.319,610.577,416.229,106.06
194.05,44314,27306,29104,4137.9,27306,375.02,348.54,74.196,379.22,12.18,32.531,235.46,676.87,108.95,62.713,218.95,412.327,296.045,33.9753,19.0245,549.488,944.004,614.051,415.314,105.774
193.58,44190,27306,29049,4136.9,27306,374.62,348.41,74.139,377.99,12.164,32.432,234.99,675.73,109.83,62.262,219.05,412.23,294.865,34.021,18.9629,547.32,942.414,613.316,414.236,106.548
195.19,44477,27440,29121,4159,27440,377.69,351.11,74.351,381.99,12.375,32.831,235.6,682.03,108.65,63.051,220.24,415.247,299.126,33.9534,19.1526,554.896,947.103,624.55,417.002,105.476
192.83,44225,27208,28962,4122.4,27208,373.33,346.89,73.939,376.35,12.013,32.344,234.6,674.33,109.61,62.6,218.09,410.513,293.321,33.6015,18.9152,544.382,942.492,602.923,420.298,106.381
194.34,44250,27251,29078,4128.8,27251,375.58,348.98,74.145,380.29,12.196,32.547,235.5,677.67,107.71,62.427,219.55,413.479,296.236,34.0787,19.0234,550.023,944.19,616.218,414.985,104.694
192.06,44034,27125,29027,4107,27125,371.06,344.2,73.704,374.96,11.948,31.974,235.03,670.7,110.02,62.228,217.11,408.087,290.716,33.9089,18.7668,540.354,931.532,610.108,414.925,106.767
193.32,44203,27299,29158,4137.7,27299,373.49,347.16,73.85,378.05,12.184,32.303,236.07,676.98,109.5,62.654,218.45,410.897,295.481,34.1729,19.021,548.574,940.759,622.418,411.481,106.258
193.39,44148,27172,29081,4115.3,27172,373.22,346.6,74.357,377.06,11.996,32.323,234.36,670.24,109.02,62.049,218.04,410.742,292.955,34.1067,18.8723,544.084,939.869,601.419,412.385,105.873
194.2,44234,27249,29302,4126,27249,374.36,348.46,74.091,380.04,12.149,32.533,236.74,677.68,108.24,62.615,219.3,411.808,295.095,34.5933,18.9328,548.214,956.143,613.246,404.55,105.166
193.76,44124,27201,29063,4119.2,27201,373.94,347.08,74.333,378.24,12.086,32.309,234.83,671.4,108.73,61.919,218.5,411.471,293.732,34.1425,18.8929,545.761,934.37,610.77,413.066,105.609
194.7,44157,27319,29264,4134.4,27319,374.62,349.23,73.723,382.68,12.31,32.395,237.01,681.28,107.93,62.621,219.87,410.968,296.303,34.5172,18.9344,551.476,948.956,629.827,408.186,104.885
193.88,44223,27315,29166,4137,27315,374.08,348.25,73.764,379.97,12.221,32.387,236.58,679.47,109.02,62.791,219.03,411.049,295.684,34.1601,18.9693,549.51,946.498,622.07,412.776,105.834
194.73,44385,27297,29055,4137.1,27297,377.05,349.86,74.594,380.07,12.212,32.753,234.8,676.59,108.09,62.513,219.79,414.903,296.957,33.9337,19.0733,550.699,943.251,612.181,416.462,105.021
193.61,44251,27261,29258,4128.7,27261,374.04,347.82,74.077,378.25,12.121,32.474,235.89,676.62,109.32,62.722,218.93,410.877,294.286,34.3836,18.9169,546.369,951.928,612.794,406.306,106.116
193.57,44294,27319,29114,4142.7,27319,374.23,347.93,73.973,378.39,12.194,32.415,235.33,677.49,109.24,62.892,218.62,410.87,296.549,33.9173,19.0946,550.217,941.913,618.695,415.326,106.02
193.53,44369,27426,29190,4159.6,27426,375.18,348.61,74.179,377.46,12.27,32.546,235.79,678.42,110.88,62.984,218.99,412.153,296.896,34.0997,19.1152,550.204,943.755,623.981,410.49,107.424
194.8,44237,27184,28980,4115,27184,376.04,349.09,74.473,380.93,12.12,32.581,234.68,674.21,107.03,62.075,219.55,413.715,294.96,33.8898,18.9124,548.136,940.065,606.206,419.199,104.118
194.76,44460,27273,29275,4137.5,27273,377.63,350.47,74.707,379.7,12.216,32.94,235.41,678.31,107.31,62.828,220.45,414.833,298.186,34.4058,19.1948,551.989,956.973,612.096,405.136,104.333
194.85,44281,27272,29130,4132.5,27272,376.78,349.9,74.487,380.81,12.24,32.677,235.5,676.98,107.5,62.263,220.15,414.44,296.966,34.2628,19.0597,551.078,944.457,617.106,411.352,104.509
194.45,44530,27346,29302,4146,27346,376.61,349.84,74.283,379.9,12.241,32.856,236.32,681.48,108.57,63.494,219.82,413.397,297.648,34.2243,19.1204,551.572,958.592,617.177,408.463,105.422
193.44,44415,27204,29167,4122.2,27204,374.56,347.38,74.186,377.35,12.033,32.608,235.71,676.21,108.79,63.165,218.5,411.742,294.225,33.9379,18.9558,545.59,951.407,604.543,413.133,105.663
193.23,44303,27209,29211,4124.5,27209,374.09,347.11,74.208,376.71,12.055,32.509,235.52,674.91,109.02,62.75,218.53,411.692,294.388,34.2417,18.9914,545.77,949.336,608.466,407.83,105.861
193.97,44190,27264,29205,4126.9,27264,374.06,348.06,74.159,379.22,12.129,32.437,235.93,675.45,109.15,62.377,218.95,411.341,294.079,34.3839,18.868,546.539,948.581,611.473,408.282,105.969
193.02,44129,27162,29093,4109.7,27162,371.66,345.9,73.595,378.12,11.985,32.174,236.1,675.03,108.98,62.657,217.66,408.766,291.964,33.9591,18.7593,543.3,946.583,605.117,416.118,105.853
196.16,44279,27404,29179,4145,27404,377.85,351.69,74.323,385.28,12.439,32.724,236.54,681.84,107.6,62.335,221.09,415.494,297.831,34.4477,18.9461,554.263,945.01,631.97,411.956,104.574
194.74,44565,27367,29257,4154.7,27367,377.78,350.73,74.456,380.17,12.303,32.985,236.41,682.2,107.76,63.331,220.23,415.998,300.103,34.2271,19.3162,555.255,957.444,619.484,409.478,104.692
194.23,44270,27313,29102,4138.1,27313,375.21,348.81,74.365,379.31,12.179,32.555,235.12,675.63,109.1,62.359,219.07,413.411,295.833,34.1295,19,549.151,944.215,611.82,413.524,105.903
194.07,44348,27252,29172,4130.9,27252,375.62,348.63,74.584,378.12,12.112,32.673,235.39,674.44,108.69,62.544,219.17,413.156,295.54,34.1961,19.0288,547.852,948.481,606.277,409.575,105.555
193.13,44023,27158,29122,4111.2,27158,372.23,345.72,74.204,376.8,11.999,32.139,234.63,669.23,109.38,61.769,217.82,409.643,291.897,34.3369,18.7971,542.647,935.77,606.956,408.745,106.193
194.74,44450,27283,29122,4137.1,27283,377.5,349.79,74.783,379.53,12.207,32.819,234.68,675.81,107.91,62.681,219.88,414.478,297.31,33.9996,19.1239,550.843,943.002,612.681,413.394,104.861
194.26,44264,27119,29254,4105.1,27119,375.14,347.64,74.143,380.19,12.107,32.517,236.26,676.52,106.66,62.67,219.51,411.704,294.115,34.4126,18.8831,546.435,946.485,617.075,407.108,103.808
194.12,44398,27460,29189,4160.4,27460,375.52,349.4,73.733,380.49,12.366,32.562,237.08,684.01,110.18,63.396,219.48,412.523,297.428,34.0212,19.0521,552.238,947.316,633.35,414.576,106.81
193.64,44152,27314,29210,4135.4,27314,373.57,347.89,73.752,379.3,12.207,32.32,236.78,678.52,109.64,62.575,218.98,410.635,294.667,34.3679,18.9036,547.768,947.071,622.603,408.736,106.384
194.73,44240,27247,29314,4127.7,27247,375.93,349.13,74.468,380.56,12.225,32.612,236.15,676.35,107.54,62.293,220.04,413.009,296.228,34.7355,19.0126,549.889,948.532,620.54,401.648,104.549
194.24,44176,27246,29099,4121.9,27246,374.07,348.08,74.03,380.51,12.135,32.372,236.02,675.78,108.56,62.396,218.9,410.854,293.914,34.0784,18.8201,546.922,943.158,612.101,415.28,105.461
195.25,44397,27480,29189,4173.3,27480,378.06,351.46,75.059,380.18,12.404,32.853,234.73,676.2,108.98,62.22,220.26,416,301.22,34.393,19.3808,557.477,941.722,622.384,407.865,105.734
193.4,44060,27007,29093,4086.3,27007,372.63,345.36,74.149,377.9,11.914,32.195,235.14,669.41,107.1,61.924,218.02,409.873,291.155,34.2048,18.7429,541.535,937,602.307,411.676,104.23
193.15,44131,27253,29061,4135.1,27253,373.63,347.32,74.57,375.6,12.063,32.348,233.88,669.32,109.77,61.792,218.2,411.151,295.176,34.1313,19.0873,547.055,937.637,603.295,410.454,106.496
193.98,44199,27239,29206,4123.8,27239,374.19,347.89,73.845,380.13,12.178,32.397,236.55,678.37,108.22,62.642,219.18,411.314,294.783,34.3349,18.9089,547.976,946.784,620.908,409.744,105.153
193.51,44095,27234,28988,4119.9,27234,373.12,346.89,73.695,379.31,12.127,32.163,235.62,675.71,109.21,62.329,218.4,410.007,292.94,33.8239,18.7822,545.302,934.384,617.87,419.867,106.037
193.12,44044,27118,29014,4105.8,27118,372.66,346.59,73.884,377.49,11.988,32.198,235.29,672.62,108.34,62.045,218.36,409.443,292.437,33.9639,18.8339,543.579,941.762,603.468,415.294,105.288
193.25,44070,27093,29258,4104.1,27093,373.43,346.56,74.59,375.97,11.958,32.372,234.94,668.46,108.51,61.682,218.71,410.503,292.187,34.724,18.862,542.105,946.739,600.693,398.935,105.441
192.43,44067,27113,29182,4103.8,27113,370.91,344.28,73.616,376.3,11.958,32.042,236.11,672.75,109.25,62.464,217.23,408.508,291.083,34.2838,18.7586,541.302,940.431,611.85,409.105,106.092
194.13,44289,27311,29313,4138.5,27311,375.04,348.29,74.359,378.99,12.213,32.55,236.38,676.31,109.13,62.593,219.23,412.424,295.914,34.601,19.0171,549.066,947.165,620.88,403.119,105.931
194.28,44352,27420,29257,4162.5,27420,376.01,350.04,74.694,378.29,12.267,32.74,235.41,676.27,109.71,62.462,219.49,414.108,298.863,34.4897,19.2586,553.264,952.042,613.788,404.601,106.398
193.14,44200,27302,28983,4133,27302,373.28,346.52,73.879,377.5,12.129,32.22,235.3,674.81,110.68,62.556,217.91,410.618,293.155,33.6967,18.8358,544.93,931.544,617.803,420.567,107.298
193.7,44334,27261,29073,4131.1,27261,375.38,347.86,74.291,377.87,12.146,32.526,235,675.49,109.15,62.691,218.94,412.523,294.981,33.8827,18.9879,547.139,938.286,615.619,415.431,105.957
194.05,44277,27233,29250,4125.3,27233,374.79,348.53,74.191,379.25,12.122,32.59,236.26,677.11,108.23,62.655,219.32,412.21,295.142,34.4176,18.966,547.82,955.26,609.828,406.722,105.157
192.63,44171,27262,29211,4134,27262,372.36,346,73.935,375.74,12.09,32.226,235.92,673.97,110.18,62.577,217.81,409.536,294.401,34.2912,19.0147,546.119,941.856,616.198,407.07,106.861
194.09,44539,27376,29156,4153.2,27376,376.76,350.21,74.079,379.3,12.258,32.85,236.17,683.22,108.9,63.576,219.83,413.937,298.397,33.8309,19.1959,552.577,957.254,616.819,415.6,105.701
194.05,44319,27328,29172,4140.6,27328,375.22,348.66,74.344,378.76,12.186,32.575,235.18,676.29,109.56,62.641,219.09,412.6,295.64,34.1814,18.9948,548.582,945.93,614.281,410.855,106.305
194.89,44512,27336,29170,4145.2,27336,378.45,350.88,74.854,379.58,12.244,33.01,234.92,678.18,108.4,62.758,220.44,416.682,297.803,34.1704,19.1424,551.275,952.036,611.971,410.349,105.276
193.78,44433,27413,29042,4162.3,27413,376.07,349.13,74.588,377.06,12.23,32.69,234.13,675.85,110.22,62.715,218.79,414.591,298.341,33.798,19.2561,552.067,940.69,613.277,416.805,106.844
195.23,44430,27231,29024,4122.2,27231,377.12,350.26,74.281,382.57,12.176,32.82,235.63,679.92,106.5,62.894,220.02,415.024,296.454,33.7495,18.9693,550.711,951.183,607.854,421.862,103.64
194.88,44391,27423,29282,4156,27423,376.51,350.76,74.194,381.51,12.343,32.773,236.97,682.4,108.82,62.986,220.2,414.131,298.513,34.436,19.1216,553.865,957.449,623.11,407.699,105.628
193.78,44142,27156,29117,4109.5,27156,373.46,346.65,74.002,379.27,12.068,32.284,235.78,673.94,108.02,62.295,218.46,410.865,293.075,34.1808,18.8173,545.113,939.042,613.058,413.008,105
195.17,44547,27383,29315,4149.6,27383,377.61,351.34,74.26,382.1,12.316,32.983,236.99,684.38,107.95,63.51,220.62,414.638,298.648,34.3057,19.1215,553.781,964.526,619.145,408.63,104.869
194.92,44401,27415,29255,4160.1,27415,377.5,351.48,74.777,379.93,12.315,32.892,235.37,678.27,108.82,62.564,220.5,414.511,299.453,34.4378,19.2545,554.436,955.525,614.665,405.26,105.615
194.26,44227,27332,29183,4133.4,27332,374.25,348.31,73.96,380.65,12.203,32.421,236.26,678.05,109.72,62.639,218.99,411.577,293.955,34.2558,18.7893,547.038,946.225,618.816,412.085,106.454
193.44,44248,27225,29251,4123.8,27225,372.83,346.9,73.71,378.87,12.093,32.363,236.79,678.05,108.51,63.024,218.27,410.061,294.627,34.276,18.9429,547.409,952.648,613.611,409.581,105.413
194.46,44307,27291,29105,4134.1,27291,375.66,349.33,73.944,381.17,12.24,32.575,236.45,680.54,107.8,62.828,219.67,413.082,296.732,34.0087,19.0252,551.155,947.541,620.008,416.262,104.765
194.26,44412,27433,29227,4164.7,27433,376.57,350.11,74.406,378.96,12.335,32.743,235.87,679.77,109.41,62.869,219.78,414.347,299.513,34.2932,19.2886,554.475,948.996,624.096,408.229,106.133
195.19,44581,27440,29309,4163.4,27440,377.98,351.37,74.546,381.28,12.365,32.999,236.3,682.54,108.35,63.395,220.39,415.231,300.352,34.3017,19.2782,556.184,957.623,622.201,408.228,105.204
193.51,44059,27242,29058,4123.9,27242,373.26,346.59,74.476,377.15,12.073,32.199,234.64,668.51,110.15,61.631,218.07,410.412,292.623,34.1842,18.8206,543.916,929.473,609.471,411.686,106.85
193.56,44260,27379,29185,4147.9,27379,374.3,348.75,73.774,378.8,12.234,32.483,236.94,680.76,110.23,62.869,219.15,412.121,295.798,34.2178,18.9934,549.119,952.99,620.237,410.761,106.878
195.18,44390,27294,29192,4127.7,27294,376.48,349.94,74.002,383.19,12.256,32.712,236.62,682.33,107.59,63.111,220.14,413.578,295.611,34.1398,18.8562,549.888,952.938,620.57,414.589,104.594
194.07,44477,27341,29191,4150.1,27341,377.1,349.45,74.707,377.55,12.225,32.832,235.14,676.84,109.16,62.843,219.63,414.978,297.901,34.1618,19.2195,551.027,946.834,615.812,408.844,105.931
192.85,44193,27205,29018,4119.9,27205,372.77,345.89,73.709,377.15,12.059,32.206,235.41,675.25,109.48,62.693,217.81,410.211,292.989,33.7577,18.8643,544.406,936.094,614.796,418.943,106.273
192.4,44086,27107,29165,4107.7,27107,372.22,344.79,74.098,374.78,11.97,32.146,235.34,669.86,109.3,62.127,217.72,409.328,291.873,34.3164,18.8738,541.63,935.334,611.12,406.139,106.131
195.61,44346,27474,29194,4161.6,27474,377.62,352.09,74.355,383.29,12.427,32.818,236.29,682.53,108.71,62.567,220.83,415.654,299.178,34.3898,19.104,555.571,953.119,625.517,410.966,105.52
194.55,44546,27310,29151,4141.2,27310,376.95,349.84,74.345,380.09,12.208,32.865,235.72,680.42,107.91,63.39,219.65,414.203,297.83,33.852,19.1421,551.898,953.081,612.463,416.228,104.853
194.49,44332,27378,29160,4154.5,27378,376.19,350.76,74.342,379.95,12.263,32.767,235.74,679.63,108.45,62.554,219.9,414.795,299.154,34.2663,19.2442,554.276,957.595,611.335,410.741,105.302
194.92,44205,27320,29071,4135.8,27320,376.17,349.78,74.419,381.33,12.257,32.559,235.45,676.21,108.45,62.017,219.86,414.062,296.004,34.2017,18.947,550.14,940.238,617.701,414.135,105.34
193.89,44215,27245,29175,4127.3,27245,374.49,347.84,74.258,378.67,12.138,32.445,235.99,674.7,108.75,62.359,218.95,411.768,294.84,34.2996,18.9582,547.42,943.209,614.186,409.201,105.612
192.71,44346,27295,29323,4147.2,27295,374.16,347.28,74.365,374.47,12.119,32.573,235.81,675.08,109.95,62.828,218.48,412.131,296.953,34.5135,19.258,548.884,952.391,613.382,400.218,106.634
193.96,44166,27144,29236,4108.5,27144,373.94,347.29,73.931,379.94,12.103,32.374,236.62,676.38,107.29,62.508,219.12,410.705,293.825,34.4395,18.8624,546.282,946.992,616.518,407.397,104.358
193.7,44196,27331,29206,4146.7,27331,374.4,348.56,74.194,378.15,12.223,32.435,235.56,676.12,109.19,62.373,219.11,411.361,297.284,34.3818,19.1618,551.217,945.506,618.799,406.889,105.966
193.52,44113,27234,29010,4121.4,27234,373.34,346.78,74.218,377.86,12.07,32.229,234.89,671.17,109.83,62.009,218.15,410.279,292.554,33.9318,18.7938,544.028,932.567,609.135,416.548,106.573
193.38,44325,27205,29137,4118.1,27205,373.81,346.86,74.026,377.76,12.032,32.459,235.62,675.66,109.26,62.976,218.28,410.904,292.858,33.9368,18.8266,543.928,947.213,606.894,414.414,106.081
193.81,44253,27226,29123,4124,27226,374.46,348.48,74.142,378.7,12.079,32.538,235.62,676.16,108.52,62.569,219.05,411.653,294.655,34.0774,18.9456,546.996,952.921,603.715,412.786,105.415
193.94,44341,27292,29083,4140,27292,375.57,348.66,74.796,377.15,12.105,32.671,234,672.23,109.28,62.262,218.76,414.102,296.287,34.0521,19.1135,548.773,944.281,601.881,412.555,106.055
195.13,44289,27202,28955,4117.9,27202,377.24,350.09,74.49,381.65,12.173,32.703,234.27,676.33,106.74,62.182,220.24,414.811,295.648,33.8066,18.9396,549.204,941.709,608.967,420.565,103.859
195.33,44276,27337,29053,4142.2,27337,377.38,351.5,74.569,381.99,12.28,32.778,234.99,677.99,107.6,62.084,220.57,415.415,298.071,34.137,19.0958,553.239,949.416,611.239,415.036,104.577
194.73,44213,27166,29038,4107.4,27166,374.72,348.54,73.608,383.3,12.164,32.405,236.84,680.42,106.22,62.8,219.51,411.111,294.504,33.8242,18.8071,548.698,945.054,617.426,421.698,103.422
194.48,44292,27286,29263,4134.3,27286,374.9,348.78,74.043,380.98,12.22,32.565,236.96,679.37,107.7,62.788,219.32,412.853,296.954,34.4513,19.0533,551.487,952.227,619.32,408.345,104.678
194.49,44178,27370,29132,4144.2,27370,374.34,349.39,73.885,381.56,12.268,32.418,236.52,679.33,108.92,62.478,219.28,411.65,296.609,34.1963,18.9817,551.683,948.02,619.096,414.301,105.736
194.82,44382,27424,29176,4160.2,27424,377.37,350.68,75.18,378.63,12.272,32.815,234.15,673.04,109.91,62.175,219.86,414.254,298.15,34.2889,19.1812,552.086,943.137,610.805,407.57,106.571
193.66,44085,27219,29032,4122.8,27219,374.06,347.8,74.099,378.49,12.114,32.348,235.33,674.23,108.67,61.846,218.9,412.84,294.31,34.1818,18.9283,546.7,940.973,611.173,413.494,105.555
193.99,44236,27216,29076,4114.6,27216,374.57,347.91,73.853,380.15,12.115,32.44,236.03,678.03,108.75,62.686,219.15,411.787,292.588,33.9576,18.7218,544.425,945.529,613.777,416.803,105.637
195.52,44250,27330,29089,4138.8,27330,377.12,351.13,74.666,382.41,12.272,32.729,235.37,676.47,107.65,61.96,220.39,414.981,297.393,34.2616,19.0265,552.445,946.593,611.769,413.4,104.628
193.96,44146,27212,29199,4117.2,27212,373.75,347.04,73.993,379.77,12.143,32.29,235.98,675.21,108.52,62.374,218.8,410.558,293.426,34.3734,18.813,545.88,939.39,620.61,409.183,105.431
195.53,44311,27396,29106,4149.6,27396,377.51,351.9,74.073,383.93,12.395,32.785,236.79,684.1,107.41,62.561,220.92,416.286,299.083,34.2208,19.1016,555.616,953.611,624.861,415.471,104.4
195.54,44453,27306,29107,4138.3,27306,378.59,351.35,74.684,382.19,12.288,32.938,235.56,679.32,106.89,62.655,220.77,416.188,298.415,34.0503,19.1243,553.385,948.305,615.572,415.111,103.962
194.94,44447,27327,29199,4139.4,27327,376.8,349.83,74.586,380.7,12.223,32.79,235.67,677.57,108.42,62.888,219.72,413.808,296.706,34.1477,19.0204,550.551,948.747,613.492,411.928,105.303
195.22,44301,27223,29153,4123.5,27223,377.59,350.07,74.727,381.31,12.229,32.738,235.84,675.61,106.81,62.171,220.55,414.453,296.463,34.3229,19.0131,550.216,942.073,616.809,409.689,103.908
192.95,44308,27274,29187,4137.1,27274,373.84,346.73,74.466,375.12,12.066,32.445,234.58,671.85,110.42,62.628,218.02,410.717,294.61,34.1355,19.0428,545.761,941.347,608.558,408.036,107.059
194.51,44287,27238,28993,4126,27238,376.93,349.59,74.561,379.59,12.175,32.656,234.74,675.1,108.01,62.189,220.01,414.008,295.481,33.871,18.9799,548.25,939.273,611.298,417.053,104.966
195.1,44414,27367,29269,4144.9,27367,376.51,350.69,73.909,383.06,12.333,32.776,237.7,684.95,107.6,63.276,220.33,414.131,298.268,34.3308,19.0686,553.997,959.98,624.541,410.896,104.577
194.82,44197,27292,29240,4129.4,27292,375.05,349.54,73.894,382.53,12.251,32.527,237.03,680.68,107.76,62.541,219.93,412.595,295.8,34.5135,18.9004,550.346,954.228,620.705,408.725,104.738
193.13,44153,27230,29099,4124.7,27230,372.9,346.68,74.142,376.79,12.038,32.293,234.99,672.29,109.83,62.254,217.99,410.381,293.265,34.0993,18.8902,544.619,942.039,605.582,412.199,106.568
193.89,44486,27274,29152,4133.5,27274,375.8,348.54,74.157,378.65,12.14,32.732,235.52,679.46,108.7,63.347,219.11,413.462,295.819,33.8851,19.0273,548.394,951.925,611.808,415.127,105.556
194.09,44256,27249,29004,4127.2,27249,375.13,347.98,74.104,379.76,12.183,32.411,235.53,676.09,108.28,62.536,219,411.935,295.278,33.7696,18.9609,548.591,933.526,619.427,419.92,105.201
194.83,44187,27234,29051,4120.1,27234,375.18,349.42,73.904,382.65,12.196,32.481,236.18,679.1,107.07,62.421,219.75,412.291,295.354,34.0069,18.8782,549.739,947.042,614.497,418.35,104.147
193.99,44432,27354,29127,4153.6,27354,376.11,349.08,74.633,377.61,12.208,32.715,234.45,675.61,109.12,62.752,218.99,414.03,298.521,33.9962,19.2727,552.412,943.813,612.473,412.885,105.89
193.76,44262,27269,29108,4135.6,27269,375.12,347.79,74.538,377.44,12.152,32.49,235.02,672.79,109.05,62.231,218.77,412.942,295.899,34.1478,19.0814,548.52,936.119,614.5,411.182,105.865
193.95,44287,27387,29060,4159.7,27387,375.79,349.41,74.801,377.12,12.226,32.604,234.25,672.72,109.74,62.064,219.02,413.7,298.654,34.0577,19.2925,552.736,938.795,610.583,412.357,106.427
193.15,44056,27281,29097,4135.4,27281,372.83,347.29,74.372,376.19,12.065,32.287,234.18,670.34,110.38,61.664,218.1,411.255,294.211,34.3368,18.9767,545.987,942.637,603.071,408.539,107.034
193.83,44127,27201,29060,4115.2,27201,373.82,347.04,74.127,379.06,12.098,32.26,234.98,672.89,108.86,62.153,218.61,410.257,292.764,34.0284,18.7826,544.649,933.947,613.862,415.11,105.737
192.99,44424,27266,29106,4132.9,27266,374.36,346.76,74.149,376.07,12.075,32.503,234.75,675.6,110.15,63.23,218.1,411.159,294.161,33.7214,18.9738,545.265,941.506,611.541,416.026,106.834
194.26,44429,27338,29260,4142.1,27338,376.05,349.09,73.914,380.44,12.284,32.687,236.95,683.04,108.59,63.333,219.74,413.954,296.926,34.2705,19.0458,550.925,952.274,628.114,409.936,105.453
194.11,44249,27229,29181,4124.6,27229,375.17,348.62,74.315,379.13,12.133,32.556,235.73,675.63,108.24,62.435,219.44,412.036,295.048,34.284,18.9636,547.657,948.441,610.755,408.969,105.173
194.13,44251,27311,29118,4139.2,27311,375.43,348.52,74.463,378.72,12.204,32.522,234.92,674.6,109.18,62.213,219.14,413.498,296.006,34.2204,19.0349,549.188,938.846,616.993,411.28,105.975
195.12,44426,27352,29323,4145.5,27352,376.98,350.98,74.285,381.97,12.299,32.886,237.05,682.56,107.6,63.031,220.5,414.817,298.557,34.542,19.1306,553.759,963.26,618.484,405.593,104.573
194.44,44203,27219,29084,4123.2,27219,375.34,349.05,74.376,380.06,12.137,32.542,235.2,674.81,107.57,62.124,219.49,412.724,295.622,34.1508,18.9884,548.985,945.489,607.689,413.31,104.579
192.74,44005,27252,29117,4127.9,27252,371.87,345.58,74.269,375.35,12.04,32.094,234.42,668.45,111.04,61.634,217.47,409.967,292.314,34.3825,18.8511,542.99,932.904,609.772,407.38,107.617
192.45,43915,27007,29109,4085.1,27007,370.49,343.84,73.528,376.85,11.914,31.876,235.64,670.7,108.06,62.008,217.4,407.02,289.864,34.2337,18.6718,539.742,934.163,611.037,410.796,105.079
194.78,44370,27281,29162,4134.1,27281,376.88,349.61,74.588,380.29,12.222,32.722,235.05,676.56,107.86,62.575,219.91,413.875,296.797,34.1794,19.0579,550.533,944.088,616.088,411.352,104.818
193.22,44029,27000,29110,4085.3,27000,372.95,345.69,74.116,377.38,11.926,32.204,235.05,670.01,107.29,61.859,218.5,409.544,290.822,34.2785,18.731,540.704,938.713,604.242,409.03,104.402
193,44322,27212,29295,4130.1,27212,373.88,346,74.633,374.87,12.051,32.455,235.13,670.38,109.42,62.601,217.94,410.918,295.042,34.4337,19.1076,546.172,939.65,611.822,402.062,106.199
194.59,44118,27330,29098,4134.7,27330,374.63,349.42,73.785,382.21,12.277,32.366,236.31,679.7,108.55,62.32,219.7,411.438,295.567,34.1812,18.8827,550.266,944.796,622.918,414.994,105.425
193.8,44283,27220,29142,4121.3,27220,374.16,347.26,73.907,379.42,12.128,32.402,236.19,677.23,108.34,62.907,218.67,410.911,294.361,34.0064,18.9015,547.023,942.335,617.44,414.734,105.266
193.46,44281,27228,29173,4118.2,27228,373.18,346.54,73.637,379.15,12.091,32.334,236.47,678.38,109.27,63.16,218.25,410.081,292.606,34.0072,18.7553,544.359,946.049,616.77,414.719,106.092
194.15,44254,27380,29236,4142.7,27380,374.12,348.3,73.867,380.49,12.248,32.432,236.65,679.61,110.07,62.806,218.9,412.032,294.908,34.3699,18.8622,548.517,948.157,623.66,410.068,106.745
194.09,44300,27328,29279,4145.3,27328,374.78,349.01,74.346,378.84,12.189,32.619,235.97,676.88,108.79,62.615,219.12,412.683,297.48,34.5053,19.1537,551.468,955.238,611.572,405.1,105.622
193.75,44332,27341,29260,4137.8,27341,373.57,347.95,73.629,379.9,12.182,32.458,237.05,681.34,109.82,63.379,218.65,410.46,294.63,34.1776,18.8694,547.786,955.69,618.423,411.499,106.537
195.26,44585,27439,29234,4155.3,27439,377.73,351.73,73.738,383.8,12.399,32.967,237.58,689.93,108.04,63.949,220.76,415.479,299.05,34.0199,19.0836,555.192,965.229,628.064,416.005,104.948
194.13,44385,27213,29180,4124.3,27213,375.38,348.64,74.182,379.45,12.11,32.685,235.88,678.22,107.5,62.981,219.25,413.099,295.988,34.1075,19.0381,549.013,954.685,607.902,412.293,104.518
194.11,44283,27369,29212,4143.4,27369,375.14,348.74,74.082,379.63,12.256,32.516,236.22,678.84,110.05,62.719,219.37,412.535,295.195,34.3135,18.915,548.352,945.957,623.849,409.353,106.724
193.58,44139,27244,29034,4125.1,27244,373.82,347.71,74.018,378.49,12.11,32.332,234.82,674.81,109.19,62.206,218.71,411.271,293.918,33.9927,18.8871,546.188,941.214,610.678,415.707,106.008
193.02,44172,27197,29037,4119.5,27197,373.15,346.37,74.074,376.66,12.032,32.26,234.66,672.37,109.53,62.374,218.03,409.889,292.939,33.8655,18.8768,544.025,936.669,608.172,415.803,106.312
192.76,44134,27238,29170,4118.5,27238,371.54,345.95,73.696,376.91,11.99,32.218,235.74,674.85,110.97,62.605,217.61,409.379,290.651,34.2044,18.6567,540.78,951.221,604.484,410.763,107.574
194.26,44269,27421,29088,4157.8,27421,376.36,350.31,74.368,379.2,12.314,32.624,235.45,678.14,109.9,62.305,219.94,414.074,297.697,34.1366,19.1289,551.951,944.212,620.551,412.432,106.572
194.91,44239,27221,29150,4120.1,27221,375.65,349.52,74.176,382.03,12.174,32.615,236.35,678.19,106.89,62.392,219.86,413.551,295.7,34.298,18.9293,549.715,951.993,611.432,412.347,103.993
193.16,44101,27146,29078,4111.2,27146,372.66,346.11,74.079,377.19,12.008,32.19,235.04,671.14,108.71,62.179,218.01,408.944,292.789,34.0329,18.8653,544.078,936.762,606.956,413.254,105.604
192.92,43899,27198,28973,4121.4,27198,372.69,345.98,74.466,375.49,12.054,32.038,233.49,665.93,110.08,60.981,217.97,410.403,292.711,34.2227,18.8995,543.62,922.357,610.624,410.897,106.789
194.62,44289,27267,29241,4129,27267,375.22,348.58,74.241,380.9,12.201,32.558,236.63,677.3,107.87,62.625,219.33,412.76,295.896,34.414,18.9691,549.748,946.938,618.415,408.804,104.842
195.57,44610,27494,29098,4171.9,27494,379.19,352.85,74.359,382.89,12.452,33.071,236.11,686.03,107.96,63.434,220.96,417.032,301.922,33.786,19.3444,559.206,954.808,624.676,419.798,104.845
193.47,44204,27178,29207,4121.6,27178,374.58,347.58,74.167,377.61,12.126,32.424,235.5,675.07,107.85,62.467,219.26,410.663,295.477,34.3241,19.0692,547.855,943.442,617.282,406.308,104.831
193.41,44281,27223,29164,4125.6,27223,373.85,347.55,74.159,377.44,12.05,32.487,235.49,674.99,108.95,62.732,218.5,410.855,294.528,34.0914,18.9774,546.42,950.761,604.243,411.169,105.792
195.7,44513,27449,29161,4170.1,27449,379.6,353.16,75.086,381.3,12.394,33.149,234.68,679.66,107.57,62.494,221.14,418.294,302.51,34.2734,19.4601,559.267,954.966,614.295,410.137,104.506
192.38,44080,27231,29212,4131.8,27231,372.18,345.23,74.457,373.65,12.033,32.17,234.41,667.71,110.71,61.828,217.44,409.977,293.719,34.5335,19.033,544.28,933.898,611.553,401.698,107.325
193.63,44247,27295,29172,4138,27295,374.35,346.99,74.651,376.77,12.136,32.405,234.38,670.58,110.02,62.191,218.22,411.818,295.006,34.2868,19.0187,547.111,933.038,614.905,408.071,106.711
191.61,44008,27080,29182,4099.3,27080,369.27,342.45,73.755,373.58,11.844,31.862,235.7,667.57,110.46,62.27,216.09,406.342,289.216,34.2605,18.698,537.705,934.358,605.028,407.358,107.168
195.04,44235,27301,29077,4129.8,27301,376.23,350.3,74.368,381.8,12.206,32.659,235.64,677.4,108.37,62.153,220.05,414.332,295.095,34.1794,18.8557,548.713,949.874,609.344,414.668,105.279
193.23,44282,27319,29147,4134,27319,372.87,346.16,73.67,378.3,12.146,32.269,236.5,677.8,110.64,63.09,217.74,410.728,293.185,33.9819,18.8059,545.225,939.469,622.482,415.71,107.265
192.82,44172,27204,29076,4124,27204,372.75,346.11,74.287,375.45,11.993,32.295,234.59,670.32,109.8,62.19,217.61,410.671,293.483,34.0416,18.9612,544.402,939.423,602.325,412.302,106.543
194.46,44125,27237,29301,4123.7,27237,374.36,348.5,74.201,380.66,12.183,32.428,236.74,675.74,107.82,62.159,219.52,411.139,295.232,34.7388,18.9319,548.831,949.407,617.384,402.642,104.801
194.23,44350,27505,29151,4177,27505,376.87,350.92,74.398,378.85,12.409,32.697,235.55,680.06,110.15,62.612,220.11,414.202,300.363,34.1815,19.3442,555.947,945.236,627.69,410.277,106.753
194.75,44550,27334,29153,4141.7,27334,376.87,350.31,74.198,381.09,12.218,32.891,236.23,682.27,108.05,63.517,219.78,414.203,297.509,33.835,19.0741,551.806,958.287,611.14,417.462,104.974
192.17,44284,27110,29197,4108.5,27110,371.61,344.02,73.954,374.39,11.894,32.249,235.62,671.64,109.47,62.999,216.79,409.28,291.823,34.0509,18.8801,541.322,942.608,604.093,410.172,106.28
193.46,44050,27268,29024,4129.8,27268,373.04,347.19,73.816,378.75,12.162,32.154,235.41,674.88,109.28,62.072,218.45,410.268,294.477,34.0265,18.9247,547.576,934.68,618.972,416.069,106.077
193.91,44350,27290,29125,4134.7,27290,375.36,348.69,74.332,378.34,12.13,32.646,235.01,676.53,109.31,62.696,219.08,413.399,295.185,34.0547,18.9792,547.513,949.833,607.892,413.004,106.095
193.72,44270,27233,29111,4126.4,27233,374.79,347.79,74.595,377.18,12.06,32.539,234.46,671.83,109.31,62.251,218.66,412.465,294.173,34.121,18.9488,545.623,943.043,603.313,411.117,106.107
194.74,44406,27407,29212,4150.9,27407,375.95,349.71,74.095,381.46,12.313,32.658,236.15,681.39,109.14,63.13,219.56,413.29,297.283,34.1593,19.0237,552.164,949.13,624.406,413.18,105.919
193.82,44127,27248,29094,4126.9,27248,374.2,347.43,74.374,378.25,12.14,32.301,234.84,671.7,109.24,61.961,218.73,410.754,294.155,34.1789,18.9142,546.484,932.647,615.44,411.492,106.05
193.09,44111,27207,29012,4120.9,27207,372.61,346.2,73.932,377.35,12.056,32.166,234.45,672.63,109.32,62.24,217.83,409.814,293.349,33.8783,18.8904,545.184,934.305,610.895,417.328,106.128
193.55,44270,27283,29295,4133.1,27283,373.5,347.69,73.94,378.41,12.121,32.483,237.02,677.95,109.36,62.885,218.63,411.29,294.882,34.4637,18.9578,547.44,956.926,612.226,405.653,106.14
193.93,44198,27201,29159,4121.9,27201,374.56,347.92,74.526,378.1,12.073,32.502,234.82,672.12,108.34,62.051,218.88,412.403,294.712,34.3586,18.9782,546.851,945.293,604.959,407.906,105.261
193.65,44059,27149,29104,4107.1,27149,373.08,346.9,74.091,378.68,12.021,32.269,235.41,672.29,108.5,61.922,218.52,410.629,292.146,34.2775,18.7578,543.485,943.03,605.241,411.155,105.431
193.2,44202,27140,29162,4105.9,27140,372.76,346.5,73.739,378.14,11.983,32.354,236.18,676.2,108.64,62.779,218.28,410.18,291.846,34.1251,18.7495,542.63,952.927,604.348,412.12,105.56
194.04,44406,27279,29252,4134.7,27279,375.08,348.69,74.386,378.57,12.111,32.703,235.83,676.74,108.79,62.991,218.98,412.378,295.886,34.2433,19.0359,548.619,956.776,605.257,408.5,105.639
194.07,44272,27311,29194,4143,27311,375.43,348.51,74.27,379.05,12.264,32.492,235.81,676.79,108.45,62.543,219.35,412.346,297.606,34.2946,19.1651,551.834,939.078,626.045,408.899,105.32
193.64,44223,27325,29108,4135,27325,373.41,347.56,73.834,379.1,12.15,32.347,236.14,677.34,110.18,62.705,218.35,411.12,293.859,34.0178,18.8359,546.486,944.816,614.782,415.738,106.855
195.25,44502,27460,29252,4159.3,27460,377.2,352,73.695,383.96,12.417,32.894,237.72,689.56,108.13,63.733,220.8,414.523,299.526,34.1398,19.1157,556.228,966.809,627.558,414.121,105.018
196.82,44510,27438,29244,4151.1,27438,379.97,353.36,74.472,386.59,12.493,33.083,237.13,686.1,106.89,63.017,221.98,417.532,299.484,34.3831,19.0272,556.618,955.771,631.518,411.909,103.934
194.65,44372,27385,29309,4151.6,27385,376.54,349.93,74.441,380.16,12.319,32.709,236.43,679.07,109,62.801,220.06,413.206,297.851,34.5102,19.1202,552.297,949.236,625.556,404.391,105.79
194.66,44292,27376,29038,4145.4,27376,375.91,349.76,73.96,381.72,12.314,32.54,235.45,680.81,108.75,62.698,219.68,413.513,296.989,33.883,19.003,551.984,941.784,624.908,419.657,105.583
192.55,44079,27242,29013,4129.7,27242,372.25,345.84,74.137,375.08,12.035,32.138,234.35,670.02,110.58,61.966,217.49,409.882,293.308,33.9598,18.9493,544.35,932.487,608.091,414.185,107.216
192.75,44117,27181,29046,4116.8,27181,372.63,345.69,74.141,375.67,11.991,32.226,234.69,670.68,109.96,62.046,217.67,411.147,292.105,34.0659,18.8416,542.375,936.464,605.923,413.003,106.699
193.92,44232,27236,29031,4125,27236,375.08,348.43,74.137,379.08,12.135,32.489,235.36,676.19,108.5,62.395,219.23,412.569,294.756,33.9253,18.9392,547.34,942.845,611.529,416.594,105.396
194.35,44315,27292,29169,4135.5,27292,375.73,348.68,74.385,379.59,12.203,32.612,235.92,676.58,108.52,62.496,219.3,414.247,296.212,34.2906,19.0287,549.625,944.116,617.402,410.528,105.399
194.21,44330,27172,29104,4111.3,27172,374.99,347.85,73.767,381.05,12.133,32.496,236.45,679.84,107.13,63.121,219.22,411.709,294.227,33.8606,18.8495,547.147,945.409,617.734,418.34,104.219
192.95,44212,27287,29187,4133.7,27287,373.25,346.52,74.28,375.72,12.075,32.343,235.27,672.3,111.03,62.402,218.02,410.708,293.078,34.2717,18.8878,543.815,941.277,611.054,407.335,107.604
193.74,44146,27222,29143,4125.7,27222,373.87,347.39,73.927,379.2,12.165,32.331,236.03,676.36,107.93,62.302,218.8,412.155,295.689,34.3161,19.026,549.155,941.189,620.384,410.844,104.897
195.02,44512,27330,29301,4142.6,27330,377.33,350.11,74.515,381.05,12.275,32.873,236.06,680.07,107.79,63.218,220.11,414.089,298.03,34.3217,19.1212,552.523,952.784,620.25,407.865,104.741
194.04,44303,27288,29231,4130.6,27288,374.47,348.88,73.877,380.03,12.146,32.6,236.64,680.4,108.89,62.962,219.27,412.364,294.844,34.2985,18.897,547.775,961.181,610.209,409.921,105.731
195.33,44409,27392,29085,4150.7,27392,377.67,351.45,74.414,382.16,12.325,32.85,235.27,680.98,108.13,62.701,220.45,415.766,298.566,34.0082,19.1138,554.003,950.776,616.984,416.811,105.026
194.23,44155,27232,29157,4120.4,27232,374.25,348.58,73.945,380.65,12.141,32.436,236.19,677.48,108.16,62.369,219.36,411.512,294.229,34.3001,18.8455,547.282,950.956,611.893,411.247,105.113
193.98,44311,27281,29169,4130.8,27281,374.39,347.88,73.773,380.25,12.2,32.43,236.43,679.78,108.57,63.124,218.92,410.911,295.309,34.0159,18.9371,548.872,944.725,622.69,414.855,105.452
193.92,44077,27251,29002,4122.9,27251,374.03,347.69,74.09,379.41,12.147,32.252,235.25,673.63,109.27,61.914,218.85,411.084,293.283,34.0031,18.801,545.692,933.347,615.559,416.743,106.078
194.88,44318,27276,29161,4130.2,27276,376.36,349.82,74.304,381.42,12.216,32.711,236.22,678.82,107.61,62.535,219.97,414.706,296.339,34.2831,18.9836,550.324,951.299,614.397,411.855,104.603
195.58,44548,27414,29395,4156.8,27414,377.91,351.62,74.335,383.12,12.397,32.996,237.36,684.96,107.32,63.472,220.8,415.131,300.464,34.5554,19.2373,557.026,963.067,626.961,404.888,104.308
192.27,43947,27121,29121,4106.1,27121,370.7,344.39,74.187,374.34,11.893,31.996,234.47,666.03,110.38,61.591,217.03,407.999,290.183,34.3567,18.7415,539.292,935.462,599.809,406.534,107.084
195.35,44323,27246,29054,4126.5,27246,378.19,351.31,74.487,382.26,12.251,32.85,235.42,679.37,106.54,62.291,221.06,416.022,297.098,34.0901,19.0278,551.411,949.842,613.554,415.221,103.668
195.32,44318,27348,29107,4141.5,27348,377.3,350.95,74.356,382.57,12.323,32.721,236.13,679.87,107.79,62.485,220.53,414.475,297.568,34.1278,19.0301,552.751,945.993,621.118,414.874,104.746
195.4,44563,27405,29388,4155.4,27405,378.22,351.04,74.508,382.08,12.39,32.984,237.05,683.15,107.83,63.379,220.7,415.454,299.718,34.5537,19.2077,555.384,956.233,629.934,403.965,104.754
194.44,44310,27346,29130,4144.9,27346,376.04,349.26,74.394,379.79,12.26,32.6,235.07,677.03,108.9,62.476,219.49,413.847,297.064,34.1677,19.0799,551.145,941.358,620.341,412.523,105.715
195.53,44524,27527,29419,4178.1,27527,378.03,352.35,74.546,382.25,12.473,33.009,237.03,684.12,108.6,63.225,220.86,415.36,302.082,34.7012,19.3696,559.38,962.632,629.052,401.579,105.396
194.92,44355,27274,29131,4134.2,27274,377.15,349.92,74.798,380.12,12.205,32.767,234.95,674.94,107.7,62.302,219.96,414.664,297.075,34.1948,19.0888,550.825,943.934,611.24,411.412,104.677
194.09,44291,27258,29311,4127.9,27258,374.77,347.82,74.47,378.63,12.132,32.551,235.79,674.34,109.06,62.548,218.98,411.93,294.469,34.5745,18.9197,546.607,947.821,613.69,403.178,105.883
193.73,44061,27252,28966,4123.5,27252,373.67,347.93,73.873,379.43,12.133,32.252,235.44,675.31,109.22,61.988,218.85,411.178,293.445,33.9161,18.8147,546,938.801,612.427,418.746,106.038
193.28,44274,27064,29099,4089.4,27064,372.58,345.21,73.424,379.4,11.957,32.266,237.06,677.66,107.72,63.287,217.86,409.544,290.424,33.7647,18.6105,540.923,944.624,610.603,419.746,104.776
194.87,44318,27423,29274,4152.8,27423,376.17,350.44,73.99,382.12,12.373,32.658,237.41,683.13,109.02,62.877,220.26,413.753,297.615,34.4882,19.0254,552.895,953.771,629.748,407.848,105.807
192.56,44080,27130,29286,4110.2,27130,371.83,345.62,73.954,375.61,11.968,32.236,236.1,672.44,109.23,62.287,218.01,409.046,292.171,34.6111,18.8646,542.327,951.395,606.272,400.747,106.063
195,44456,27388,29212,4154.5,27388,378.37,350.99,74.987,379.57,12.302,32.964,234.71,677.11,108.85,62.451,220.45,416.954,298.585,34.4086,19.1955,552.658,948.796,616.82,406.57,105.657
193.95,44164,27245,29037,4118.9,27245,373.64,347.7,73.581,380.87,12.143,32.31,235.93,679.03,108.76,62.615,218.8,411.432,293.109,33.918,18.7394,545.909,944.214,616.591,419.555,105.643
193.34,44260,27267,29117,4132.3,27267,374.19,347.3,74.268,376.91,12.106,32.417,235.1,673.75,109.82,62.536,218.47,411.073,294.384,34.0291,18.9686,546.127,940.115,611.816,412.152,106.549
194.52,44489,27418,29168,4159.4,27418,377.2,350.33,74.495,379.47,12.304,32.834,235.43,679.82,109.33,63.035,219.83,414.904,298.683,34.0524,19.2019,553.169,948.816,619.564,412.701,106.072
195.48,44397,27348,29252,4145.2,27348,377.51,351.27,74.204,383.38,12.368,32.833,237.02,683.4,106.67,62.934,220.81,415.066,299.584,34.4067,19.1779,555.981,955.369,626.22,409.63,103.752
193.4,44196,27233,29063,4130.4,27233,374.29,347.94,74.144,377.45,12.113,32.427,235.31,674.88,108.6,62.312,218.83,411.849,295.777,34.0242,19.0842,548.464,943.593,609.891,413.502,105.476
193.43,44123,27164,29267,4106.4,27164,372.2,345.83,73.856,378.62,12.017,32.235,236.62,674.16,109.18,62.469,218.05,409.75,291.061,34.5239,18.6604,541.849,947.451,611.12,406.059,106.031
194.06,44428,27348,29239,4142.8,27348,375.64,348.76,74.245,378.94,12.207,32.674,236.29,678.89,109.76,63.143,219.24,412.829,295.634,34.1824,18.9788,548.429,950.42,617.636,409.868,106.476
193.55,44147,27236,29080,4119.8,27236,373.5,347.29,73.552,379.72,12.15,32.257,236.52,678.71,109,62.655,218.84,410.418,293.137,33.9928,18.7824,545.53,942.19,620.905,416.279,105.851
193.9,44361,27160,29208,4115,27160,375.32,348.11,74.149,378.86,12.073,32.676,236.19,677.94,107.36,62.906,219.32,413.487,294.875,34.2415,18.9758,546.91,955.345,608.412,409.546,104.41
193.34,44183,27237,29184,4132.1,27237,374.9,347.72,74.942,375.06,12.07,32.511,234.03,668.45,109.84,61.713,218.89,412.223,294.679,34.4873,19.0599,545.562,940.342,604.867,402.035,106.566
194.13,44385,27321,29289,4147.8,27321,375.19,349.07,74.468,378.57,12.186,32.701,235.78,676.81,108.29,62.837,219.05,412.923,298.651,34.4207,19.2651,553.03,955.313,610.505,405.664,105.171
193.33,44272,27294,29108,4131.6,27294,373.03,346.81,73.768,378.36,12.108,32.328,235.82,677.15,110.06,62.97,217.93,410.59,293.672,33.896,18.8543,545.905,943.953,613.781,417.009,106.757
193.85,44115,27197,29175,4117.7,27197,373.85,347.49,74.44,378.16,12.054,32.404,235.27,671.4,108.82,61.837,218.72,411.924,293.375,34.4991,18.8631,544.987,945.035,604.918,406.362,105.69
194.42,44321,27270,29108,4128.8,27270,375.69,349.17,74.282,380.09,12.153,32.645,235.6,677.32,108.45,62.61,219.45,413.471,295.178,34.0546,18.9288,548.157,949.532,609.156,414.63,105.348
194,44281,27340,29063,4140.7,27340,375.04,348.48,73.959,379.73,12.241,32.452,235.58,678.72,109.44,62.732,219.09,412.463,295.672,33.9022,18.9655,549.26,939.605,622.839,417.612,106.197
193.33,44171,27302,29134,4135,27302,373.05,346.75,73.72,378.54,12.192,32.184,235.8,676.76,109.78,62.717,218.28,409.259,294.568,34.0429,18.9274,547.593,935.534,625.904,413.923,106.51
193.17,44180,27069,29138,4095.3,27069,372.94,345.97,74.004,377.39,11.924,32.336,235.52,672.81,108.16,62.503,218.2,409.979,291.079,34.1156,18.7291,541.026,947.229,600.741,411.471,105.152
193.83,44315,27281,29187,4125.6,27281,373.55,347.88,73.457,380.7,12.142,32.442,237.16,682.15,109.08,63.402,218.74,410.501,293.692,33.9951,18.7813,546.574,956.235,615.646,415.827,105.906
193.35,44238,27347,29107,4150,27347,373.92,347.71,74.342,376.7,12.165,32.394,234.47,673.39,110.14,62.37,218.22,411.458,296.692,34.0716,19.1533,549.912,938.931,613.046,412.122,106.792
194.24,44449,27320,29317,4138.2,27320,375.77,348.97,74.21,379.57,12.201,32.735,236.49,680.06,109.05,63.283,219.5,412.848,295.842,34.3549,18.9841,548.822,956.43,617.306,406.676,105.856
194.75,44584,27482,29255,4175.7,27482,377.94,351.51,74.72,379.37,12.357,33.026,235.43,680.99,109.1,63.214,220.12,415.921,301.562,34.2158,19.4319,557.374,957.018,617.677,408.749,105.836
194.67,44430,27372,29092,4151.2,27372,377.02,350.79,74.296,380.48,12.277,32.82,235.47,680.97,108.38,62.919,220.05,414.923,298.624,33.9248,19.1802,553.481,952.963,614.632,416.376,105.245
195.2,44485,27410,29294,4158.6,27410,378.59,351.42,74.802,380.61,12.366,33.007,235.97,680.25,108.38,62.726,220.82,417.139,299.703,34.5724,19.2512,554.726,953.737,623.634,403.876,105.232
194.74,44203,27259,29121,4127.4,27259,375.77,348.86,74.36,381.03,12.231,32.487,235.36,675.53,107.79,62.143,219.65,412.969,295.748,34.2619,18.9554,549.646,937.109,621.058,412.218,104.772
194.82,44372,27364,29103,4145.3,27364,377.02,350.02,74.529,380.51,12.278,32.716,235.31,677.63,108.97,62.553,219.9,414.595,296.853,34.0579,19.0286,550.86,942.13,619.035,414.461,105.774
195.39,44479,27449,29214,4159.4,27449,377.92,351.81,74.057,383.4,12.44,32.859,236.9,686.07,108.07,63.353,220.9,414.652,299.733,34.1258,19.1557,556.304,954.28,631.582,413.845,104.967
193.76,44337,27250,29219,4128,27250,374.09,347.39,73.898,379.21,12.136,32.489,236.7,678.57,108.46,63.098,218.57,411.894,295.245,34.1826,18.974,548.228,949.184,616.769,411.573,105.362
194.38,44365,27421,29189,4157.3,27421,375.69,350.17,74.314,379.69,12.261,32.703,235.55,679.18,109.71,62.799,219.47,413.399,297.798,34.1964,19.1211,552.271,954.653,613.191,411.205,106.402
192.64,44091,27226,28984,4130,27226,373.21,346.13,74.735,373.69,11.999,32.246,233.26,665.57,110.74,61.487,217.62,411.04,293.371,34.0029,19.0012,543.624,928.283,601.131,411.808,107.353
195.51,44510,27511,29174,4175.6,27511,378.83,352.26,74.648,381.9,12.469,32.97,235.89,682.31,108.63,62.882,220.76,417.027,301.711,34.1834,19.3544,558.681,948.144,628.572,412.627,105.431
192.97,44182,27247,29158,4122.9,27247,371.93,346.44,73.358,378.46,12.075,32.223,236.17,679.07,109.73,63.041,217.96,409.16,292.814,34.0398,18.7938,544.753,951.273,613.766,414.355,106.485
193.41,44202,27259,29135,4129.9,27259,373.01,347.14,73.5,379.38,12.167,32.26,236.97,679.41,108.54,62.963,218.44,409.802,295.426,34.0026,18.9883,549.086,944.533,621.685,415.395,105.424
193.87,44303,27258,29216,4129.9,27258,374.96,349.08,74.116,378.82,12.118,32.659,236.24,678.58,108.61,62.764,219.47,412.663,295.367,34.3052,18.9899,547.914,960.781,606.313,408.24,105.49
193.43,44273,27280,29184,4134.5,27280,373.9,347.17,74.152,377.51,12.133,32.399,235.55,674.98,109.61,62.72,218.39,410.743,294.926,34.1517,18.9932,547.282,941.802,615.739,410.362,106.358
194.63,44204,27251,29208,4126.8,27251,375.85,349.68,74.428,380.39,12.184,32.629,235.77,676.24,107.92,62.117,220.08,413.319,295.573,34.5251,18.9595,548.832,951.876,611.616,406.14,104.886
193.7,44159,27228,29230,4119.2,27228,373.55,347.2,73.874,379.21,12.125,32.34,236.16,676.72,109.06,62.503,218.85,410.928,293.044,34.4446,18.7911,544.995,946.991,617.938,407.39,105.904
193.37,44181,27256,28964,4126.8,27256,374.27,347.71,74.13,377.44,12.091,32.376,234.54,674.09,109.98,62.224,218.68,411.759,293.214,33.7781,18.853,544.577,938.659,608.384,418.482,106.696
194.23,44232,27399,29268,4155.2,27399,375.25,349.34,74.156,379.77,12.332,32.518,236.45,679.07,109.28,62.467,219.63,413.033,298.114,34.5911,19.1572,553.017,946.795,628.808,404.79,106.031
192.96,43980,27124,28974,4104,27124,372.31,346.37,73.843,377.22,11.975,32.128,234.61,671.84,109.04,61.816,218.25,409.392,291.201,33.9548,18.7334,541.694,939.787,602.763,416.058,105.91
193.99,44417,27202,29240,4121.4,27202,375.41,347.88,74.4,378.41,12.079,32.691,235.88,676.05,108.15,62.977,218.99,413.058,294.803,34.2349,18.9701,546.676,951.256,608.411,408.735,105.097
195.96,44616,27486,29338,4172.8,27486,379.67,352.78,74.989,382.28,12.448,33.198,236.25,682.2,107.84,63.052,221.12,418.124,302.33,34.5539,19.3983,559.274,958.07,624.103,404.748,104.74
193.12,44246,27223,29097,4119.9,27223,372.86,346.25,73.596,378.24,12.077,32.266,235.87,677.5,109.41,63.037,218.01,409.831,292.858,33.8423,18.8105,544.542,942.359,615.825,417.437,106.212
193.98,44334,27168,29226,4114.4,27168,374.52,347.41,74.235,379.02,12.056,32.555,236.15,675.46,107.72,62.851,218.74,411.753,294.265,34.2355,18.9185,546.347,949.622,607.979,409.749,104.73
192.71,44109,27039,29037,4100.2,27039,373.51,345.37,74.54,374.51,11.918,32.289,234.03,666.94,108.08,61.699,218.01,411.5,292.514,34.1218,18.9567,542.117,931.868,601.658,409.892,105.074
192.9,44190,27261,29205,4129.3,27261,372.86,346.4,74.093,376.12,12.062,32.318,235.62,673.48,110.57,62.472,218.02,410.52,293.029,34.3239,18.8799,543.92,944.822,610.958,406.994,107.204
194.76,44490,27344,29167,4145.8,27344,377.24,349.95,74.604,380.02,12.246,32.847,235.12,678.32,108.43,62.95,219.74,415.085,297.803,34.071,19.1309,551.879,947.868,615.466,413.031,105.304
194.15,44524,27354,29278,4148.5,27354,376.41,349.16,74.562,378.21,12.207,32.811,235.26,677.87,109.46,63.273,219.35,413.149,297.083,34.1862,19.1239,550.131,951.592,614.844,407.859,106.199
192.83,44152,27157,29141,4116.1,27157,372.99,345.91,74.207,375.72,12.009,32.264,234.92,670.98,109.17,62.256,218.03,409.824,293.146,34.1854,18.9373,543.867,938.225,608.68,408.784,105.999
192.65,44184,27249,29094,4127.4,27249,372.79,346.23,73.898,375.93,12.058,32.25,235.41,674.17,110.57,62.582,217.95,409.825,292.78,33.9711,18.8698,543.569,940.341,612.033,413.148,107.211
194.4,44393,27375,29250,4145.8,27375,375.86,349.45,73.963,380.76,12.293,32.66,236.79,682.38,109.17,63.195,219.74,413.316,296.606,34.2691,18.9966,550.705,952.611,625.764,410.247,105.951
192.88,44112,27146,29073,4110.4,27146,372.32,345.76,73.776,377.16,12.012,32.161,235.68,673.5,108.85,62.429,217.91,409.15,292.452,33.9776,18.8371,543.581,938.751,610.436,414.631,105.736
194.79,44451,27408,29040,4158.8,27408,376.75,350.83,74.21,381.23,12.318,32.757,235.6,681.4,108.08,63.096,219.74,413.941,300.114,33.6821,19.2781,556.372,948.453,617.111,421.415,104.972
195.54,44530,27473,29364,4162.5,27473,377.99,351.78,74.457,382.65,12.414,32.951,237.3,683.55,108.82,63.361,220.81,414.091,299.262,34.4521,19.1283,555.127,958.496,627.126,405.834,105.617
195.52,44353,27362,29155,4145.2,27362,377.54,351.43,74.293,383.31,12.352,32.806,236.35,681.94,107.22,62.622,220.72,415.605,298.799,34.264,19.1077,554.828,951.899,622.158,413.317,104.242
193.51,44014,27179,29212,4114.8,27179,372.64,346.95,74.136,378.07,12.048,32.237,235.39,671.86,108.76,61.819,218.54,409.812,293.051,34.5951,18.8481,544.782,946.171,607.409,404.439,105.65
193.99,44317,27290,29137,4137.3,27290,375.64,348.48,74.262,378.8,12.21,32.566,235.35,677.1,108.68,62.623,219.29,413.446,296.416,34.1373,19.0733,549.698,941.763,620.151,411.993,105.539
193.79,44299,27239,29290,4122.3,27239,374.01,346.7,74.256,378.4,12.105,32.428,236.57,674.34,109.42,62.798,218.44,410.656,293.145,34.3974,18.8202,544.673,942.617,616.782,406.189,106.216
194.9,44417,27387,29213,4152.7,27387,377.79,350.82,74.841,379.72,12.295,32.871,235.19,677.17,109.07,62.522,220.37,415.11,297.972,34.3428,19.1398,551.975,948.518,616.884,407.295,105.852
192.84,44045,27272,29171,4134.1,27272,372.63,346.37,74.337,375.35,12.089,32.182,234.77,669.71,110.77,61.771,218.03,409.794,293.635,34.4586,18.9575,544.854,936.005,612.668,404.463,107.373
194.76,44456,27376,29176,4153.8,27376,376.65,349.82,74.415,380.58,12.3,32.76,235.3,679.48,108.1,62.971,219.5,414.929,299.438,34.1207,19.2492,554.935,946.325,621.161,413.508,104.994
194.77,44205,27226,29187,4122,27226,375.72,349.41,74.397,380.94,12.164,32.627,235.93,676.21,107.44,62.079,219.88,414.186,295.435,34.5189,18.9384,548.823,951.414,610.414,407.824,104.467
194.82,44305,27336,29152,4142.9,27336,376.41,349.42,74.677,380.22,12.258,32.633,234.94,674.96,108.58,62.242,219.57,414.156,297.122,34.2878,19.0734,551.325,938.968,618.611,410.741,105.441
194.4,44314,27349,28981,4145.3,27349,376.45,349.71,74.379,379.68,12.251,32.617,234.47,677.11,109.02,62.404,219.59,414.249,296.962,33.7882,19.0729,550.927,938.809,616.567,419.536,105.822
194.6,44285,27292,29058,4139.5,27292,376.36,349.98,74.51,379.98,12.213,32.681,234.81,676.28,107.67,62.206,219.74,414.74,297.989,34.0872,19.1712,552.472,945.83,610.556,414.559,104.64
194.08,44251,27295,29187,4135.7,27295,375.22,348.41,74.431,378.68,12.192,32.502,234.68,674.63,109.21,62.363,219.25,411.947,295.435,34.3052,18.9915,548.277,941.047,617.352,408.341,106.004
193.45,44129,27180,29045,4115.2,27180,373.5,347.23,73.878,378.53,12.073,32.283,235.19,675,108.44,62.349,218.68,410.117,293.482,33.9463,18.8693,545.51,941.41,610.588,415.901,105.366
192.19,44003,27268,29037,4129.8,27268,370.28,345.18,73.533,375.79,12.025,31.944,235.81,672.8,111.17,62.265,216.9,407.635,292.352,33.9396,18.8411,543.685,938.087,609.37,415.933,107.735
195.82,44342,27303,29013,4135.9,27303,378.22,351.38,74.529,383.67,12.328,32.777,234.85,679.04,106.36,62.351,220.78,415.351,298.547,33.9138,19.0938,554.528,940.734,619.828,419.768,103.492
193.28,44270,27169,29171,4115,27169,373.93,346.73,74.24,376.86,12.011,32.463,234.99,673.48,109,62.6,218.41,411.415,292.955,34.1728,18.8746,543.62,946.398,605.624,409.563,105.853
193.75,44624,27457,29196,4165.3,27457,375.87,349.38,74.112,378.1,12.241,32.83,236.07,682.47,110.62,63.917,218.85,413.449,297.988,33.7704,19.174,551.728,957.014,615.171,415.931,107.183
195.75,44503,27489,29118,4167.1,27489,379.2,353.49,74.556,382.92,12.416,33.092,235.79,684.1,108.5,62.877,221.34,417.377,300.363,34.0571,19.2073,556.733,960.048,616.875,415.49,105.325
193.33,44062,27166,29173,4112.4,27166,373.48,347.1,74.395,376.73,12.012,32.329,235.08,670.3,109.41,61.771,218.78,410.223,292.002,34.4666,18.7996,542.334,944.501,603.482,404.597,106.221
194.12,44183,27249,29006,4129.2,27249,374.98,348.62,74.139,379.72,12.174,32.441,235.3,675.92,107.99,62.18,219.21,412.825,296.007,33.956,19.0257,549.7,939.863,613.898,417.455,104.948
193.96,44023,27041,29075,4089.7,27041,373.97,346.35,74.087,379.74,12.051,32.203,235.49,671.86,106.63,61.758,219.02,410.899,291.949,34.2779,18.7407,543.38,930.903,616.737,411.817,103.814
192.35,44211,27169,29136,4120.6,27169,372.79,345.81,74.37,373.71,11.938,32.352,234.29,669.69,110.08,62.342,217.66,410.118,292.885,34.1102,18.9733,542.567,943.717,598.844,408.061,106.794
193.48,44280,27143,29167,4105.5,27143,373.64,347.4,73.61,379.24,12.016,32.476,236.85,679.51,108.09,63.151,218.89,410.482,292.35,34.0163,18.7535,543.566,958.56,605.877,413.778,105.069
194.33,44326,27322,29106,4142.2,27322,376.05,349.46,74.276,379.77,12.239,32.629,235.32,678.16,108.47,62.623,219.6,413.655,297.268,34.0522,19.1057,551.372,945.126,617.498,414.179,105.345
193.28,44128,27157,29207,4108.2,27157,372.58,346.34,73.621,378.76,12.056,32.226,236.47,676.59,108.58,62.673,218.48,409.031,292.163,34.2834,18.7546,543.593,947.187,615.113,409.469,105.504
192.55,44277,27194,29075,4124.7,27194,373.57,345.6,74.47,374,11.992,32.361,234.03,669.57,110.15,62.433,217.59,411.081,293.353,33.9117,18.9961,543.375,933.425,606.276,412.149,106.843
193.2,44393,27371,29185,4156.6,27371,375.22,347.99,74.477,375.6,12.197,32.604,235.33,675.39,110.49,62.782,218.62,413.369,297.379,34.1581,19.2341,550.031,942.739,617.48,408.333,107.085
193.47,44224,27223,29202,4121.9,27223,373.18,346.75,73.938,378.34,12.083,32.34,235.57,675.54,109.04,62.734,218.28,410.187,293.684,34.2192,18.8779,545.731,945.612,613.096,410.345,105.876
192.95,44202,27191,29313,4122.9,27191,373,346.62,74.273,375.75,12.017,32.406,235.86,672.54,109.27,62.482,218.31,409.819,294.001,34.5709,18.9969,545.01,952.306,605.63,400.602,106.08
193.93,44204,27253,28999,4122.2,27253,374.19,347.71,73.681,380.5,12.174,32.299,235.58,678.39,108.76,62.727,218.9,410.572,293.688,33.7082,18.7994,546.657,937.046,620.755,421.821,105.635
192.67,44043,27152,29044,4115.7,27152,372.27,345.37,74.422,374.8,11.965,32.128,233.86,666.52,109.68,61.666,217.47,409.34,292.553,34.1003,18.921,542.92,929.964,603.089,410.917,106.448
193.53,44462,27308,29226,4141.4,27308,375.09,347.67,74.15,377.59,12.169,32.624,235.72,678.47,109.38,63.337,218.65,412.777,296.259,34.0785,19.0919,548.927,947.386,618.705,410.911,106.147
194.12,44302,27321,29060,4140.9,27321,375.42,349.04,74.157,379.52,12.21,32.567,235.7,677.96,108.81,62.603,219.22,413.519,296.632,33.9493,19.0606,550.453,944.65,615.242,416.68,105.648
192.96,44156,27109,29167,4102.1,27109,371.89,345.5,73.671,377.73,11.96,32.212,236.38,674.64,108.44,62.733,217.78,408.87,291.675,34.1251,18.7618,542.463,947.399,606.343,412.021,105.383
192.61,44148,27112,29150,4106.8,27112,372.09,345.44,74.024,375.6,11.922,32.258,235.5,671.43,109.08,62.396,217.64,409.572,291.877,34.1783,18.8453,541.853,945.974,600.555,409.346,105.94
193.36,43995,27183,29109,4113.9,27183,372.57,346.25,74.035,377.98,12.074,32.099,235.14,671.21,109.15,61.816,218.29,409.088,292.401,34.2945,18.7958,543.971,933.455,614.643,410.05,105.987
193.26,44087,27064,29110,4096.2,27064,372.85,346.29,74.095,377.48,11.937,32.27,235.02,671.21,107.84,62.102,218.37,409.396,291.675,34.17,18.7819,542.136,944.451,600.05,410.784,104.868
195.12,44345,27386,29199,4153.9,27386,377.85,351.46,75.034,379.89,12.282,32.923,234.54,675.82,108.72,62,220.51,416.757,298.647,34.5523,19.1934,553.038,952.708,610.341,405.129,105.54
194.95,44465,27336,29265,4143.2,27336,376.87,350.24,74.144,381.9,12.299,32.825,237.1,682.98,107.43,63.256,220.14,414.763,298.476,34.3007,19.1329,553.688,956.316,622.909,410.279,104.424
194.48,44328,27419,28966,4160.7,27419,376.92,350.48,74.588,379.28,12.312,32.652,234.52,676.41,109.39,62.303,219.72,414.172,298.89,33.7424,19.2313,553.842,936.588,617.49,419.475,106.116
194.63,44475,27457,29136,4170.5,27457,377.8,351.37,74.532,379.65,12.374,32.874,234.94,680.78,108.92,62.924,220.29,415.221,300.973,34.0134,19.383,556.795,948.942,621.974,413.237,105.689
194.29,44372,27322,29208,4136.7,27322,375.12,348.69,73.975,380.54,12.217,32.576,236.28,680.17,108.85,63.155,219.2,412.107,295.732,34.116,18.9479,549.417,949.744,619.677,413.043,105.686
192.45,44085,27310,29091,4138,27310,371.84,345.81,73.664,376.02,12.13,32.066,235.83,674.65,111.17,62.418,217.63,409.112,293.526,34.0564,18.9175,545.269,934.91,621.327,412.741,107.714
194.66,44231,27234,29175,4128.4,27234,376.56,349.46,74.771,379.53,12.196,32.632,235.2,673.33,107.54,61.956,220.07,413.282,296.54,34.4281,19.077,549.92,941.515,614.026,406.491,104.551
193.46,44273,27176,29209,4114.9,27176,374.06,347.22,74.07,377.84,12.043,32.488,235.88,675.82,108.65,62.768,218.78,411.187,293.247,34.235,18.8657,544.408,951.094,608.155,408.786,105.547
191.68,44086,27129,29169,4109.2,27129,370.35,343.21,73.896,373.24,11.894,31.985,235.02,668.58,110.83,62.393,216.49,407.404,290.213,34.1793,18.7768,538.905,934.357,607.324,407.769,107.474
194.95,44432,27333,29275,4142,27333,377.8,351.21,74.4,381.08,12.291,32.925,236.54,681.93,107.95,62.947,220.96,414.839,297.677,34.4174,19.086,551.814,960.27,618.591,406.082,104.882
194.7,44436,27395,29053,4154.3,27395,377.06,350.54,74.537,380.03,12.274,32.776,234.54,678.21,108.98,62.794,219.76,414.15,298.325,33.792,19.1627,552.979,945.173,613.793,418.199,105.771
193.45,44146,27255,29152,4132.2,27255,373.73,346.92,74.339,377.17,12.136,32.294,235.04,671.82,109.32,62.078,218.39,410.92,295.074,34.3093,19.0276,547.538,934.432,616.896,408.38,106.109
194.84,44324,27387,29092,4160.6,27387,377.89,351.67,75.134,378.75,12.278,32.898,233.95,674.28,108.47,61.8,220.38,416.61,300.275,34.3028,19.3736,555.234,948.532,606.802,408.876,105.312
193.95,44095,27133,29139,4102.4,27133,373.41,346.84,74.187,379.34,12.02,32.3,235.35,671.96,108.23,62.012,218.6,410.53,291.666,34.3163,18.6982,542.884,941.806,606.18,410.486,105.205
194,44243,27305,29080,4133.8,27305,374.83,348.47,74.035,379.6,12.194,32.44,235.69,677.34,109.33,62.589,219.15,411.634,294.791,33.9654,18.9044,547.815,941.745,617.567,415.914,106.116
194.71,44377,27282,29200,4128.1,27282,375.55,349.18,73.758,382.48,12.236,32.628,237.34,683.1,107.57,63.278,219.68,413.005,295.856,34.1203,18.9077,550.177,953.942,621.764,414.8,104.577
196.01,44714,27402,29261,4157.9,27402,380.15,353.1,74.7,383.22,12.389,33.281,236.47,685.2,106.52,63.652,221.46,417.112,301.737,34.0905,19.3416,558.422,963.187,618.843,412.215,103.596
193.77,43942,27178,28936,4109,27178,373.32,347.22,73.765,380.03,12.121,32.097,235.33,674.06,108.5,61.642,218.92,410.498,292.167,33.977,18.7103,544.369,931.492,617.072,418.811,105.43
193.81,44352,27295,29310,4136.8,27295,374.89,348.83,73.939,379.06,12.184,32.642,237.2,680.92,108.73,63.152,219.47,412.185,296.209,34.424,19.044,549.374,960.741,616.387,405.499,105.582
194.66,44346,27325,29323,4140.1,27325,375.66,350.26,73.919,381.69,12.26,32.742,237.54,683.44,107.69,63.077,220.14,413.46,297.68,34.5466,19.0763,552.573,966.216,617.884,405.825,104.66
193.7,44317,27237,29163,4124.1,27237,374.62,347.96,74.012,378.66,12.106,32.532,236,677.73,108.92,62.931,219.01,411.574,294.069,34.0573,18.8906,546.024,950.287,611.37,412.536,105.773
193.73,44338,27257,29419,4133.4,27257,374.33,347.55,74.31,377.86,12.142,32.577,236.47,676.27,108.65,62.922,218.87,411.483,296.06,34.738,19.0836,548.746,954.632,616.682,398.536,105.513
194.21,44238,27222,28996,4122.8,27222,375.65,348.57,74.43,379.18,12.126,32.53,234.87,673.95,108.27,62.144,219.28,413.279,294.715,33.8999,18.9357,547.199,938.377,609.07,417.357,105.2
194.09,44233,27362,29000,4139.7,27362,374.22,348.74,73.756,380.7,12.217,32.374,235.76,679.24,109.82,62.762,218.87,410.928,294.769,33.6945,18.8516,548.541,942.766,616.754,422.407,106.537
194.03,44213,27365,29137,4143.3,27365,374.29,348.87,73.72,380.52,12.256,32.424,236.73,680.75,109.49,62.706,219.2,412.134,295.838,34.1634,18.9477,549.986,948.91,622.163,414.006,106.234
193.88,44337,27306,29090,4139.4,27306,375.54,348.54,74.389,378.11,12.172,32.585,234.79,675.69,109.32,62.606,219.05,413.069,295.95,33.9677,19.0499,548.737,941.971,613.342,414.264,106.095
195.93,44585,27436,29124,4165.1,27436,380.55,353.39,74.991,382.22,12.422,33.211,234.88,681.76,107.28,62.794,221.56,418.737,301.961,34.0713,19.3836,558.535,952.551,619.245,413.801,104.255
194.03,44351,27326,29249,4141.5,27326,374.96,348.57,74.198,379.09,12.199,32.582,236.25,677.95,109.15,62.942,219.08,411.949,296.328,34.2759,19.0453,549.784,950.047,616.832,408.719,105.942
194.44,44152,27234,29057,4119.7,27234,375.15,348.55,74.128,380.76,12.179,32.417,235.44,675.98,108.27,62.119,219.53,412.387,293.934,34.1131,18.8146,546.819,939.032,617.162,415.052,105.208
194.98,44196,27161,29226,4108.8,27161,376.03,349.46,74.208,382.19,12.172,32.606,236.53,677.93,106.35,62.288,220.44,412.819,294.72,34.5302,18.8559,548.052,952.018,615.317,406.993,103.528
196,44463,27489,29251,4166.7,27489,378.75,352.9,74.63,383.57,12.451,33.009,236.17,682.97,108.2,62.782,221.2,416.602,300.63,34.44,19.2118,557.565,956.927,624.116,408.939,105.065
193.83,44269,27212,29154,4119.9,27212,373.74,347.12,73.736,380.03,12.131,32.367,236.44,678.34,107.94,62.998,218.56,410.688,294.621,34.0274,18.9085,547.763,944.196,618.476,415.199,104.914
195.44,44528,27368,29305,4150.6,27368,378.07,351.62,74.535,382.17,12.321,33.035,236.43,682.52,107.17,63.156,220.71,416.025,299.915,34.4288,19.2342,555.671,962.53,617.183,407.276,104.187
192.7,44070,27248,29035,4124,27248,372.07,346.01,73.752,376.61,12.058,32.11,235.58,673.56,110.72,62.253,217.79,409.374,291.928,33.959,18.7776,542.826,937.067,612.409,415.37,107.346
193.86,44222,27179,29252,4116.7,27179,374.01,347.03,73.968,379.48,12.133,32.387,236.52,676.59,107.57,62.669,218.86,411.206,294.763,34.4254,18.9477,547.599,944.249,620.556,407.4,104.59
193.1,44164,27199,29083,4120.4,27199,373.33,346.72,74.049,376.92,12.046,32.321,235.18,673.57,109.27,62.315,218.28,411.084,293.39,34.0714,18.9057,544.691,941.931,608.525,412.786,106.086
194.55,44299,27221,29094,4124.8,27221,376.33,349.31,74.866,378.89,12.094,32.729,234.38,672.34,108.02,62.027,219.5,414.534,295.42,34.1879,19.0019,547.814,946.6,600.244,411.349,104.974
193.29,44306,27305,29183,4141.7,27305,374.8,348.14,74.521,375.9,12.113,32.573,234.75,673.62,110.28,62.502,218.81,411.981,295.347,34.2162,19.0685,546.969,947.515,607.557,407.083,106.927
193.73,44252,27267,29120,4130.8,27267,375.07,348.22,74.506,377.43,12.113,32.52,234.49,673.11,109.67,62.286,219.05,411.868,294.257,34.1275,18.9374,545.887,942.394,608.54,410.47,106.419
193.42,44076,27163,29124,4109.8,27163,372.82,346.44,74.212,377.61,11.999,32.257,235.09,670.78,109.22,61.924,218.17,410.393,291.727,34.3024,18.7512,542.467,941.53,603.847,409.692,106.06
194.46,44563,27318,29134,4141.7,27318,376.86,349.77,74.373,379.73,12.19,32.864,235.09,679.95,108.3,63.451,219.52,413.756,297.414,33.7547,19.115,551.136,952.773,610.294,417.383,105.198
194.32,44162,27335,29193,4139.8,27335,375.01,348.91,74.526,379.19,12.211,32.474,235.59,673.64,109.7,61.942,219.35,412.255,295.248,34.498,18.9471,548.342,942.503,615.176,406.324,106.427
193.33,44145,27207,29166,4115.4,27207,372.77,346.82,73.874,378.16,12.038,32.29,236.07,674.88,109.57,62.504,218.36,409.55,291.951,34.2066,18.7381,543.034,948.213,607.691,410.676,106.361
194.25,44270,27221,29144,4127,27221,375.79,348.77,74.248,379.71,12.196,32.555,235.89,676.94,107.25,62.508,219.68,412.658,296.735,34.1802,19.0948,550.46,942.97,618.672,411.342,104.291
194.92,44261,27390,29229,4152.7,27390,376.28,350.28,74.642,380.54,12.306,32.66,235.21,676.27,108.8,62.143,219.92,414.056,298.24,34.5596,19.1432,553.252,946.64,618.975,405.907,105.619
194.62,44242,27299,29204,4131.4,27299,375.27,349.48,73.896,381.86,12.248,32.541,237.24,680.79,108.06,62.709,219.89,412.299,295.796,34.3257,18.9191,550.036,952.247,620.896,410.882,105.006
193.48,44178,27358,29059,4146.2,27358,373.51,347.7,74.148,377.74,12.172,32.302,234.83,674.03,110.51,62.301,218.21,410.788,295.365,33.9768,19.0027,548.468,937.403,614.023,415.353,107.128
195.41,44549,27421,29325,4160.5,27421,378.63,352.04,74.731,381.4,12.363,33.085,236.01,681.97,107.98,63.084,220.93,416.313,300.415,34.4886,19.2834,556.075,961.091,619.512,404.858,104.88
194.33,44296,27209,29219,4122.9,27209,375.62,348.27,74.365,379.66,12.17,32.555,235.35,675.74,107.47,62.59,219.49,412.084,295.777,34.3157,19.0164,548.915,942.654,618.368,408.315,104.497
193.84,44295,27236,29284,4127.2,27236,374.93,347.31,74.169,378.66,12.183,32.502,236.32,676.92,108.41,62.71,219.06,412.992,295.298,34.5269,18.9984,547.886,943.181,625.184,404.832,105.313
196.08,44442,27452,29093,4157.3,27452,378.8,353.27,74.551,384.13,12.393,32.991,235.82,682.62,107.98,62.722,221.26,415.915,299.385,33.9999,19.0982,555.872,956.149,615.322,417.482,104.889
193.88,44366,27356,29267,4144.1,27356,374.66,348.32,73.845,379.56,12.239,32.548,237.24,681.23,109.52,63.244,219.03,412.328,296.079,34.2839,18.9991,549.665,951.859,624.183,409.466,106.263
193.09,44153,27252,29167,4130.9,27252,373.29,346.95,74.286,376.19,12.074,32.336,234.98,672.04,109.99,62.161,218.28,410.721,294.09,34.3202,18.9731,545.563,942.718,608.906,407.112,106.7
194.14,44450,27381,29139,4149.1,27381,376.04,349.4,74.25,379.11,12.223,32.729,235.25,679.62,109.85,63.109,219.29,413.943,296.441,33.9514,19.0323,549.734,950.617,614.729,414.912,106.542
192.16,43977,27177,29189,4117.3,27177,370.87,344.91,74.186,373.86,11.936,32.055,235.07,667.41,110.93,61.747,217.25,407.89,291.166,34.4809,18.8234,540.601,940.432,601.936,402.959,107.542
193.45,44044,27157,29111,4107.8,27157,372.53,346.7,73.748,379.04,12.044,32.188,236.03,674.62,108.48,62.185,218.47,409.541,292.215,34.2132,18.7522,543.912,944.278,609.95,412.34,105.414
194.09,44351,27357,29001,4143.2,27357,374.93,348.75,74.283,379.11,12.159,32.541,235.12,675.91,109.99,62.754,218.58,412.086,295.358,33.6359,18.9521,548.518,942.312,607.488,421.649,106.678
193.49,44055,27127,29209,4107.4,27127,372.83,346.43,74.138,378.05,12.026,32.247,235.81,671.71,108.04,61.958,218.45,410.062,292.981,34.5369,18.8587,544.525,943.296,608.992,405.267,105.025
193.95,44299,27287,29320,4140.1,27287,375.16,348.8,74.443,378.12,12.179,32.639,235.77,676.19,108.55,62.562,219.4,412.629,297.163,34.6259,19.1604,550.493,954.256,613.794,401.362,105.415
193.32,44345,27241,29185,4124.9,27241,373.98,347.4,74.012,377.48,12.047,32.555,235.76,677.22,109.61,63.015,218.48,412.11,293.446,34.1058,18.8729,544.598,954.96,605.688,411.358,106.371
193.97,44410,27384,29100,4157.9,27384,375.8,349.44,74.492,377.97,12.222,32.689,234.75,676.69,109.34,62.784,218.99,413.571,298.788,33.919,19.2764,553.116,946.356,611.394,414.739,106.079
194.16,44229,27276,29255,4127.4,27276,374.27,347.63,73.949,380.4,12.209,32.381,236.55,677.77,108.81,62.721,219.03,411.029,294.414,34.4094,18.856,547.575,942.743,625.579,408.349,105.672
193.17,44168,27224,29080,4123.8,27224,372.5,346.46,73.738,378.07,12.077,32.213,235.73,675.38,109.02,62.658,217.91,409.388,294.071,33.915,18.9247,546.552,940.95,612.43,416.488,105.858
193.78,44130,27291,29072,4132.9,27291,373.86,347.59,74.321,378.25,12.136,32.318,234.36,672.28,109.83,61.953,218.47,411.539,294.211,34.1589,18.9057,546.672,936.178,612.013,412.945,106.557
194.14,44372,27334,29225,4139.1,27334,374.75,348.25,73.945,380.18,12.222,32.523,236.42,679.82,109.15,63.214,218.94,411.58,295.745,34.1263,18.9582,549.429,947.441,622.033,412.54,105.949
193.46,44135,27196,29121,4115.4,27196,373.58,346.98,73.966,378.29,12.083,32.293,235.61,674.59,109.09,62.324,218.71,410.404,292.625,34.1681,18.7956,544.024,941.167,613.725,411.585,105.936
191.76,43958,27102,29104,4108.6,27102,370.53,344.35,74.222,372.62,11.85,32.022,233.77,665.38,110.36,61.623,216.92,407.628,290.937,34.271,18.8684,539.734,938.63,594.516,405.913,107.059
192.62,44215,27179,29154,4118.3,27179,372.41,345.88,73.934,375.76,11.98,32.309,235.44,673.67,109.6,62.694,217.73,409.92,292.824,34.0918,18.9005,543.398,947.339,604.595,410.712,106.38
192.83,44053,27216,29067,4123.1,27216,372.55,345.93,74.072,376.13,12.057,32.155,234.93,671.2,110.01,61.888,217.87,410.754,292.907,34.1937,18.8873,543.992,933.969,612.592,411.252,106.732
195.52,44116,27235,29066,4122.7,27235,376.13,350.27,74.584,382.87,12.21,32.564,235.36,674.19,106.52,61.553,220.11,413.999,296.48,34.3508,18.9677,551.422,942.909,609.394,413.307,103.66
194.66,44433,27337,29222,4143.8,27337,376.52,349.82,74.495,380.06,12.227,32.791,235.54,678.39,108.49,62.896,219.68,414.142,297.412,34.2407,19.0999,551.421,952.341,613.763,410.012,105.355
193.16,44250,27329,29143,4143.3,27329,373.47,347.79,73.878,377.38,12.151,32.388,236.26,677.42,110.11,62.841,218.46,410.332,295.571,34.0221,19.0391,548.398,948.36,613.586,412.709,106.783
194.06,44411,27333,29215,4142.3,27333,375.43,349.04,74.156,379.2,12.197,32.665,235.9,679.4,109.16,63.16,219.28,412.303,296.385,34.1064,19.0422,549.749,953.18,614.686,411.333,105.954
194.24,44199,27302,29136,4133.1,27302,374.76,349.29,74.18,379.9,12.162,32.529,235.79,676.8,109.11,62.309,219.41,412.226,294.948,34.2435,18.908,548.056,952.185,608.333,411.479,105.919
194.91,44352,27303,29208,4128.9,27303,375.95,349.54,73.971,382.46,12.246,32.641,236.63,681.53,108.16,63.04,219.93,412.833,295.125,34.1956,18.8363,549.005,951.852,621.065,413.083,105.099
193.7,44185,27281,29132,4133.4,27281,374.51,348.07,74.148,378.37,12.178,32.392,235.77,675.44,109.29,62.337,219.1,411.213,295.045,34.1874,18.975,547.764,940.757,617.881,410.75,106.082
195.32,44166,27221,29211,4117.5,27221,375.69,349.48,74.264,383.16,12.222,32.532,236.23,677.06,106.65,62.125,220.1,412.81,295.434,34.545,18.8711,549.866,946.648,618.128,408.746,103.782
192.54,44185,27304,29056,4141.9,27304,373.07,346.65,74.213,374.61,12.074,32.312,234.54,672.15,111.09,62.246,217.79,411.344,294.497,34.0004,19.0438,545.742,939.05,608.356,412.381,107.635
194.05,44153,27304,29040,4137.8,27304,375.08,348.63,74.559,378.34,12.18,32.422,234.13,672.04,109.44,61.814,219.11,412.162,295.509,34.0999,19.0089,548.493,934.724,612.415,413.144,106.202
193.96,44157,27166,29150,4114.6,27166,374.44,348.52,74.281,378.85,12.048,32.526,235.29,674.33,107.74,62.088,219.31,412.14,294.305,34.3548,18.9292,546.421,954.214,600.706,408.581,104.745
193.74,44227,27307,29100,4133,27307,374.46,348.42,74.024,378.77,12.147,32.477,235.66,677.27,109.98,62.504,219.03,412.368,293.877,34.0905,18.8494,546.01,948.384,611.704,413.63,106.689
194.97,44265,27417,29204,4154.1,27417,376.36,350.66,74.207,381.89,12.37,32.635,236.66,680.67,108.75,62.462,220.25,414.093,298.269,34.4361,19.0934,553.885,948.629,626.766,409.368,105.569
195.39,44590,27499,29405,4170.2,27499,378.3,351.97,74.563,381.74,12.413,33.097,236.9,684.37,109.05,63.375,220.75,416.725,300.281,34.642,19.2346,556.099,965.142,625.017,402.65,105.802
192.71,44208,27266,29232,4133.5,27266,372.86,346.35,74.161,375.3,12.063,32.332,235.61,673.06,110.59,62.528,217.98,410.17,293.798,34.3507,18.9716,544.78,945.186,611.058,405.145,107.214
194.28,44009,27211,29115,4115.3,27211,373.54,347.19,73.827,381.39,12.207,32.122,236.56,675.2,107.87,61.966,219,410.013,293.769,34.3223,18.7959,547.384,930.876,628.016,412.631,104.863
195.19,44372,27295,29199,4133.4,27295,376.84,350.2,74.538,381.68,12.225,32.786,235.52,677.95,107.63,62.599,220.06,414.529,296.733,34.3115,19.0015,550.931,951.468,612.772,410.671,104.62
193.8,44161,27277,29198,4127.2,27277,373.24,347.22,73.979,379.29,12.134,32.308,235.98,675.43,109.6,62.436,218.45,410.664,293.471,34.3493,18.8119,545.924,944.085,615.686,409.738,106.363
192.77,44144,27190,29261,4113.3,27190,371.76,345.58,73.421,377.71,12.047,32.192,237.01,677.83,109.6,62.885,217.99,409.405,291.689,34.3953,18.7369,542.574,950.528,617.391,407.328,106.391
195.52,44555,27516,29221,4174.6,27516,378.63,352.92,74.396,382.61,12.445,33.079,236.39,685.78,108.48,63.246,220.96,417.252,301.633,34.2207,19.3207,558.684,962.576,622.7,412.173,105.297
193.81,44317,27264,29064,4133.7,27264,375.15,348.53,74.167,378.54,12.143,32.57,235.39,677.06,108.47,62.681,219.02,413.046,296.224,33.9048,19.0745,549.345,946.306,610.583,416.22,105.361
193.42,44173,27219,29062,4113.7,27219,372.77,346.28,73.561,379.38,12.088,32.179,236,676.87,109.57,62.809,218.15,409.155,291.47,33.8242,18.6554,542.975,938.116,617.561,419.063,106.359
195.3,44313,27213,29119,4120.8,27213,377.71,350.66,74.596,381.9,12.208,32.809,235.31,677.4,106.46,62.262,220.76,415.053,296.423,34.2326,18.9923,550.265,949.113,611.581,412.035,103.609
194.11,44191,27288,29168,4131.6,27288,375.15,348.68,74.035,379.89,12.233,32.451,235.81,678.03,108.86,62.399,219.68,412.234,295.069,34.3256,18.9235,548.22,943.598,623.556,409.593,105.704
193.85,44313,27280,29113,4135.4,27280,375.44,348.09,74.331,378.21,12.18,32.537,235.35,675.69,108.96,62.567,219.04,413.149,295.837,34.0664,19.0459,548.618,939.214,617.89,412.874,105.788
195.16,44592,27407,29232,4155.7,27407,377.82,351.26,74.414,381.58,12.308,33.028,236.27,683.29,108.17,63.436,220.21,416.269,299.371,34.1299,19.1932,554.703,960.806,615.98,412.83,105.056
193.9,44315,27341,29255,4140.9,27341,374.88,348.65,73.948,379.36,12.231,32.534,236.62,680.03,109.59,63.013,219.37,411.6,295.539,34.3013,18.9631,548.714,951.153,622.256,408.304,106.325
193.44,44235,27159,29051,4117.4,27159,374.51,347.14,74.426,376.88,12.03,32.463,234.31,671.81,108.26,62.215,218.53,412.382,294.385,33.9926,19.0031,545.855,939.436,604.63,413.655,105.197
192.51,44155,27194,29078,4117.6,27194,371.58,345.14,73.574,376.54,12.011,32.122,235.7,674.77,109.84,62.743,217.31,409.138,292.252,33.895,18.8261,543.227,939.765,611.962,416.233,106.59
194.24,44266,27266,29185,4131.4,27266,375.74,348.63,74.629,378.62,12.166,32.586,235.02,673.62,108.79,62.211,219.42,413.015,295.384,34.3654,18.9961,547.939,942.281,613.397,407.329,105.645
193.58,44291,27191,29140,4120.9,27191,374.67,347.22,74.291,377.62,12.083,32.479,234.74,674.11,108.4,62.61,218.71,411.693,294.569,34.0786,18.9842,546.41,941.043,611.818,411.609,105.316
194.11,44225,27216,29209,4121.6,27216,374.92,348.22,74.227,379.4,12.139,32.513,235.79,675.96,108.1,62.404,219.37,412.294,294.741,34.4059,18.9329,547.33,947.574,614.221,407.579,105.049
195.83,44347,27347,29264,4137.1,27347,377,350.7,74.362,384.17,12.329,32.756,236.54,680.61,107.45,62.655,220.43,414.687,297.065,34.5169,18.9339,552.549,951.304,623.189,409.288,104.451
194.28,44324,27217,29112,4122.8,27217,376.43,349.44,74.589,378.78,12.108,32.72,234.86,674.99,108.2,62.419,219.88,413.108,294.873,34.0736,18.9583,546.856,949.485,604.211,411.604,105.137
192.95,44094,27328,29071,4140.3,27328,371.74,347.09,73.771,377.26,12.09,32.185,235.46,674.76,110.72,62.352,217.68,409.306,294.284,34.0123,18.9376,546.901,946.556,606.399,415.07,107.319
193.38,44274,27259,29057,4130.2,27259,374.21,347.96,73.925,377.96,12.104,32.474,235.51,677.46,109.22,62.76,218.72,411.893,294.737,33.8575,18.9671,547.003,948.373,609.041,416.732,106.025
193.22,44180,27275,29231,4137,27275,373.06,346.35,74.372,376.21,12.111,32.294,235.21,671.25,109.89,62.238,217.88,410.639,295.181,34.4522,19.0622,547.409,937.654,615.14,404.877,106.601
194.57,44444,27411,29049,4157.2,27411,376.83,350.42,74.181,380.6,12.315,32.757,235.38,681.63,108.8,63.021,219.73,415.162,298.912,33.7911,19.1905,554.176,947.5,620.17,419.735,105.611
194.23,44417,27436,29168,4162,27436,376.3,349.74,74.16,379.58,12.343,32.676,235.87,681.19,109.56,63.053,219.58,414.146,298.763,34.0857,19.2034,553.691,945.941,627.576,412.826,106.267
195.07,44334,27287,29107,4135.8,27287,377.08,350.5,74.483,381.47,12.244,32.773,235.24,678.28,107.11,62.398,220.21,415.389,297.886,34.1759,19.1126,552.656,949.069,613.47,413.718,104.16
195.25,44411,27403,29278,4156.7,27403,376.9,351.02,74.513,381.76,12.332,32.841,236.21,680.21,107.87,62.776,220.12,414.965,299.971,34.4824,19.2468,556.129,955.992,618.505,407.441,104.789
193.83,44245,27206,29232,4120.5,27206,374.17,347.89,74.019,379.15,12.101,32.5,236.43,677.16,108.08,62.682,219.03,411.651,294.654,34.3682,18.9378,547.171,953.401,610.941,407.964,105.041
193.12,44184,27187,29020,4123.8,27187,374.37,347.16,74.481,375.72,12.041,32.412,234,670.69,108.99,61.982,218.51,412.117,294.549,33.9849,19.0467,545.792,936.836,605.022,412.899,105.827
192.83,44105,27182,29237,4115.6,27182,372.42,345.75,74.017,376.24,12.03,32.209,235.74,672.38,109.84,62.3,218.1,409.255,291.976,34.4629,18.811,542.37,942.403,612.968,404.282,106.595
193.98,44310,27307,29044,4140.6,27307,375.87,349.23,74.397,378.37,12.185,32.605,234.46,675.99,109.03,62.482,219.4,412.99,296.494,33.8873,19.0882,549.656,943.119,611.499,415.685,105.838
193.44,43943,27246,29002,4119.4,27246,372.26,346.45,73.817,378.86,12.112,32.028,235.5,672.57,110.04,61.669,218.13,409.996,291.783,34.1278,18.6952,543.638,931.176,616.489,415.824,106.761
193.28,44280,27192,29233,4118.5,27192,373.84,347.02,74.085,377.24,12.044,32.47,236.14,675.47,109.02,62.821,218.63,410.721,293.373,34.2602,18.8919,544.432,950.824,608.799,407.479,105.87
194.4,44301,27312,29144,4137.7,27312,375.86,349.84,74.22,380.15,12.211,32.656,236.1,678.76,108.57,62.615,219.83,413.168,296.354,34.1595,19.0158,550.042,952.436,612.757,412.169,105.437
194.54,44145,27257,29230,4124,27257,375.07,348.85,74.316,380.53,12.19,32.471,236.13,675.35,108.53,62.074,219.75,411.81,294.257,34.5738,18.8417,547.152,945.979,616.764,405.531,105.431
194.08,44361,27408,29101,4156.6,27408,376.07,349.52,74.26,378.94,12.293,32.615,235.58,678.8,109.81,62.776,219.46,413.428,297.692,33.9664,19.1417,551.86,942.5,622.302,414.72,106.495
193.69,44315,27234,29173,4133.9,27234,375.24,347.74,74.746,376.59,12.106,32.583,234.2,671.61,108.54,62.309,218.72,412.973,296.548,34.262,19.1744,548.978,940.559,608.972,407.465,105.417
193.11,44136,27227,29076,4127.7,27227,372.8,347.08,74.1,376.84,12.043,32.293,234.78,672.63,109.25,62.238,218.07,409.934,294.566,34.0332,19.0047,546.709,944.181,603.481,413.108,106.052
193.16,44234,27195,29127,4116.6,27195,372.6,346.41,73.659,378.22,12.032,32.309,236.37,676.9,108.96,62.955,217.97,409.919,293.016,33.955,18.8338,544.708,948.486,608.773,415.498,105.818
193.82,44272,27159,29243,4112.4,27159,374.36,347.63,73.949,379.29,12.081,32.521,236.75,677.87,107.53,62.836,219.14,411.751,294.18,34.3504,18.9056,546.325,953.938,611.95,408.012,104.566
193.92,44239,27196,29301,4119.2,27196,374.44,347.64,74.277,378.71,12.109,32.483,235.81,674.87,108.18,62.561,219.14,410.715,294.396,34.5337,18.9323,546.552,948.69,613.84,403.419,105.126
194.42,44400,27390,29288,4155.3,27390,376.62,350.21,74.508,379.2,12.289,32.785,235.96,678.98,109.16,62.807,220.01,413.866,298.378,34.458,19.1941,552.627,953.834,619.408,404.597,105.922
194.83,44425,27364,29076,4149.8,27364,377.66,350.64,74.795,379.71,12.258,32.84,234.58,676.54,108.73,62.509,220.02,415.244,298.032,33.9689,19.1547,552.16,944.503,612.232,414.835,105.56
193.61,44125,27207,29108,4118.4,27207,373.14,347.23,74.04,378.58,12.054,32.323,235.23,673.85,108.87,62.191,218.39,410.982,293.344,34.1949,18.8467,545.342,945.786,605.851,412.451,105.737
194.28,44412,27225,29198,4123.3,27225,375.58,348.72,74.057,380.25,12.138,32.69,236.15,679.89,107.58,63.198,219.42,412.878,295.543,34.0827,18.969,548.602,954.716,612.193,412.954,104.596
194.09,44481,27416,29242,4156.3,27416,375.86,349.23,74.25,378.87,12.253,32.752,236.39,680.38,110.13,63.256,219.16,414.266,297.17,34.1946,19.0917,550.785,953.298,618.748,410.283,106.775
194.19,44244,27360,29086,4136.6,27360,374.12,349.04,73.238,382.44,12.269,32.406,237.4,685.15,109.16,63.182,219.34,411.654,294.908,33.8922,18.8068,549.326,952.936,624.792,420.285,105.962
194.48,44270,27281,29219,4132.3,27281,375.69,348.85,74.247,380.41,12.236,32.562,236.24,677.69,108.15,62.513,219.68,413.157,296.088,34.4131,18.9958,549.797,944.793,622.423,408.24,105.082
194.6,44223,27289,29162,4130.5,27289,375.14,349.16,73.949,381.03,12.222,32.506,236.21,679.42,108.36,62.575,219.74,412.385,295.401,34.2552,18.9163,549.152,949.212,619.128,411.826,105.266
193.02,44193,27290,29371,4134.2,27290,372.68,346.66,74.019,376.62,12.112,32.334,236.84,675.23,110.53,62.681,218.32,409.467,293.727,34.688,18.9148,545.198,951.666,616.528,399.445,107.16
193.83,44264,27280,29199,4135.9,27280,374.62,348.05,74.412,377.97,12.143,32.511,235.27,674.22,109.06,62.426,218.82,412.063,295.833,34.3196,19.0552,548.652,945.114,611.872,407.924,105.874
195.03,44264,27282,29102,4131.4,27282,376.75,350.8,74.396,381.62,12.222,32.726,235.2,678.24,107.55,62.269,220.45,414.109,296.565,34.1867,18.9946,550.743,952.493,609.986,413.148,104.55
193.28,43913,27100,29037,4095.8,27100,371.5,345.33,73.993,378.04,11.947,32.017,235.34,668.79,108.97,61.479,217.67,409.394,289.918,34.2522,18.6056,540.233,934.408,603.295,412.981,105.866
193.64,44085,27263,29150,4123.7,27263,373.16,347.11,74.007,378.76,12.122,32.242,236.09,674.07,109.95,62.118,218.54,410.446,292.549,34.3358,18.7539,544.351,940.552,615.317,409.889,106.678
193.56,44167,27215,28980,4123.9,27215,374.54,347.02,74.732,376.47,12.057,32.359,233.37,668.03,109.54,61.731,218.31,411.844,293.621,33.9173,18.9339,544.799,927.662,605.947,415.157,106.315
194.19,44264,27347,29159,4146.5,27347,375.82,349.23,74.256,379.4,12.284,32.542,235.83,677.82,108.95,62.463,219.68,413.061,297.316,34.2566,19.1151,551.464,941.799,624.665,410.106,105.757
194.91,44409,27272,29035,4129.7,27272,376.74,350.1,73.882,382.69,12.257,32.694,236.28,682.94,106.81,63.206,220.12,413.411,297.165,33.6681,19.0171,552.141,948.336,619.869,422.58,103.899
193.55,44318,27324,29122,4140.8,27324,374.74,347.65,74.386,376.98,12.149,32.48,234.22,674.13,110.46,62.63,218.55,411.738,294.732,34.0009,18.9759,546.643,938.687,614.341,412.531,107.095
194.71,44279,27183,29088,4116.4,27183,376.24,348.36,74.641,380.16,12.142,32.577,234.96,673.07,107.23,62.171,219.44,413.607,295.026,34.1196,18.9419,547.863,935.167,613.498,413.691,104.299
192.99,44170,27152,29071,4109.5,27152,372.91,345.96,73.821,377.32,12.019,32.228,235.45,674.16,109.05,62.593,218.11,409.503,291.993,33.9032,18.7875,542.754,938.685,611.319,415.489,105.91
192.65,44237,27216,29263,4120.4,27216,372.43,345.65,73.974,375.68,12.004,32.321,236.12,673.97,110.59,62.808,217.78,409.784,291.719,34.341,18.7931,541.611,948.433,609.399,405.532,107.242
193.03,44362,27304,29078,4148.9,27304,374.86,347.71,74.64,374.77,12.108,32.556,233.58,672.05,109.86,62.567,218.26,412.185,297.297,33.867,19.2772,549.659,939.286,606.914,412.652,106.551
193.99,44369,27318,29238,4134,27318,374.88,348.52,73.936,379.69,12.181,32.577,236.63,680.15,109.6,63.225,219.23,411.425,294.383,34.1536,18.8576,546.941,953.364,617.137,410.966,106.354
193.84,44398,27361,29225,4152.8,27361,375.25,348.48,74.241,378.29,12.25,32.586,235.85,678.13,109.14,63.049,218.93,412.415,298.243,34.1691,19.2274,552.493,944.793,622.437,409.913,105.914
193.7,44263,27201,29256,4120.6,27201,374.62,348.2,74.206,378.12,12.074,32.6,235.93,676.45,108.44,62.575,219.28,412.475,294.343,34.4773,18.9421,546.028,957.688,606.571,404.767,105.353
193.29,44288,27387,29253,4149.7,27387,373.34,347.12,73.826,377.91,12.226,32.335,236.63,678.35,110.84,63.072,218.23,410.332,295.374,34.2458,18.9866,548.44,943.277,626.471,409.14,107.41
195.17,44206,27345,29119,4136.4,27345,376.12,350.41,74.159,382.79,12.294,32.582,236.24,679.44,108.36,62.256,220.23,413.694,295.928,34.2751,18.8842,550.6,947.447,619.858,413.617,105.26
195.08,44287,27403,29162,4152,27403,376.75,350.7,74.342,381.87,12.36,32.651,236.13,679.54,108.58,62.435,220.28,413.936,298.199,34.2917,19.0921,553.707,944.891,625.297,411.548,105.42
192.89,44139,27215,29233,4118.1,27215,371.81,345.67,73.54,377.77,12.069,32.157,236.62,676.55,109.73,62.803,217.89,408.773,292.236,34.3073,18.7766,543.586,945.585,618.124,408.75,106.494
193.4,44210,27243,29283,4128,27243,373.45,346.68,74.309,377.04,12.094,32.369,235.81,672.77,109.57,62.431,218.32,410.493,294.086,34.5228,18.9471,545.773,943.516,614.035,403.341,106.333
193.89,44200,27335,29129,4142.4,27335,374.49,348.4,73.913,379.56,12.257,32.376,236.19,678.32,109.14,62.539,219.13,411.64,296.414,34.156,19.0399,550.509,940.902,625.084,412.882,105.934
193.81,44457,27323,29237,4144.3,27323,375.37,348.66,74.077,378.61,12.2,32.674,236.07,680.24,108.86,63.396,219.12,412.406,297.258,34.0845,19.141,550.835,953.106,617.524,410.969,105.678
194.23,44047,27114,29231,4100.1,27114,374.21,347.51,74.225,380.03,12.073,32.374,236.08,673.32,107.42,61.759,219.45,411.968,292.325,34.7343,18.7367,543.888,945.898,612.12,403.567,104.489
193.72,44131,27240,29168,4130,27240,374.57,347.81,74.621,377.17,12.127,32.404,234.68,670.67,109.08,61.781,218.99,411.56,295.078,34.4506,19.0292,547.258,937.98,611.875,405.201,105.898
195.44,44481,27420,29192,4158.3,27420,378.66,351.87,74.6,381.97,12.388,32.978,236,681.88,107.99,62.822,220.88,416.952,299.952,34.2685,19.2273,555.779,952.113,623.499,411.06,104.898
191.97,43998,27141,29098,4112.6,27141,370.85,344.53,74.216,373.24,11.883,32.061,234.48,666.4,110.72,61.723,216.94,408.529,290.889,34.2464,18.8307,539.882,937.891,597.131,407.367,107.366
193.46,44123,27334,29004,4142.5,27334,373.87,347.91,74.166,377.64,12.174,32.297,234.71,673.71,110.28,62.006,218.53,411.569,295.149,33.9714,18.9942,548.011,935.542,614.365,415.897,106.934
192.78,44014,27103,28869,4101.5,27103,372.36,345.91,73.842,376.79,11.95,32.101,234.43,671.07,108.93,61.894,217.93,409.411,291.07,33.6209,18.7432,541.349,933.632,601.845,421.99,105.819
192.78,44186,27230,29171,4130.3,27230,373.32,346.11,74.306,375.16,12.075,32.293,234.89,671.3,109.94,62.289,218.03,410.489,294.276,34.2625,19.0298,545.443,936.074,614.341,406.859,106.655
194.51,44355,27358,29177,4143.5,27358,375.8,349.44,73.908,381.32,12.299,32.604,236.48,682.1,108.6,63.057,219.69,413.319,296.974,34.1303,19.0183,551.614,948.486,626.29,413.898,105.458
192.19,44103,27150,29146,4116.5,27150,371.71,345.57,73.994,374.32,11.934,32.227,235.55,671.3,109.74,62.251,217.58,409.448,292.661,34.2314,18.9439,542.721,947.871,600.047,407.5,106.502
194.35,44333,27230,29095,4121.9,27230,375.79,349.05,74.057,380.52,12.147,32.654,235.71,679.39,107.83,62.791,219.62,413.877,294.924,34.0021,18.9049,547.805,951.443,611.5,415.986,104.813
194.95,44362,27322,29212,4142.5,27322,377.34,350.79,74.554,380.78,12.278,32.814,235.66,678.78,107.72,62.559,220.53,414.47,298.177,34.3608,19.1469,552.749,952.104,616.977,408.001,104.684
194.58,44477,27290,29217,4138.6,27290,377.21,349.78,74.83,378.86,12.175,32.889,235.09,675.99,108.29,62.785,219.79,414.68,297.129,34.2255,19.1253,550.19,951.241,608.445,408.481,105.189
193.58,44298,27415,29106,4157,27415,374.54,348.56,74.072,378.04,12.249,32.45,235.11,677.74,110.6,62.788,218.73,411.564,296.814,33.9455,19.0967,550.574,941.987,620.188,414.804,107.185
194.61,44389,27348,29202,4141.4,27348,376.08,349.75,74.195,380.8,12.243,32.71,236.06,680.25,108.85,62.97,219.73,413.574,296.368,34.1897,18.9825,550.258,953.067,616.934,411.911,105.682
193.24,44182,27107,29190,4106.4,27107,373.02,346.03,74.425,376.43,11.941,32.352,235.1,669.46,108.4,62.235,217.97,409.857,292.613,34.2936,18.8823,543.117,943.589,599.432,407.136,105.345
193.87,44264,27105,29033,4110.6,27105,375.53,348.1,74.581,377.72,12.016,32.604,234.42,672.1,106.8,62.155,219.16,413.213,295.253,33.9667,19.0652,547.16,943.721,599.601,414.119,103.925
195.77,44377,27407,29174,4153.1,27407,378.21,351.93,74.671,382.93,12.376,32.882,235.69,679.87,107.81,62.414,220.85,416.122,299.235,34.3506,19.1409,555.266,949.695,620.688,411.056,104.743
193.41,44222,27231,29054,4126.6,27231,374.55,347.89,74.088,377.59,12.108,32.45,235.42,675.7,108.99,62.432,218.96,412.072,294.592,33.9653,18.9751,546.569,943.741,610.922,414.449,105.827
195.79,44349,27394,29201,4145.9,27394,377.26,351.83,74.289,384.15,12.348,32.817,236.67,682.22,107.76,62.685,220.76,414.661,297.961,34.333,18.9965,553.936,957.014,618.558,412.26,104.713
194.79,44363,27413,29203,4155.5,27413,377.3,350.94,74.466,380.45,12.346,32.767,235.96,679.81,109.15,62.645,220.51,414.09,298.165,34.3005,19.1277,552.814,949.11,623.257,408.739,105.92
194.76,44500,27419,29185,4161.4,27419,378.04,351.22,74.509,380.1,12.35,32.927,235.53,681.5,108.62,63.025,220.47,415.793,299.905,34.1357,19.2855,555.084,952.084,621.983,411.288,105.439
192.3,43987,27153,28985,4113,27153,371.73,344.97,73.985,374.88,11.981,32.008,234.37,668.97,110.12,61.775,217.47,408.888,291.49,33.9564,18.8274,541.494,928.632,608.875,414.28,106.843
193.95,44308,27199,29198,4118.8,27199,374.97,347.78,74.134,379.14,12.119,32.53,236.03,676.81,108.06,62.81,219.16,411.825,294.419,34.1967,18.9178,546.656,946.545,614.929,410.33,105.022
194.16,44335,27314,29155,4135.2,27314,374.83,348.49,74.362,379.11,12.132,32.576,235.39,675.5,109.67,62.708,218.78,412.093,294.595,34.0794,18.8974,547.137,947.93,607.543,413.12,106.409
196.39,44577,27423,29224,4156.2,27423,379.57,352.86,74.507,385.15,12.459,33.072,236.67,685.1,106.47,63.301,221.42,416.408,301.2,34.1503,19.231,558.805,953.961,628.241,414.245,103.553
195.28,44322,27324,29204,4142.5,27324,377.61,351.21,74.422,382.2,12.341,32.78,236.17,680.31,106.95,62.496,220.92,414.527,299.014,34.3932,19.1749,554.658,950.169,623.417,408.735,104.002
194.74,44366,27298,29143,4137.9,27298,376.39,349.45,74.544,380.33,12.219,32.687,234.9,676.38,107.92,62.59,219.54,413.788,297.303,34.1241,19.0971,551.512,943.888,614.597,413.049,104.864
193.32,44286,27283,29126,4130.1,27283,373.59,346.74,73.874,377.97,12.122,32.355,235.69,676.76,110.12,62.931,218.17,411.003,293.413,33.9605,18.8456,545.189,941.091,617.397,415.044,106.817
195.34,44379,27299,29339,4126.4,27299,376.43,349.89,73.918,383.89,12.292,32.734,237.98,684.02,107.52,63.179,220.42,413.994,295.357,34.5673,18.8081,549.666,958.267,627.067,407.239,104.537
195.26,44369,27362,29166,4138.3,27362,376.2,350.18,73.755,384.14,12.34,32.63,237.34,684.52,107.87,63.226,220.1,413.146,296.668,34.0514,18.8985,552.217,950.37,628.339,417.382,104.821
192.41,44255,27218,29210,4128.1,27218,372.91,345.59,74.418,373.68,11.985,32.374,234.63,670.24,110.67,62.463,217.55,410.871,293.166,34.2911,18.9823,542.991,942.535,605.122,404.931,107.3
194.19,44385,27323,29324,4138.3,27323,374.93,349.09,73.622,381.12,12.248,32.645,238.09,684.74,108.28,63.482,219.59,412.734,296.684,34.4028,19.0103,550.969,962.887,623.364,408.064,105.181
193.52,44105,27187,29142,4113.3,27187,372.87,346.65,73.996,378.47,12.041,32.279,235.9,673.55,109.03,62.164,218.27,411.001,292.359,34.3174,18.7708,543.784,944.411,608.332,410.48,105.883
193.96,44303,27313,29194,4139.9,27313,374.81,348.59,74.319,378.59,12.166,32.558,235.39,675.99,109.24,62.65,218.98,411.914,296.048,34.22,19.0422,549.205,948.669,611.61,409.574,106.024
195.02,44313,27374,29131,4143.4,27374,376.75,350.5,74.051,382.5,12.344,32.652,236.4,682.03,108.47,62.725,220.38,414.104,296.896,34.1422,18.966,551.836,946.961,626.919,414.75,105.343
194.25,44331,27349,29152,4145.6,27349,375.24,349.12,73.831,380.79,12.285,32.547,236.57,681.75,108.34,63.024,219.37,413.025,297.812,34.0772,19.1142,552.869,947.919,625.13,414.913,105.219
194.63,44576,27441,29281,4168.2,27441,376.97,350.53,74.574,379.53,12.312,32.919,235.85,680.41,108.73,63.391,219.57,414.408,300.931,34.1882,19.3886,556.666,955.552,617.334,409.353,105.527
192.8,44431,27296,29259,4144.6,27296,373.96,346.61,74.171,375.31,12.118,32.52,235.55,676.17,109.89,63.296,217.97,411.43,296.493,34.137,19.1927,548.64,946.17,616.449,407.708,106.581
194.09,44175,27450,29072,4160.7,27450,375,349.59,74.432,378.63,12.272,32.484,234.76,675.12,110.93,61.922,219.12,413.552,296.772,34.2223,19.0617,550.737,941.794,615.275,412.221,107.462
193.45,44263,27187,29126,4118.6,27187,374.27,347.82,73.974,378.06,12.058,32.513,235.87,677.04,108.34,62.719,218.95,411.861,294.204,34.0634,18.9389,545.984,952.607,606.414,412.601,105.273
194.02,44308,27348,29217,4150.8,27348,375.69,349.23,74.47,378.22,12.242,32.633,235.69,676.52,109.01,62.473,219.43,413.558,298.125,34.3961,19.2218,552.14,947.359,617.721,406.458,105.802
193.92,44137,27233,29177,4123.8,27233,373.62,347.94,73.718,380.37,12.164,32.361,237.06,678.72,107.89,62.453,219.02,411.867,295.218,34.3784,18.9435,548.876,950.02,617.726,410.571,104.864
193.53,44383,27261,29232,4138.8,27261,376.01,348.72,74.823,375.71,12.104,32.757,234.6,673.25,109.16,62.521,219.32,413.273,296.545,34.3357,19.1884,548.259,950.981,605.089,403.637,105.954
193.21,44255,27230,29154,4131.9,27230,373.51,346.62,74.539,375.88,12.052,32.359,234.45,669.86,109.26,62.44,217.87,409.373,295.393,34.0599,19.1046,547.452,936.746,606.382,409.98,106.05
194.6,44397,27377,29259,4154.5,27377,376.91,350.26,74.909,378.68,12.253,32.818,234.88,675.32,109.11,62.48,219.86,414.082,298.427,34.4441,19.219,552.446,949.93,612.806,404.483,105.885
194.18,44187,27358,29088,4145,27358,375.51,349.42,74.081,379.91,12.287,32.484,235.5,678.54,109.27,62.234,219.73,413.534,296.537,34.2042,19.0286,550.601,942.307,623.785,412.824,106.04
194.54,44297,27348,29220,4148.5,27348,376.45,349.57,74.748,379.09,12.27,32.655,234.83,674.77,108.8,62.216,219.76,413.776,297.879,34.4679,19.1712,552.002,941.858,619.647,405.608,105.626
192.33,44079,27156,29014,4110.2,27156,370.8,344.9,73.675,375.86,11.922,32.04,234.96,671.57,110.09,62.449,216.98,407.464,290.921,33.7573,18.7464,541.074,939.498,600.95,418.158,106.821
193.86,44234,27260,28943,4129.6,27260,374.55,347.7,74.163,378.9,12.138,32.38,234.77,674.43,108.84,62.365,218.5,412.157,295.017,33.6635,18.9638,548.01,933.268,612.788,422.176,105.691
193.34,44247,27242,29168,4128.4,27242,373.66,346.83,74.144,377.33,12.097,32.373,235.43,674.21,109.3,62.614,218.27,410.84,294.49,34.1566,18.9738,546.529,941.375,613.529,410.592,106.092
195.1,44483,27359,29376,4145.4,27359,376.55,350.1,74.274,381.96,12.288,32.868,237.28,682.37,107.87,63.27,219.94,414.991,298.153,34.5974,19.0942,553.191,961.309,620.981,405.022,104.811
195.32,44300,27341,29166,4137.6,27341,376.43,350.98,74.054,383.47,12.297,32.701,236.46,682.11,107.58,62.719,220.44,413.61,297.103,34.2265,18.9642,552.485,955.793,617.929,413.837,104.571
194.57,44255,27315,29110,4137.7,27315,375.57,349.25,74.144,381,12.255,32.527,236.19,678.27,108.23,62.482,219.55,413.151,296.69,34.1347,19.0205,551.166,942.803,620.761,414.478,105.143
194.99,44619,27498,29346,4177.3,27498,378.82,351.64,74.931,379.44,12.406,33.098,235.94,680.83,109.32,63.198,220.55,416.603,301.451,34.4686,19.4112,556.979,955.116,624.741,403.186,106.025
192.33,43973,27145,29117,4111.4,27145,370.78,344.83,73.848,375.4,11.955,31.999,234.77,669.89,109.8,61.944,217.27,407.948,291.626,34.2587,18.8265,541.997,938.369,605.901,409.066,106.561
193.79,44175,27191,29133,4114,27191,374.04,348,73.754,379.83,12.099,32.429,236.2,678.52,108.15,62.557,219.22,411.76,293.441,34.1973,18.8159,545.642,952.478,611.516,412.504,105.11
195.11,44289,27191,29236,4111.8,27191,375.55,349.35,73.775,383.8,12.205,32.595,237.13,682.22,106.03,63.001,220.14,412.125,295.303,34.3078,18.8469,549.738,955.657,619.623,412.052,103.246
194.65,44302,27278,29088,4122.5,27278,375.26,348.92,73.748,382.42,12.205,32.53,236.41,681.41,108.33,62.962,219.52,412.737,293.939,33.9279,18.7451,547.359,948.294,618.955,419.231,105.252
195.17,44486,27352,29107,4147.4,27352,377.49,350.89,74.277,382.19,12.309,32.848,236.07,682.05,107.19,63.155,220.18,414.908,299.415,33.8701,19.2005,555.301,950.515,618.869,418.431,104.21
195.24,44448,27266,29222,4136.4,27266,378.32,350.76,74.894,380.7,12.245,32.967,235.6,677.29,106.61,62.527,220.6,416.418,298.82,34.4048,19.2199,553.291,951.173,613.682,407.116,103.715
193.89,44334,27333,29142,4140.9,27333,374.18,348.75,73.936,379.42,12.143,32.592,236.09,679.51,109.3,62.954,218.66,413.084,295.958,34.0612,19.0017,549.462,957.894,606.89,414.962,106.074
194.84,44337,27277,29100,4131.2,27277,376.87,350.37,74.574,380.48,12.172,32.805,235.32,677,108.04,62.349,220.09,415.198,296.04,34.1499,18.9847,549.312,952.957,605.362,413.167,104.983
193.79,44160,27170,29140,4116.3,27170,374.32,347.6,74.256,378.49,12.09,32.391,234.98,673.34,107.89,62.193,219.02,410.828,294.44,34.2393,18.9542,546.71,941.611,611.006,409.774,104.879
194.15,44325,27370,29264,4148.6,27370,375.04,349.6,74.036,379.83,12.247,32.614,236.58,680.45,109.19,62.979,219.54,411.778,297.205,34.3303,19.0835,551.465,957.186,617.241,408.008,105.962
193.56,44284,27192,29259,4122.1,27192,373.96,347.46,74.407,377.22,12.028,32.537,235.67,673.23,108.51,62.605,218.56,410.895,294.678,34.3729,19.0058,546.41,952.884,602.14,405.352,105.409
192.97,44089,27142,29102,4103.8,27142,371.84,345.66,73.308,378.79,12.03,32.121,236.89,677.52,108.73,62.687,218.03,409.369,291.301,34.0517,18.6862,542.479,944.623,615.252,415.385,105.639
195.18,44449,27411,29231,4158.8,27411,378.32,351.78,74.759,380.72,12.353,32.949,235.67,679.66,108.35,62.695,220.84,415.345,299.772,34.3443,19.2558,555.065,953.101,619.173,407.408,105.207
194.69,44293,27243,29126,4123.5,27243,375.09,349.12,74.055,381.7,12.156,32.575,235.92,678.55,107.4,62.748,219.36,412.272,295.577,34.0484,18.9235,549.583,951.421,609.871,416.081,104.437
193.28,44251,27198,29200,4119.2,27198,373.39,347.04,73.627,378.56,12.09,32.399,236.84,679.18,108.41,63.017,218.64,410.956,294.115,34.1817,18.9145,546.286,952.475,615.011,411.067,105.327
192.97,44335,27311,29174,4145.4,27311,374.4,347.56,74.233,375.66,12.131,32.547,235.38,675.96,110.08,62.753,218.46,413.08,296.255,34.1796,19.1549,548.359,947.759,612.836,408.762,106.751
193.3,44096,27198,29107,4113.6,27198,372.15,346.11,73.76,378.51,12.044,32.146,236.04,674,109.39,62.41,217.92,408.89,291.897,34.0779,18.7293,543.397,940.165,611.291,414.268,106.202
193.56,44244,27192,29057,4118.1,27192,374.17,347.94,73.923,378.59,12.056,32.484,235.57,677.03,108.31,62.651,218.86,411.875,294.083,33.9048,18.9111,546.106,950.96,604.763,416.507,105.243
193.07,44167,27170,29074,4114.2,27170,373.68,346.4,74.002,376.95,12.051,32.316,235.35,673.99,109.15,62.323,218.45,411.656,292.619,34.0745,18.8453,543.376,938.7,613.015,412.851,105.989
194.7,44325,27246,29243,4125.7,27246,375.66,348.87,74.064,381.63,12.228,32.585,236.82,679.67,107.15,62.917,219.73,412.353,296.279,34.3146,18.9847,550.495,948.097,622.688,410.093,104.213
195.13,44435,27394,29192,4151.9,27394,377.67,351,74.386,381.71,12.349,32.848,235.98,681.65,108.27,62.884,220.47,415.599,298.635,34.2352,19.1326,553.866,950.889,623.738,411.723,105.149
193.86,44328,27303,29322,4134.9,27303,374.12,348.35,73.564,380.36,12.215,32.52,238.03,683.19,108.62,63.4,219.24,411.18,295.833,34.3854,18.97,549.582,959.612,623.043,407.613,105.487
194.35,44306,27293,29186,4137.9,27293,375.89,348.8,74.444,379.4,12.221,32.617,235.43,676.31,108.29,62.426,219.41,414.288,296.947,34.3582,19.0986,550.678,943.349,619.045,408.971,105.196
194.68,44190,27272,29002,4130.7,27272,375.97,349.8,74.404,380.67,12.195,32.57,234.87,675.55,107.94,61.938,219.78,414.004,296.106,34.0359,18.9931,549.99,942.779,609.973,416.691,104.894
193.96,44447,27406,29096,4160.5,27406,376.47,349.58,74.571,377.61,12.245,32.758,234.5,677.16,109.87,62.784,219.2,414.933,298.475,33.9396,19.2504,552.305,945.238,614.195,414.203,106.534
194.09,44254,27296,29229,4136,27296,374.78,348.61,74.133,379.55,12.204,32.503,236.13,677.51,108.67,62.632,219.3,411.656,296.093,34.3586,19.0217,549.688,948.32,618.206,408.096,105.531
195,44363,27211,29178,4124,27211,377.28,349.77,74.473,381.28,12.222,32.766,235.7,678.14,106.28,62.588,220.34,414.766,297.293,34.2773,19.0903,551.454,946.904,617.992,410.557,103.445
193.73,44180,27263,29184,4128.1,27263,374.03,347.84,73.805,379.46,12.189,32.35,236.26,678.22,108.81,62.63,219.14,410.639,294.727,34.26,18.9189,547.748,944.882,622.235,410.248,105.666
194.14,44426,27273,29246,4130.2,27273,375.41,348.69,73.815,380.43,12.196,32.662,237.41,682.51,108.12,63.462,219.48,412.681,295.795,34.1452,18.9699,549.168,956.112,619.971,411.75,105.054
193.77,44226,27271,29127,4128.5,27271,373.35,347.51,73.934,379.14,12.103,32.385,236.02,676.33,109.26,62.652,218.3,411.162,294.191,34.0788,18.8808,546.889,947.693,609.419,414.507,106.064
194.57,44377,27353,29203,4149.8,27353,376.57,350.3,74.525,379.7,12.255,32.773,236.11,678.11,108.37,62.651,219.9,414.143,298.595,34.2858,19.2107,553.19,952.329,614.074,409.027,105.24
192.55,44278,27226,29246,4131,27226,373.02,345.75,74.178,374.73,12.046,32.37,235.35,673.15,109.9,62.741,217.74,410.921,294.53,34.3227,19.0656,545.537,943.543,612.852,405.132,106.614
193.87,44133,27202,29113,4115.7,27202,373.52,346.64,73.944,379.7,12.13,32.228,235.66,674.55,108.44,62.315,218.47,410.665,293.335,34.1633,18.8127,545.849,934.089,620.393,413.795,105.367
193.07,44170,27130,29116,4108.6,27130,373.67,346.62,74.241,376.28,11.977,32.392,235.11,671.97,108.96,62.204,218.51,411.227,292.155,34.1823,18.8369,542.209,944.864,602.729,409.48,105.835
194.56,44417,27320,29003,4139.5,27320,376.72,349.95,74.383,380.12,12.197,32.762,234.86,678.37,108.52,62.766,219.59,414.871,296.696,33.7163,19.0417,550.385,947.128,609.234,420.703,105.394
194.67,44477,27433,29221,4158,27433,376.32,349.83,74.486,380.05,12.278,32.777,235.14,678.94,109.75,63.061,219.3,414.264,297.75,34.1707,19.099,552.168,950.094,617.062,411.705,106.443
194.21,44113,27153,29123,4105.2,27153,373.45,347.69,73.657,381.57,12.088,32.34,237.11,678.09,107.17,62.408,219,411.466,293.168,34.2424,18.7515,546.083,950.561,611.283,414.278,104.259
195.22,44281,27417,29208,4148.7,27417,376.04,351.03,74.003,383.28,12.342,32.665,236.49,682.68,108.74,62.706,220.29,413.585,297.169,34.3649,18.9519,552.722,956.677,621.423,411.633,105.569
193.61,44248,27416,29167,4155.2,27416,374.43,348.54,74.392,377.24,12.205,32.481,234.99,674.75,111.37,62.362,218.7,412.088,295.543,34.2595,19.0094,548.213,944.552,613.816,408.891,107.862
194.71,44336,27301,29214,4132.9,27301,375.44,349.14,73.883,382.12,12.249,32.616,236.96,681.89,107.72,62.984,219.57,413.932,296.458,34.2976,18.9665,551.042,952.666,622.214,412.405,104.703
194.62,44184,27145,29266,4105.7,27145,375.09,348.28,74.266,380.98,12.117,32.507,236.48,675.44,107.05,62.29,219.77,411.567,293.505,34.585,18.7963,545.882,948.702,613.737,405.026,104.153
193.78,44258,27358,29170,4145.6,27358,374.6,348.75,74.242,378.18,12.177,32.556,235.68,676.69,110.22,62.437,218.94,413.363,295.578,34.3145,18.9995,548.388,951.25,611.207,409.314,106.87
194.47,44414,27465,29034,4165.1,27465,375.81,349.67,74.111,380.6,12.343,32.582,235.4,680.32,109.59,63.065,219.02,413.244,299.02,33.6738,19.1884,554.865,939.37,624.528,422.158,106.286
194.06,44471,27428,29173,4161.9,27428,375.83,349.46,74.07,379.34,12.305,32.68,235.78,681.62,109.48,63.377,219.21,413.235,298.915,33.9418,19.2283,553.886,948.862,623.544,414.852,106.195
193.77,44079,27213,29078,4119.8,27213,373.47,347.53,74.054,379.08,12.105,32.256,235.01,673.52,108.62,62.051,218.72,409.994,293.83,34.1318,18.8724,546.404,939.521,611.263,413.372,105.511
194.81,44366,27456,29175,4162,27456,376.99,350.84,74.523,380.36,12.348,32.755,235.59,679.09,109.76,62.564,220.1,414.708,298.299,34.2667,19.1292,553.146,947.838,621.333,410.432,106.44
194.09,44113,27087,28995,4102,27087,375.08,347.59,74.796,377.98,11.993,32.447,233.76,667.85,107.39,61.434,219.01,412.664,293.056,34.1047,18.8741,544.104,934.46,598.687,413.109,104.461
193.83,44330,27222,29177,4122.6,27222,374.72,347.65,74.232,378.48,12.087,32.558,235.72,675.82,108.69,62.778,218.78,412.419,294.208,34.1519,18.9131,546.107,947.809,609.647,411.294,105.575
193.16,44131,27234,29128,4122.4,27234,372.72,346.55,74.1,377.01,12.035,32.275,235.23,672.45,110.17,62.216,218,410.397,292.375,34.2078,18.8045,543.339,943.079,606.393,410.679,106.87
194.87,44231,27393,29214,4148.6,27393,375.68,350.04,74.299,381.43,12.313,32.559,236.06,678.18,109.05,62.353,219.86,412.735,297.077,34.444,19.0142,552.006,946.8,622.112,408.694,105.847
192.73,44245,27164,29101,4118,27164,373.01,345.81,74.269,375.16,11.96,32.362,234.43,671.02,109.44,62.478,217.61,410.934,293.142,34.0032,18.9508,543.523,941.535,601.622,412.07,106.232
193.7,44262,27241,29206,4125,27241,373.58,347.17,74.247,378.14,12.062,32.442,235.56,673.85,109.28,62.603,218.24,411.031,293.835,34.2583,18.8894,545.749,947.54,606.514,409.553,106.081
193.86,44301,27265,29165,4134.5,27265,375.8,348.67,74.381,378.01,12.172,32.637,235.87,676.45,108.63,62.442,219.48,414.307,296.206,34.3039,19.0865,548.856,947.023,615.056,408.43,105.497
193.59,44341,27270,29121,4124.3,27270,373.64,347.5,73.579,379.61,12.101,32.449,236.49,680.51,109.53,63.358,218.47,410.828,293.038,33.8127,18.7622,545.091,952.493,612.114,418.491,106.309
195.54,44514,27398,29212,4153.7,27398,378.27,351.27,74.845,381.64,12.317,32.989,235.55,678.99,108.1,62.789,220.31,416.709,299.156,34.281,19.1762,554.427,951.244,616.035,410.833,104.998
193.71,44212,27164,29149,4113.4,27164,373.61,347.37,73.754,379.62,12.082,32.382,236.92,677.69,107.45,62.771,218.78,410.632,294.404,34.1056,18.9178,547.166,949.26,612.003,413.456,104.496
193.74,44177,27408,29105,4147,27408,373.51,348.2,73.826,379.4,12.228,32.302,236.07,677.82,111.12,62.566,218.6,410.596,294.26,34.052,18.8352,547.444,942.716,619.743,415.223,107.655
194.73,44287,27298,29216,4142.5,27298,376.55,349.86,74.9,379.28,12.227,32.697,234.88,673.4,107.82,62.079,219.86,413.496,298.357,34.4757,19.2229,552.705,944.386,612.705,405.215,104.771
194.23,44448,27312,29169,4145,27312,376.86,349.6,74.813,377.81,12.174,32.843,234.41,675.35,108.77,62.654,219.53,414.853,297.627,34.1554,19.1974,550.705,949.424,607.751,409.517,105.599
193.99,44183,27159,29171,4106.8,27159,373.66,347.29,74.017,379.81,12.04,32.395,235.96,675.08,108.15,62.472,218.75,410.776,292.352,34.2508,18.7329,543.997,948.669,606.825,411.321,105.121
194.85,44320,27316,29084,4138.8,27316,376.12,350.24,74.072,381.98,12.257,32.667,236.11,680.76,107.44,62.712,219.89,414.068,297.798,34.007,19.083,553.044,951.029,615.794,417.34,104.444
193.52,44191,27207,29225,4120.5,27207,373.2,346.48,73.864,378.76,12.123,32.277,236.61,675.9,108.45,62.682,218.39,410.082,294.238,34.3195,18.9193,546.807,941.337,620.675,408.988,105.364
195.07,44424,27355,29126,4139.5,27355,376.3,350.48,74.156,382.36,12.231,32.771,235.7,681.27,108.44,63.086,219.78,413.716,296.354,33.9359,18.9286,550.822,956.314,610.676,417.961,105.326
194.98,44427,27341,29280,4147.8,27341,377.34,350.18,74.656,380.55,12.302,32.835,235.85,678.48,107.72,62.717,220.14,415.284,299.038,34.4967,19.2231,553.984,949.204,622.007,405.678,104.674
194.76,44312,27308,28921,4139.8,27308,377.06,350.09,74.7,379.98,12.226,32.645,234.2,674.27,108.19,62.173,219.77,413.59,297.268,33.6279,19.1031,551.419,934.141,611.152,421.802,105.103
193.33,44247,27246,29109,4132.7,27246,373.9,347.39,74.101,377.35,12.11,32.414,235.52,675.14,108.79,62.579,218.42,411.531,295.876,34.0364,19.0928,548.656,943.367,611.557,413.125,105.638
192.68,43978,27204,29012,4116.7,27204,371.44,346.25,73.659,376.92,12.013,32.036,234.54,672.84,110.16,62.073,217.89,407.554,291.584,33.9215,18.7541,542.554,940.576,605.853,415.88,106.876
193.82,44516,27295,29204,4143.2,27295,376.1,348.63,74.446,377.59,12.165,32.767,235.69,677.63,108.57,63.287,219.07,413.225,297.702,33.9935,19.2188,550.88,949.357,612.962,411.362,105.431
195.42,44364,27346,29152,4141,27346,377.47,350.91,74.54,382.34,12.298,32.792,235.49,678.9,107.88,62.523,220.44,414.876,297.402,34.2203,19.0218,552.263,947.951,617.769,412.813,104.828
194.82,44429,27476,29172,4168.9,27476,377.33,351.3,74.306,380.89,12.402,32.815,236.02,682.46,109.09,62.924,220.29,415.332,300.247,34.1681,19.2747,556.309,951.032,625.975,412.409,105.839
194.19,44177,27305,29099,4136.2,27305,374.86,348.63,74.414,379.14,12.181,32.452,235.04,673.83,109.24,62.02,219.09,412.483,295.376,34.2245,18.9708,548.556,940.197,612.919,411.798,106.034
193.5,44140,27251,29176,4126,27251,372.76,347.42,73.946,378.44,12.075,32.321,235.32,675.04,109.39,62.412,218.36,409.949,293.775,34.2772,18.8751,546.071,950.563,606.726,410.009,106.179
193.15,44087,27125,29181,4108,27125,373.13,346.51,74.079,377.06,12.013,32.297,235.6,672.68,108.46,62.081,218.61,410.531,292.647,34.4306,18.8593,543.465,945.418,608.198,405.977,105.393
194.79,44249,27372,29031,4144.1,27372,376.33,350.42,74.188,381.48,12.297,32.588,235.62,679.17,108.94,62.358,220.07,413.63,296.539,33.9686,18.9711,551.067,943.715,619.252,417.697,105.753
193.13,43976,27093,28922,4099.2,27093,371.88,345.63,73.911,377.77,11.95,32.054,234.62,669.87,108.37,61.726,217.66,409.39,291.35,33.8306,18.7417,542.307,932.693,601.808,419.943,105.333
193.89,44310,27355,29144,4151.2,27355,375.97,348.9,74.752,377.07,12.221,32.593,234.14,673.19,109.87,62.279,219.24,412.861,297.168,34.1848,19.1736,550.253,937.9,616.055,408.736,106.553
195.17,44569,27465,29303,4163.7,27465,377.89,351.74,74.297,381.85,12.374,33.036,236.75,685.36,108.79,63.458,220.57,416.455,299.638,34.3553,19.1878,555.252,964.86,621.941,408.732,105.592
195.16,44449,27333,29290,4141.4,27333,377.17,350.79,74.211,382.34,12.305,32.85,237,682.89,107.33,63.208,220.55,413.942,298.25,34.3506,19.0987,553.436,958.643,621.516,408.637,104.343
194.47,44249,27211,29164,4115.5,27211,374.67,347.69,73.83,381.76,12.19,32.395,236.26,678.74,107.5,62.816,219.18,411.424,294.212,34.1448,18.8152,547.658,940.615,624.556,414.506,104.533
193.53,44213,27302,29115,4134.7,27302,373.87,347.64,73.858,378.64,12.174,32.351,235.67,677.45,109.68,62.655,218.69,411.119,294.626,34.0572,18.9243,547.38,942.531,619.102,413.957,106.422
193.15,44295,27345,29159,4148.6,27345,374.52,347.98,74.218,376.27,12.173,32.501,235.45,676.09,110.43,62.657,218.71,412.247,296.113,34.1499,19.1128,548.51,945.318,615.67,409.434,107.05
194.59,44471,27341,29269,4144.3,27341,376.75,350.07,74.44,379.92,12.226,32.876,236.42,680.01,108.62,63.059,219.89,414.874,297.296,34.3423,19.09,550.987,958.625,613.376,407.793,105.475
193.34,44142,27127,29188,4104.5,27127,373.5,346.85,74.24,377.18,11.972,32.399,235.68,672.16,108.91,62.165,218.69,410.702,291.436,34.389,18.7465,541.426,949.529,601.397,406.233,105.792
194.48,44311,27177,29246,4111.5,27177,374.77,347.87,74.003,381.25,12.124,32.521,236.69,678.12,107.15,62.969,219.22,411.303,294.177,34.2724,18.8368,547.128,949.347,615.71,410.688,104.236
194.6,44295,27331,29178,4137.8,27331,375.84,350.23,73.912,381.62,12.258,32.666,236.66,682.35,108.32,62.808,220.14,413.648,296.436,34.2534,18.9692,550.74,957.771,617.811,412.034,105.22
194.36,44262,27232,29101,4132.3,27232,376.57,349.33,74.806,378.47,12.176,32.642,234.33,672.73,107.53,61.998,219.8,413.513,297.378,34.1976,19.1851,550.826,939.455,611.104,409.858,104.529
193.56,44423,27197,29355,4124.3,27197,374.22,346.88,74.191,377.7,12.071,32.612,236.66,676.82,108.02,63.264,218.42,412.058,295.595,34.4471,19.0667,547.83,954.561,612.044,404.182,104.978
194.38,44259,27430,29161,4161,27430,376.18,350.25,74.326,379.69,12.353,32.594,235.81,678.7,109.49,62.355,219.96,413.688,298.7,34.319,19.1988,553.789,944.182,625.703,409.42,106.209
194.29,44290,27181,29195,4113.5,27181,375.05,349.06,73.702,381.39,12.128,32.631,237.21,682.15,106.83,62.995,219.84,412.864,294.902,34.2343,18.892,548.098,962.394,611.283,411.996,103.951
193.29,44368,27082,29007,4107.2,27082,374.91,346.86,74.793,375.4,11.895,32.613,233.49,668.82,107.88,62.452,218.18,412.047,293.653,33.6778,19.0071,543.762,941.655,589.65,416.453,104.885
192.22,43826,27046,28981,4088.3,27046,369.46,343.77,73.206,377.14,11.908,31.738,235.58,671.51,108.89,61.874,217.01,406.531,289.123,33.9718,18.5896,539.138,933.362,608.626,417.548,105.809
192.95,44197,27234,29213,4133.7,27234,373.31,347.1,74.19,375.95,12.078,32.398,235.55,673.74,109.06,62.407,218.34,410.979,295.911,34.3747,19.1449,548.176,948.387,609.111,405.439,105.88
193.94,44193,27277,29130,4133.2,27277,374.13,348.63,74.085,379.31,12.145,32.452,235.7,676.34,108.63,62.404,218.99,411.366,295.782,34.1704,19.011,549.284,949.735,609.12,412.301,105.501
194.37,44211,27303,29043,4140.9,27303,376.16,349.51,74.315,379.85,12.269,32.544,235.38,676.89,107.97,62.08,219.82,414.394,297.799,34.1249,19.1576,552.336,938.747,621.2,414.199,104.904
193.56,44329,27343,29151,4147.7,27343,374.68,348.36,74.181,377.67,12.189,32.524,235.78,677,109.7,62.829,218.77,411.854,296.774,34.044,19.1264,550.093,946.031,615.167,412.199,106.409
194.51,44312,27364,29166,4140.5,27364,375.08,348.74,73.807,381.72,12.287,32.5,237.16,681.51,109.1,62.971,219.25,413.19,295.713,34.1526,18.8961,550.05,945.145,627.774,415.05,105.9
195.57,44375,27382,29096,4148,27382,377.73,351.22,74.412,383.15,12.367,32.764,235.47,680.5,107.62,62.622,220.52,415.005,298.701,34.0459,19.0987,554.728,943.747,624.037,416.813,104.585
194.36,44215,27314,29077,4136,27314,375.41,349.25,74.354,379.78,12.2,32.508,234.92,675.41,109.16,62.213,219.47,412.213,295.337,34.0784,18.9421,548.625,942.178,613.025,414.022,105.959
194.98,44177,27278,29186,4123.8,27278,374.75,349.24,73.925,383.04,12.222,32.462,236.64,679.18,107.82,62.458,219.65,411.851,294.767,34.3595,18.8005,549.085,949.938,617.846,412.205,104.803
194.29,44336,27279,29092,4135.7,27279,375.05,348.54,73.912,378.96,12.179,32.572,234.86,679.84,108.47,62.962,219.13,412.981,296.43,33.9149,19.0742,549.812,949.372,615.906,415.718,105.363
191.85,43981,27197,29154,4119.3,27197,370.18,343.83,74.044,373.35,11.934,31.947,234.43,667.16,111.66,61.844,216.57,408.011,290.514,34.3712,18.7795,539.648,933.981,606.139,405.743,108.177
194.82,44341,27248,29228,4126.5,27248,375.95,349.43,74.104,381.83,12.215,32.675,236.54,680.27,106.98,62.875,219.89,413.469,296.588,34.3215,19.0025,550.904,953.419,617.687,410.579,104.059
193.29,44057,27176,29107,4116.6,27176,373.07,346.47,73.966,377.87,12.095,32.178,235.62,673.09,108.53,62.04,218.46,410.111,293.715,34.2423,18.9144,545.778,935.452,617.058,410.724,105.444
193.26,44137,27201,29095,4118.1,27201,372.41,346.13,73.888,378,12.048,32.19,235.43,673.39,109.14,62.434,217.81,409.412,293.041,34.0261,18.8443,544.912,938.724,610.613,414.744,105.975
192.73,44327,27224,28978,4129.1,27224,373.96,346.8,73.949,375.88,12.052,32.424,234.83,675.78,109.41,62.926,218.09,411.586,294.718,33.5439,19.0449,546.19,940.756,608.71,420.538,106.188
192.92,44292,27271,29219,4137.2,27271,373.59,346.97,74.095,376.04,12.105,32.418,235.66,675.33,109.75,62.876,218.29,410.319,295.426,34.1806,19.0868,547.434,946.342,613.725,407.858,106.471
195.42,44654,27492,29311,4169.7,27492,379.23,352.79,74.315,382.42,12.448,33.171,236.93,687.98,108.42,63.739,221.33,416.963,300.971,34.2701,19.2725,557.232,966.284,627.43,409.05,105.255
194.39,44270,27284,29150,4132.4,27284,375.65,349.57,74.213,380.21,12.195,32.604,236.04,677.98,108.35,62.556,219.81,412.358,295.854,34.174,18.9805,549.339,950.639,612.877,411.702,105.254
193.96,44372,27218,29225,4127.5,27218,375.32,348.37,74.46,378.16,12.096,32.669,235.24,675.37,107.97,62.796,219.11,412.367,296.059,34.233,19.0841,548.649,951.684,606.722,408.202,104.93
194.88,44174,27261,29168,4125.7,27261,374.96,349.26,74.002,382.49,12.227,32.471,236.64,678.56,107.26,62.361,219.69,412.201,295.97,34.3492,18.9291,550.692,947.991,618.316,411.981,104.307
195.7,44584,27373,29353,4143.1,27373,377.49,351.55,73.536,385.87,12.406,32.955,238.69,691.93,106.31,64.193,220.98,414.69,299.262,34.2633,19.0577,556.256,969.896,632.449,412.47,103.439
193.65,44151,27290,29095,4127.8,27290,373.34,347.29,74.057,378.59,12.107,32.305,235.69,674.21,110.35,62.271,218.33,411.01,292.625,34.1226,18.7564,544.366,941.297,611.072,413.786,107.016
193.97,44173,27290,29287,4135,27290,374.78,348.59,74.466,378.25,12.179,32.489,235.61,674.06,109.36,62.133,219.48,411.249,295.191,34.664,18.986,547.738,947.86,615.239,401.007,106.141
193.9,44206,27271,29135,4126.5,27271,373.96,348.29,73.726,380.19,12.149,32.443,236.55,679.59,108.9,62.667,219.03,412.26,294.195,34.1777,18.8448,547.109,952.871,613.718,413.724,105.746
194.46,44238,27262,29284,4126.7,27262,375.29,348.98,73.938,381.23,12.242,32.528,237.05,680.24,107.84,62.725,219.99,411.896,295.522,34.5251,18.9267,549.253,951.498,624.753,405.952,104.817
194.04,44331,27387,29077,4147.3,27387,374.87,349.03,73.836,380.15,12.245,32.516,236.09,680.78,109.82,63.029,219.05,412.316,296.026,33.8326,18.967,549.997,947.328,619.063,418.91,106.52
193.52,44202,27262,29292,4135,27262,373.31,347.18,74.559,376.71,12.072,32.445,235.37,671.13,109.38,62.166,218.13,411.47,295.506,34.6528,19.0756,547.845,948.718,605.305,401.546,106.153
194.58,44356,27264,29269,4136.1,27264,376.72,349.77,74.738,379.19,12.199,32.778,235.09,675.66,107.59,62.482,220.05,413.563,297.696,34.4867,19.176,551.375,951.272,612.337,403.908,104.581
194.92,44222,27305,29014,4137.9,27305,376.57,349.88,74.43,381.04,12.273,32.561,234.99,676.19,107.82,62.038,219.97,414.182,297.309,34.0297,19.0764,552.026,936.392,619.691,416.599,104.78
195.84,44491,27349,29253,4143.6,27349,378.01,351.81,74.727,382.96,12.271,33.042,235.69,680.25,107.12,62.829,220.58,416.356,298.75,34.3938,19.1136,554.188,962.17,608.653,409.589,104.152
194.41,44226,27384,29101,4146.5,27384,375.3,348.96,74.271,380.13,12.276,32.462,235.61,676.52,109.83,62.277,219.24,413.063,295.904,34.1666,18.9586,549.838,937.612,622.61,413.795,106.53
192.59,44064,27063,29105,4098.3,27063,372.32,345.35,74.259,374.95,11.882,32.232,234.59,668.39,109.01,61.865,217.83,409.905,290.821,34.2464,18.789,539.875,941.856,597.005,407.97,105.897
194.45,44359,27420,29136,4158.8,27420,376.65,350.5,74.677,378.87,12.267,32.759,234.93,676.64,109.88,62.425,219.76,414.426,297.925,34.1719,19.1571,551.958,948.633,612.228,410.869,106.55
194.18,44288,27228,29168,4125.6,27228,375.43,348.67,74.435,378.98,12.125,32.602,235.32,675.04,108.15,62.462,219.37,412.455,295.352,34.226,18.9942,547.991,947.728,608.859,409.803,105.089
195.54,44334,27319,29211,4141,27319,377.79,350.99,74.743,382.15,12.319,32.801,235.2,677.46,107.02,62.286,220.69,414.907,298.685,34.4541,19.1486,554.098,946.1,620.334,407.93,104.069
194.1,44279,27349,29227,4142.8,27349,374.65,348.72,74.012,379.88,12.242,32.473,236.63,678.76,109.33,62.859,219.23,410.843,296.116,34.2458,18.9969,550.013,947.418,621.625,409.93,106.097
194.77,44042,27179,28918,4105.9,27179,375.14,349.28,73.469,383.85,12.224,32.308,236.36,681.01,106.59,62.15,220.28,411.888,293.635,33.8182,18.7097,547.667,940.426,622.933,423.416,103.752
193.81,44271,27146,29122,4115.9,27146,375.82,348.19,74.623,377.35,12.061,32.624,234.58,672.69,107.63,62.193,219.44,413.227,294.93,34.2,19.0341,546.447,944.289,605.564,408.92,104.651
194.72,44489,27387,29209,4154.9,27387,377.51,350.98,74.409,380.32,12.306,32.909,235.75,681.65,108.37,63.102,220.33,415.154,299.221,34.1683,19.2301,554.13,956.144,618.208,410.827,105.231
194.76,44245,27263,29212,4124.1,27263,375.63,349.1,74.288,381.22,12.198,32.564,235.63,676.98,108.27,62.431,219.81,412.4,294.498,34.3944,18.8363,547.622,947.141,616.752,408.931,105.199
193.74,44077,27137,29029,4107.1,27137,374.15,347.25,74.233,378.49,12.052,32.308,234.97,671.85,108.14,61.806,218.93,411.35,292.687,34.1095,18.8132,544.067,936.364,608.69,413.592,105.111
195.96,44411,27407,28995,4154.1,27407,379.55,353.03,74.772,383.17,12.391,32.991,234.91,680.36,107.44,62.294,221.38,417.589,299.875,33.9163,19.1863,556.104,946.726,617.241,419.077,104.413
193.47,44292,27227,29085,4126.5,27227,374.76,347.65,74.63,376.28,12.027,32.571,234.35,671.44,109.58,62.267,218.5,412.927,293.962,34.0468,18.9607,544.874,944.33,599.724,411.818,106.344
194.51,44302,27276,29309,4131.1,27276,375.1,348.51,74.214,380.59,12.204,32.591,236.94,678.05,108.05,62.703,219.33,413.182,296.016,34.5988,18.9854,549.751,951.181,619.433,405.213,104.996
193.24,44296,27261,29120,4132.3,27261,373.94,347.73,73.849,377.71,12.113,32.456,235.72,678.11,109.12,62.988,218.65,410.937,295.268,33.9212,19.0218,547.773,949.693,611.694,414.505,105.927
193.27,44167,27214,28972,4121,27214,373.48,347.01,73.949,377.76,12.067,32.274,235.01,674.08,109.24,62.395,218.31,410.237,293.369,33.7072,18.8735,545.133,937.106,609.156,419.88,106.058
194,44389,27320,29214,4144.8,27320,375.39,348.36,74.449,378.26,12.197,32.614,235.4,675.98,108.91,62.841,218.88,412.753,297.339,34.1993,19.1616,550.957,944.164,616.645,409.58,105.729
193.73,44237,27218,28993,4122.1,27218,374.01,347.29,74.06,378.83,12.087,32.368,235.16,674.62,108.54,62.523,218.34,411.381,294.326,33.7308,18.92,546.882,937.689,609.542,420.57,105.437
193.83,44380,27253,29370,4130.6,27253,374.8,348,74.297,378.2,12.13,32.624,236.38,676.91,108.71,63.094,219.11,410.965,295.456,34.5016,19.0195,547.827,955.186,613.74,402.217,105.572
194.28,44272,27319,29048,4136.8,27319,375.28,349.22,74.073,380.28,12.21,32.513,235.44,678.13,108.93,62.635,219.38,411.984,295.693,33.8607,18.9555,549.402,944.3,614.869,418.157,105.759
195.52,44499,27356,29199,4143.7,27356,377.7,351.75,74.451,382.74,12.266,32.99,236.04,681.98,107.51,63.11,220.55,415.123,298.246,34.1274,19.0753,553.437,962.729,609.202,413.623,104.496
191.44,44040,27057,28957,4095.4,27057,369.52,342.55,73.445,373.94,11.839,31.807,234.6,669.35,110.07,62.552,216.07,405.585,289.132,33.5261,18.6874,537.802,927.844,604.83,420.852,106.834
194.7,44358,27404,29076,4153,27404,376.21,350.25,74.131,381.25,12.306,32.675,236.04,680.93,108.85,62.773,219.66,414.736,298.076,33.9723,19.101,553.312,948.12,619.566,417.808,105.661
193.65,44277,27366,29139,4141.6,27366,373.86,347.33,73.848,379.03,12.216,32.339,235.39,678.04,110.65,62.914,218.38,411.126,294.184,34.0131,18.8524,546.971,938.686,624.726,415.153,107.254
192.75,44116,27165,29095,4117.5,27165,372.72,345.8,74.189,375.56,12.005,32.217,234.53,670.38,109.38,62.103,217.85,409.938,293.073,34.1268,18.935,543.827,936.131,607.806,410.491,106.188
194.9,44508,27393,29122,4149.4,27393,377.1,350.37,73.995,382.13,12.336,32.778,236.48,684.13,108.39,63.49,220.02,414.178,297.997,33.7986,19.0658,553.22,949.226,625.879,419.399,105.265
194.78,44262,27315,29058,4140.6,27315,376.76,349.97,74.959,379.31,12.203,32.678,234.2,672.19,108.72,61.806,219.73,414.445,296.749,34.1584,19.0759,550.284,939.07,608.102,412.328,105.565
193.92,44278,27342,28952,4148.2,27342,376.05,349.75,74.619,377.52,12.174,32.646,234.13,674.16,109.59,62.071,219.32,414.371,297.01,33.8034,19.149,550.148,942.74,604.713,417.672,106.317
193.05,44017,27053,29068,4094.1,27053,372.1,345.24,74.087,377.02,11.928,32.105,234.82,668.9,108.12,61.862,217.81,408.752,291.077,34.1312,18.7524,541.344,934.714,603.288,412.172,105.116
193.56,44013,27064,29173,4094.6,27064,372.95,346.11,74.248,378.03,11.975,32.222,235.57,669.75,107.77,61.701,218.53,410.022,291.418,34.5214,18.7422,541.988,940.071,605.845,405.711,104.809
192.47,44137,27289,29274,4135.7,27289,372,345.41,74.118,374.79,12.087,32.144,235.45,671.36,111.46,62.428,217.59,408.157,292.977,34.4513,18.9132,543.697,937.09,618.477,402.621,107.974
193.87,44131,27188,29116,4110.3,27188,373.61,347.28,73.816,380.01,12.091,32.317,236.03,676.39,108.55,62.372,218.85,411.153,292.266,34.1915,18.711,544.103,944.645,613.539,413.427,105.472
194.56,44138,27286,29151,4128.3,27286,374.41,349.09,74.052,381.39,12.19,32.428,236.51,677.05,108.45,62.221,219.42,411.515,294.876,34.3251,18.8617,548.717,948.836,613.2,411.665,105.352
193.12,44320,27303,29126,4140.8,27303,373.84,346.99,74.396,375.84,12.08,32.466,234.49,672.83,110.43,62.621,217.87,411.957,295.013,34.0225,19.0459,546.73,941.957,607.222,412.093,107.067
192.74,44134,27226,29117,4122.6,27226,371.84,345.87,73.826,376.5,12.016,32.185,235.4,673.44,110.22,62.493,217.55,409.229,292.457,34.0684,18.8333,543.485,943.296,607.355,412.737,106.914
194.14,44394,27346,29275,4147.1,27346,375.65,348.66,74.457,378.64,12.236,32.627,236.08,676.71,109.22,62.914,219.2,412.179,297.17,34.3212,19.1256,550.806,945.109,620.637,406.757,105.992
193.4,44231,27149,29104,4117.9,27149,374.44,346.91,74.375,376.87,12.052,32.446,234.74,672.34,107.85,62.258,218.56,412.451,295.054,34.1409,19.065,546.891,939.121,609.236,410.953,104.84
194.06,44221,27333,29123,4140.9,27333,375.31,348.9,74.296,378.94,12.221,32.507,235.56,676.15,109.57,62.254,219.39,413.035,295.651,34.2344,18.9897,548.774,942.542,617.799,410.937,106.312
192.48,44166,27160,29055,4117.3,27160,372.6,345.28,74.772,373.15,11.882,32.306,233.17,664.69,110.64,61.8,217.09,410.74,291.684,34.055,18.8903,540.606,935.29,591.804,409.997,107.293
195.02,44172,27404,29002,4149.5,27404,375.73,350.62,74.529,381.35,12.267,32.537,234.71,674.98,109.38,61.833,219.63,413.054,296.765,34.0226,18.9879,551.665,941.77,609.835,417.578,106.133
194.7,44254,27346,29163,4143,27346,376.14,349.99,74.315,380.81,12.282,32.613,235.74,678.25,108.57,62.344,220,413.701,297.037,34.3316,19.0442,551.468,946.714,620.104,410.27,105.433
192.28,44242,27222,29170,4127.2,27222,372.04,345.2,73.922,374.71,12.003,32.252,235.46,673.28,110.4,62.826,217.26,409.71,293.239,34.0729,18.9583,543.819,942.539,609.614,410.293,107.063
191.78,43983,27026,28940,4093.9,27026,370.74,343.76,73.951,373.53,11.822,31.964,233.87,666.56,109.35,61.82,216.8,407.911,290.002,33.7783,18.7822,538.596,930.797,596.47,416.427,106.202
193.67,44209,27223,29236,4121.7,27223,373.49,346.7,74.126,378.09,12.09,32.366,235.64,674.28,109.19,62.503,218.39,411.073,293.464,34.4146,18.8657,545.186,944.116,614.447,406.694,106.013
193.98,44278,27216,29230,4121.3,27216,374.45,347.56,74.192,379.13,12.115,32.485,235.8,675.66,108.33,62.689,218.88,411.49,294.419,34.319,18.9146,546.816,946.345,613.912,408.586,105.258
193.49,44266,27273,29012,4132.6,27273,374.63,347.81,74.074,377.88,12.14,32.431,235.07,676,109.39,62.601,218.73,411.93,294.883,33.7705,18.9786,547.26,939.04,613.965,418.285,106.164
194.05,44418,27326,29201,4145.7,27326,376.06,348.96,74.082,379.36,12.273,32.651,236.33,680.75,108.3,63.172,219.54,413.381,298.139,34.114,19.1927,552.473,946.581,626.083,411.62,105.184
194.07,44178,27291,29068,4129.7,27291,373.96,348.06,74.3,379.19,12.108,32.402,234.7,673.29,109.73,62.142,218.51,411.692,293.678,34.0762,18.827,546.097,942.446,605.772,415.083,106.474
193.93,44145,27153,29196,4111.8,27153,374.01,347.17,74.318,378.79,12.07,32.378,235.54,672.44,107.81,62.094,218.83,411.192,293.795,34.445,18.8938,545.829,942.111,610.601,406.997,104.819
193.46,44138,27280,29194,4131.3,27280,373.34,347.34,74.032,378.01,12.137,32.312,235.74,674.93,109.83,62.31,218.59,410.632,294.024,34.3818,18.9002,546.249,944.351,615.602,407.702,106.559
195.6,44461,27457,29219,4164.6,27457,378.5,352.31,74.567,382.56,12.427,32.956,236.03,682.43,108.02,62.831,220.98,416.141,300.779,34.3198,19.2699,557.442,953.58,624.844,410.206,104.908
194.2,44442,27226,29140,4126.2,27226,376.37,348.49,74.324,379.23,12.159,32.699,235.38,677.78,107.75,63.048,219.43,413.514,295.961,33.9497,19.0367,548.763,944.414,615.974,414.319,104.733
194.22,44265,27263,29176,4128.8,27263,374.92,347.94,74.205,379.81,12.183,32.482,236.05,676.26,108.45,62.526,219.01,412.797,295.256,34.2791,18.9509,548.453,941.44,619.401,410.992,105.353
194.89,44429,27228,29253,4132,27228,377.92,350.01,74.67,380.27,12.255,32.857,235.63,678.03,106.21,62.725,220.57,414.851,298.816,34.395,19.2476,553.223,947.501,621.21,406.027,103.37
193.56,44412,27384,29259,4147.9,27384,373.88,347.57,73.649,379.15,12.231,32.47,237.21,681.91,110.25,63.627,218.41,411.097,295.697,34.0847,18.9722,549.162,949.903,625.9,412.498,106.894
194.06,44360,27249,29232,4129.6,27249,375.81,349.08,73.947,379.81,12.203,32.666,237,681.36,107.73,63.093,219.91,412.958,296.401,34.2525,19.0501,549.767,955.19,619.752,409.192,104.709
195.75,44582,27383,29309,4154,27383,379.16,351.96,74.588,382.89,12.402,33.081,236.37,683.74,106.73,63.289,221.16,416.607,300.912,34.3923,19.2912,557.337,956.675,626.957,407.711,103.791
192.48,44023,27126,28925,4110.1,27126,371.77,344.93,74.12,375.12,11.941,32.039,233.87,667.59,109.49,61.769,217.17,409.115,291.926,33.7671,18.8668,542.236,927.177,602.741,418.251,106.297
193.69,44325,27220,29191,4125.8,27220,374.89,347.98,74.107,378.35,12.125,32.541,235.99,677.21,108.21,62.916,219.13,411.36,295.42,34.1176,19.0245,547.942,948.337,613.914,410.523,105.146
193.88,44194,27309,29083,4137.8,27309,374.64,348.24,74.609,377.67,12.132,32.454,234.4,671.45,110.02,61.956,218.71,412.157,294.784,34.1539,18.9648,547.086,938.676,607.508,411.623,106.714
191.82,44072,27088,28983,4103.2,27088,370.82,343.66,73.946,373.57,11.859,31.995,234.12,667.6,110.11,62.189,216.58,407.8,290.295,33.7393,18.7864,539.119,930.127,600.448,416.662,106.852
194.68,44364,27376,29283,4142.1,27376,375.19,349.69,73.823,382.12,12.273,32.632,237.42,683.14,108.97,63.271,219.66,412.153,296.049,34.3141,18.9055,550.526,958.872,621.149,410.477,105.787
194.83,44488,27364,29303,4151.5,27364,377.84,350.7,74.785,379.61,12.288,32.939,235.61,678.59,108.47,62.891,220.42,414.837,298.692,34.4442,19.2122,552.87,953.834,618.038,404.125,105.323
194.52,44420,27347,29155,4148,27347,376.39,349.77,74.436,379.8,12.238,32.757,235.61,678.45,108.4,62.832,219.49,414.575,298.248,34.1038,19.1797,552.737,949.575,614.314,413.078,105.269
194.23,44211,27200,29033,4116,27200,375.38,348.26,73.952,380.6,12.168,32.47,236.2,678.04,107.67,62.386,219.51,413.689,294.265,34.0141,18.8584,547.073,940.65,619.044,417.157,104.687
194.16,44275,27300,29080,4134.3,27300,374.92,348.75,74.239,379.48,12.151,32.546,235.03,676.27,109.12,62.479,218.98,413.002,295.202,34.0229,18.9442,548.26,946.699,608.93,415.568,105.926
193.63,44263,27183,29220,4113.5,27183,374.26,347.32,73.831,379.05,12.1,32.457,236.38,678.37,108.39,62.899,219.1,411.344,293.161,34.2655,18.8171,544.756,950.05,616.608,409.321,105.324
193.96,44255,27243,29226,4124.8,27243,374.74,347.7,74.255,378.88,12.146,32.473,236,675.34,108.91,62.544,219.06,411.695,294.158,34.3659,18.8906,546.325,943.47,617.296,407.519,105.763
195.83,44462,27414,29314,4154.5,27414,378.49,351.52,74.782,382.71,12.396,32.948,236.04,680.2,107.94,62.722,220.85,416.17,299.299,34.6018,19.1486,555.087,950.75,626.446,405.055,104.853
194.41,44146,27281,29124,4130.1,27281,374.53,349.02,73.829,381.52,12.228,32.415,236.75,679.27,107.91,62.361,219.51,412.23,295.916,34.2591,18.9504,550.375,947.768,619.396,413.363,104.872
193.35,44221,27231,29084,4128.5,27231,374.13,347.74,74.153,377.3,12.093,32.416,235.11,674.51,108.91,62.479,218.73,410.7,295.064,33.9666,19.0275,547.316,943.721,608.617,413.468,105.755
194.63,44349,27382,29063,4148.4,27382,376.24,349.73,74.321,380.57,12.279,32.62,235.55,678.2,109.16,62.655,219.51,413.643,297.063,33.9043,19.0428,551.506,941.119,619.287,417.777,105.941
194.51,44448,27321,29126,4140.2,27321,376.39,349.81,74.252,380.31,12.21,32.759,235.75,679.87,108.36,63.118,219.63,413.526,297.002,33.8928,19.0621,550.939,951.884,612.484,416.339,105.25
194.2,44114,27265,29219,4124.4,27265,373.91,347.93,74.021,380.39,12.181,32.33,236.57,676,108.93,62.219,219.13,410.935,293.797,34.5078,18.8075,546.731,944.031,619.627,407.482,105.776
194.39,44256,27263,29055,4134.2,27263,375.73,349.57,74.355,379.81,12.173,32.633,235.17,676.51,107.57,62.229,219.52,414.383,297.361,34.0863,19.1327,551.506,948.371,608.068,414.868,104.56
193.59,44262,27226,28967,4128.2,27226,375.96,348.63,74.46,377.05,12.114,32.575,234.12,673.99,108.82,62.186,219.41,413.494,295.167,33.7984,19.0403,546.928,939.338,608.147,416.55,105.675
194.83,44409,27278,29267,4135.8,27278,376.69,350.11,74.254,381.28,12.25,32.794,236.22,680.94,106.89,63.015,220.22,413.881,298.246,34.3566,19.1522,553.064,956.414,618.29,408.316,103.964
194.13,44081,27237,29092,4121.5,27237,373.21,347.29,73.966,380.48,12.142,32.22,235.8,674.33,108.4,62.086,218.45,410.725,294.132,34.2002,18.8479,547.57,937.284,615.815,414.609,105.317
193.69,44297,27251,29158,4129.3,27251,374.34,348.28,73.945,378.85,12.123,32.519,236.01,678.3,108.5,62.922,218.97,411.238,295.457,34.0477,19.0031,548.367,952.712,610.403,412.887,105.396
194.43,44217,27289,29116,4127.4,27289,375.04,348.79,74.108,380.72,12.183,32.498,235.89,677.36,109.02,62.378,219.38,412.921,294.026,34.1955,18.8049,546.913,945.871,615.008,413.612,105.856
193.38,44258,27156,29052,4105.9,27156,372.98,346.69,73.736,378.69,11.968,32.379,235.69,676.33,108.86,62.934,218.09,410.248,291.423,33.7452,18.6896,542.214,950.527,600.396,419.655,105.75
194.38,44426,27259,29231,4130.8,27259,375.24,348.14,74.231,380.12,12.163,32.636,236.11,677.92,107.78,63.144,218.86,412.802,296.446,34.162,19.0432,550.178,948.262,615.321,411.994,104.759
192.51,44157,27188,29093,4120.9,27188,372.31,345.66,74.187,374.78,11.966,32.246,234.78,670.27,110.14,62.266,217.49,409.831,292.644,34.0476,18.9151,542.886,940.145,602.2,411.246,106.849
193.49,44364,27248,29286,4121.9,27248,372.96,347.05,73.157,380.49,12.134,32.418,238.07,684.56,108.6,63.887,218.52,409.872,293.854,34.1019,18.8134,546.716,960.259,620.979,412.995,105.494
193.03,44142,27171,29093,4116.3,27171,373.55,346.02,74.103,376.6,12.075,32.225,235.06,672.25,109.13,62.248,218.34,410.22,293.036,34.0871,18.8948,544.055,931.489,617.765,411.535,105.972
194.44,44370,27326,29152,4143.3,27326,376.62,349.75,74.551,379.29,12.235,32.7,234.92,676.71,108.69,62.644,219.82,413.063,297.21,34.0971,19.1121,550.924,944.919,615.649,411.456,105.534
193.97,44339,27247,29124,4133.1,27247,376.18,348.92,74.419,378.24,12.171,32.655,235.08,676.35,108.09,62.587,219.61,413.433,296.722,34.0835,19.1294,549.697,944.873,614.062,411.475,105.024
193.73,44051,27124,29142,4095,27124,372.06,345.82,73.396,381,12.053,32.091,236.71,676.82,108.13,62.514,218.28,409.037,290.384,34.21,18.5408,541.932,941.498,618.023,414.452,105.125
193.07,44261,27253,29077,4128.1,27253,373.13,346.67,73.988,376.93,12.051,32.342,234.89,674.55,110.01,62.776,217.89,410.206,293.491,33.834,18.8969,544.965,942.629,607.607,416.345,106.717
193.68,44195,27175,29190,4118.6,27175,374.6,347.06,74.269,378.07,12.132,32.375,235.47,673.62,107.96,62.323,219.02,411.1,294.755,34.3319,18.9929,546.989,936.271,620.341,407.426,104.938
194.79,44409,27433,29262,4166.8,27433,377.34,351.17,74.949,379.03,12.313,32.902,235.19,676.71,108.97,62.412,220.11,415.504,300.456,34.5271,19.3656,555.693,953.606,613.808,403.82,105.737
194.95,44367,27429,29142,4159.5,27429,377.07,350.81,74.565,380.74,12.341,32.748,235.25,678.5,109,62.517,220.04,414.756,298.951,34.1849,19.1836,554.313,945.455,620.407,412.402,105.781
194.7,44288,27207,29103,4122.2,27207,377.02,349.07,74.686,379.85,12.181,32.689,234.68,674.54,107.3,62.053,219.95,415.683,295.848,34.2822,19.0126,548.768,939.26,615.491,410.926,104.35
193.56,44039,27206,29004,4115.9,27206,373.16,346.78,73.743,379.35,12.131,32.129,235.79,674.87,108.83,62.079,218.57,410.194,292.888,33.9774,18.786,545.223,932.361,619.882,417.501,105.704
193.96,44307,27415,29073,4157.5,27415,375.14,349.44,74.296,378.55,12.24,32.555,235.05,676.94,110.19,62.59,219.01,412.469,297.378,33.9251,19.1276,551.474,944.962,613.36,415.689,106.827
194.03,44448,27248,29137,4131.9,27248,376.02,348.84,74.369,378.54,12.122,32.764,235.11,677.66,108.07,63.002,219.22,414.165,296.514,33.9769,19.0999,549.348,952.085,607.389,413.84,105.004
194.15,44398,27318,29236,4148.5,27318,376.39,349.2,74.716,377.87,12.219,32.747,234.67,675.55,108.46,62.6,219.45,414.272,298.626,34.3708,19.2835,552.482,946.91,615.345,405.869,105.319
195.27,44222,27259,29069,4121.5,27259,375.98,350.15,73.867,384.05,12.253,32.566,236.37,681.36,106.85,62.529,220.26,413.315,295.579,34.0574,18.8417,550.46,949.137,618.756,418.411,103.956
193.86,44447,27431,29184,4163,27431,376.31,349.65,74.439,377.63,12.275,32.733,235.08,678.59,110.36,63.005,219.43,413.529,298.127,34.0714,19.2112,551.812,948.093,618.902,410.502,106.962
194.7,44267,27250,29113,4128.8,27250,376.59,349.24,74.666,379.92,12.199,32.637,234.88,674.31,107.84,62.073,219.82,414.38,296.098,34.2596,19.0205,549.41,939.521,614.95,410.98,104.808
194.21,44320,27390,29249,4155.9,27390,375.49,350.05,74.315,379.16,12.255,32.696,235.79,678.95,109.14,62.641,219.59,413.617,298.532,34.4485,19.2132,553.15,957.582,613.921,406.326,105.905
194.92,44307,27309,29163,4134.4,27309,376.21,349.95,74.216,381.81,12.251,32.659,236.18,679.44,107.93,62.621,219.99,413.671,296.442,34.2295,18.9709,550.801,949.724,617.667,412.645,104.886
193.36,44054,27253,29210,4126.6,27253,373.2,347.42,74.116,377.54,12.114,32.269,235.58,673.32,109.88,61.987,218.84,409.782,293.334,34.5216,18.8646,545.002,944.934,613.214,404.389,106.605
193.49,44240,27120,29151,4108,27120,373.95,346.97,74.179,377.74,12.003,32.438,235.19,673.6,107.81,62.579,218.64,410.448,293.43,34.103,18.9048,544.698,946.584,604.347,411.013,104.818
194.3,44434,27344,29222,4155,27344,376.68,349.42,75.098,377.28,12.206,32.804,234.07,672.7,108.71,62.447,219.22,414.35,299.369,34.3236,19.3583,553.395,944.275,609.83,405.898,105.534
194.53,44101,27114,28966,4103,27114,375.62,348.56,74.305,380.71,12.108,32.424,234.71,673.45,106.56,61.743,219.81,412.515,293.843,33.9815,18.8468,546.431,935.634,610.452,417.389,103.73
192.95,44230,27375,29137,4153.5,27375,373.35,347.19,73.99,376.43,12.202,32.3,235.41,675.81,110.78,62.661,218.11,410.619,296.347,34.0719,19.1248,549.461,938.553,621.501,411.719,107.349
193.24,44179,27213,28958,4119.8,27213,373.02,346.58,73.927,377.77,12.033,32.272,234.84,673.77,109.39,62.401,217.84,411.068,292.971,33.6987,18.8395,544.576,938.112,605.917,421.343,106.191
194.81,44399,27441,29228,4159.9,27441,376.86,351.07,74.011,381.77,12.396,32.747,236.66,684.35,108.74,63.142,220.48,413.795,299.188,34.2367,19.1667,555.054,954.378,629.193,411.037,105.546
194.23,44318,27294,29248,4137.9,27294,375.75,349.49,74.323,379.27,12.196,32.696,236.14,678.21,108.4,62.637,219.76,413.495,296.804,34.4419,19.0881,550.266,955.764,613.158,406.065,105.288
193.79,44479,27320,29272,4148.2,27320,375.95,348.51,74.681,376.84,12.17,32.766,235.38,675.56,109.18,62.989,218.96,413.634,297.729,34.2866,19.237,550.667,949.153,612.682,405.797,105.957
194.76,44310,27274,29136,4129.3,27274,376.19,349.66,73.952,382.07,12.257,32.631,236.51,681.49,107.34,62.799,220.08,413.92,296.455,34.1385,18.975,550.883,949.303,622.158,414.663,104.372
194.78,44372,27338,29253,4139.2,27338,375.43,349.56,73.877,382.28,12.268,32.65,237.49,682.72,107.98,63.193,219.63,413.091,297.011,34.2884,18.9972,551.992,956.373,621.382,411.699,104.921
196.02,44762,27537,29129,4175.7,27537,379.95,353.23,74.374,384.15,12.492,33.186,235.98,688.14,108.11,64.02,221.04,416.849,302.019,33.6077,19.2944,559.679,955.378,627.705,422.627,104.972
194.75,44364,27368,29104,4152.3,27368,376.72,350.2,74.415,380.61,12.312,32.682,235.52,678.54,108.05,62.643,219.82,414.001,299.274,34.021,19.2382,554.818,942.601,621.066,415.122,104.954
194.22,44173,27287,29148,4134.3,27287,375.45,349.3,74.283,379.53,12.217,32.511,236.14,676.3,108.62,62.123,219.83,412.501,295.903,34.3489,19.0075,549.298,945.43,616.827,408.787,105.493
192.76,44093,27144,29210,4114.7,27144,372.85,345.73,74.177,375.61,12.033,32.213,235.21,670.92,109.02,62.108,218.24,409.492,293.161,34.4455,18.9469,543.87,937.838,613.951,403.815,105.873
194.63,44453,27339,29164,4148.4,27339,377.61,350.26,74.808,379.03,12.251,32.853,234.64,676.59,108.44,62.678,220.04,414.739,298.375,34.126,19.2141,552.32,945.939,614.684,410.459,105.306
192.83,44170,27169,29133,4109.2,27169,371.24,345.26,73.379,378.11,11.987,32.148,236.81,676.74,109.3,62.988,217.36,408.769,291.444,33.9723,18.7122,542.537,947.555,609.25,416.02,106.131
194.92,44391,27405,29188,4155.5,27405,377.18,350.77,74.308,381.33,12.364,32.755,236.02,681.28,108.37,62.833,220.33,414.51,299.129,34.2232,19.1874,554.714,948.299,626.218,411.507,105.234
193.68,44428,27379,29166,4160,27379,376.17,349.45,74.585,376.71,12.223,32.756,234.7,676.75,109.56,62.778,219.25,414.208,299.016,34.1143,19.3354,552.752,949.134,612.858,409.511,106.271
194.41,44313,27157,29290,4110.5,27157,375.47,348.64,74.43,379.71,12.066,32.682,235.61,675.65,107.42,62.653,219.68,411.898,293.931,34.473,18.8664,545.757,956.869,604.847,404.708,104.468
193.83,44525,27306,29246,4143.9,27306,376.08,348.28,74.737,376.81,12.138,32.784,234.84,674.97,109.35,63.122,218.82,413.365,296.817,34.1332,19.1621,549.169,947.421,610.288,408.126,106.111
194.4,44288,27227,29089,4124.3,27227,376.42,349.18,74.493,379.46,12.162,32.634,235.05,675.37,107.96,62.331,219.86,413.288,295.328,34.0737,18.9753,547.992,942.61,612.28,412.919,104.922
193.01,44051,27039,29161,4093.6,27039,372.63,345.74,74.284,376.2,11.901,32.256,235.13,668.86,108.14,61.838,218.22,409.659,291.099,34.4049,18.7801,540.69,943.717,598.591,405.647,105.136
194.18,44347,27285,29125,4131.6,27285,374.85,348.5,73.975,380.26,12.162,32.569,236.03,679.21,108.51,62.978,218.95,412.841,295.493,33.9851,18.9486,548.945,949.976,613.159,416.375,105.401
193.44,44252,27263,29201,4131.1,27263,373.46,347.04,73.841,378.45,12.142,32.37,236.46,677.5,109,62.852,218.38,411.179,295.113,34.2232,18.9859,547.989,945.849,618.55,410.737,105.825
192.92,44233,27311,29140,4139.9,27311,373.25,346.62,73.862,376.76,12.158,32.281,235.73,676.23,110.36,62.773,218.1,410.527,294.825,34.0526,19.0013,547.106,938.618,621.645,412.349,107.004
193.14,44131,27177,29133,4114.4,27177,373.05,346.26,74.208,376.69,12.015,32.271,235.02,671.2,109.55,62.162,218.17,409.997,292.133,34.2115,18.811,542.692,939.523,607.299,409.535,106.337
193.2,44268,27307,29006,4143.7,27307,374.94,347.78,74.664,375.3,12.111,32.495,233.37,671.01,110.43,62.111,218.43,412.942,295.563,33.8825,19.1083,547.249,935.08,607.172,414.217,107.058
193.13,44247,27220,29168,4125.9,27220,373.66,347.04,74.434,375.83,12.011,32.46,234.36,671.62,109.75,62.396,218.22,410.953,293.735,34.1969,18.9609,544.587,947.106,601.054,408.151,106.499
193.27,44203,27301,29070,4140.7,27301,374.37,347.87,74.4,376.28,12.124,32.444,234.65,672.94,110.13,62.111,218.59,412.589,295.344,34.106,19.0612,547.395,940.814,609.31,411.504,106.804
194.78,44413,27323,29083,4137.7,27323,377.65,350.22,74.504,380.4,12.251,32.802,235.2,678.67,108.68,62.679,220.26,415.258,296.107,33.973,18.9768,549.343,944.85,617.297,415.377,105.533
195.6,44407,27376,29153,4143.9,27376,377.77,351.39,74.301,383.51,12.35,32.826,236.15,682.23,107.78,62.856,220.72,415.01,297.744,34.1304,19.0031,553.22,950.737,622.571,415.018,104.732
194.51,44490,27341,29252,4150.6,27341,377.54,350.71,74.698,378.87,12.241,32.956,235.93,678.84,108.23,62.928,220.26,414.994,299.046,34.3044,19.275,553.113,957.771,611.784,406.412,105.113
192.96,44173,27320,29231,4141,27320,373.31,347.07,74.457,375.24,12.097,32.346,234.71,671.07,111.38,62.198,218.26,409.816,293.778,34.4205,18.9538,544.774,942.704,609.915,403.318,107.894
192.99,44208,27216,29110,4128,27216,373.22,347.21,74.125,376.29,12.024,32.423,235,673.87,109.09,62.413,218.17,411.537,294.934,34.1091,19.0541,546.766,950.282,601.404,411.42,105.911
194.26,44226,27241,29288,4124.7,27241,374.25,348.32,74.031,380.46,12.16,32.481,236.7,677.69,107.92,62.662,219.25,411.075,295.272,34.515,18.9394,548.752,953.043,615.447,406.07,104.886
194.05,44226,27279,29147,4133.8,27279,375.14,348.74,74.151,379.38,12.204,32.495,236.28,677.11,108.52,62.436,219.46,412.287,296.008,34.2268,19.0247,549.448,944.686,618.178,410.83,105.402
193.91,44318,27405,29146,4160.8,27405,375.3,349.16,74.624,377.48,12.231,32.599,234.4,674.45,109.99,62.384,218.85,413.199,298.397,34.1825,19.2531,552.534,943.531,612.717,410.179,106.642
193.37,44217,27123,29084,4103.2,27123,372.93,346.15,73.749,378.69,11.993,32.303,236.14,675.51,108.14,62.79,218.08,410.168,292.054,33.895,18.757,543.248,944.485,607.13,417.174,105.123
193.51,44268,27266,29031,4130.6,27266,374.31,347.81,74.006,378.16,12.118,32.435,235.36,676.42,109.31,62.685,218.64,411.608,294.616,33.7907,18.9488,546.975,942.794,611.11,418.152,106.105
193.71,44458,27251,29165,4131.9,27251,375.32,348.29,74.121,378.26,12.117,32.685,235.48,678.85,108.4,63.321,218.96,412.632,296.086,33.9102,19.0724,548.748,952.727,610.109,414.154,105.3
192.93,44374,27250,29223,4133,27250,374.17,346.96,74.153,375.86,12.084,32.505,235.62,675.77,109.69,63.127,218.42,410.589,294.881,34.0782,19.0486,546.256,947.145,612.723,408.649,106.433
194.47,44158,27227,29203,4122.5,27227,375.25,349.34,74.179,380.65,12.178,32.56,235.69,677.47,107.58,62.143,219.96,412.956,295.372,34.538,18.9419,548.72,953.569,613.265,406.374,104.599
193.01,44002,27167,29080,4113,27167,372.33,345.94,73.936,377.16,12.043,32.102,235.64,671.63,109.2,61.864,218.09,409.667,292.353,34.2293,18.8232,543.547,935.192,612.625,411.093,106.04
194.64,44349,27313,29108,4138.1,27313,376.78,350.35,74.437,380.19,12.211,32.779,234.88,678.37,108.42,62.516,220.07,414.921,296.6,34.1175,19.0322,550.167,952.417,610.099,413.273,105.308
194.84,44239,27297,29232,4132.9,27297,376.32,349.4,74.496,380.81,12.266,32.582,236.15,676.19,108.37,62.232,220.1,413.011,295.779,34.5199,18.9492,549.409,941.938,623.378,406.036,105.268
192.73,44215,27235,29264,4121.3,27235,371.55,345.3,73.068,378.56,12.123,32.136,237.61,681.32,109.5,63.446,217.76,408.774,292.901,34.2066,18.8031,544.99,947.541,628.352,411.065,106.285
192.61,44138,27212,28939,4116.9,27212,371.72,346.17,73.418,377.27,11.988,32.178,235.42,676.48,110.15,62.691,217.57,409.707,291.537,33.5742,18.7329,542.38,946.159,603.173,423.269,106.863
194.27,44265,27244,29171,4118.6,27244,374.63,348.39,73.854,380.98,12.146,32.487,236.18,679.21,108.61,62.874,219.35,411.206,293.223,34.1264,18.7408,545.711,950.668,614.894,413.519,105.51
194.69,44345,27424,29264,4154.7,27424,375.98,349.65,74.426,380.39,12.316,32.634,235.59,678.15,109.76,62.69,219.59,413.144,297.183,34.4306,19.0444,551.627,945.912,624.192,407.342,106.457
195.27,44406,27382,29280,4147.6,27382,377.18,350.9,74.008,383.27,12.394,32.766,237.15,684.76,107.6,63.182,220.71,414.085,298.633,34.3801,19.0879,554.602,954.051,632.257,409.477,104.571
193.9,44307,27286,29160,4139.1,27286,375.66,348.03,74.619,377.56,12.187,32.555,235.21,673.45,108.99,62.342,219.01,413.381,296.489,34.249,19.1214,549.338,936.526,618.2,408.855,105.805
192.65,44212,27123,29156,4112,27123,372.62,345.78,74.168,375.24,11.934,32.343,234.96,671.4,108.87,62.515,217.74,409.929,293.031,34.1287,18.952,543.363,946.554,599.77,409.215,105.749
193.56,44125,27323,29258,4134.3,27323,372.36,347.54,73.743,379.18,12.142,32.268,236.88,677.17,110.22,62.588,218.41,409.176,293.692,34.4481,18.822,546.449,952.844,613.93,407.293,106.893
196.38,44556,27412,29424,4153,27412,379.4,352.51,74.555,384.94,12.47,33.093,237.42,685.32,106.64,63.285,221.69,416.326,300.472,34.724,19.1756,557.432,959.957,633.71,402.704,103.717
194.62,44259,27246,29081,4126.6,27246,375.65,348.55,74.108,381.33,12.235,32.48,235.46,677.72,107.29,62.516,219.45,413.062,296.304,34.0391,18.9991,550.637,936.838,623.818,416.561,104.327
194.9,44391,27348,29363,4145.3,27348,376.22,350.16,74.434,380.97,12.262,32.801,237.04,679.66,108.11,62.867,219.97,413.86,298.005,34.6649,19.1187,552.703,960.054,616.679,402.683,105.025
194.11,44193,27140,29026,4106.2,27140,374.11,347.5,74.167,379.79,12.022,32.415,235.31,673.55,107.6,62.278,218.64,411.622,293.042,33.9197,18.8002,545.037,942.934,602.283,418.065,104.642
192.63,44136,27151,29070,4113.7,27151,372.39,344.92,74.277,375.01,11.965,32.175,234.68,668.5,109.79,62.098,217.31,410.023,292.041,34.0434,18.8681,542.075,930.951,606.56,412.118,106.547
194.54,44309,27194,29196,4116.6,27194,375.9,348.67,74.157,380.88,12.169,32.615,236.08,678.4,107.12,62.711,219.8,413.253,295.062,34.2833,18.9172,548.117,947.909,617.881,410.534,104.198
194.95,44292,27333,29234,4135.4,27333,375.7,349.67,73.809,383.08,12.317,32.565,237.45,682.87,107.92,62.949,220.05,412.781,296.363,34.3431,18.9169,551.376,950.561,628.913,411.45,104.875
194.35,44346,27329,29076,4146.9,27329,376.42,349.54,74.145,380.18,12.305,32.609,235.57,679.85,107.77,62.769,219.75,413.866,298.945,33.9376,19.2374,554.167,940.565,625.92,416.464,104.715
194.44,44367,27284,29210,4134.2,27284,376.21,349.71,74.241,380.15,12.201,32.746,236.24,679.69,108.03,62.835,219.92,413.984,296.594,34.2794,19.0433,550.152,955.918,613.637,409.64,104.968
192.63,44136,27052,29072,4093.3,27052,372.08,344.97,73.711,376.61,11.914,32.173,235.89,673.03,108.4,62.579,217.74,408.938,290.62,33.9147,18.7233,540.305,941.161,605.037,415.007,105.368
194.36,44254,27273,29162,4130.2,27273,375.06,348.97,74.039,380.67,12.193,32.548,236.51,678.73,108.05,62.595,219.45,412.917,295.875,34.2478,18.9732,549.678,950.35,615.52,412.033,104.995
194.72,44378,27357,29122,4145.2,27357,376.43,349.7,74.436,380.51,12.26,32.677,235.29,677.75,108.78,62.705,219.58,413.752,297.137,34.0343,19.0578,551.431,943.573,617.614,414.848,105.608
194.01,44244,27339,29133,4142.7,27339,374.8,347.93,74.395,378.62,12.218,32.416,234.76,674.06,109.75,62.328,218.72,412.108,295.744,34.1759,19.0093,549.026,934.309,620.731,411.807,106.469
194.94,44151,27209,29142,4117.5,27209,375.46,349.39,74.309,381.84,12.174,32.511,235.9,675.65,107.02,62.037,219.93,412.183,295.178,34.3498,18.8959,549.003,946.053,612.082,410.961,104.107
194.57,44368,27332,29235,4138.3,27332,376.23,349.67,74.107,380.91,12.261,32.699,236.67,681.17,108.69,62.958,220,413.787,296.101,34.3186,18.9604,549.808,953.138,621.724,409.575,105.543
193.97,44323,27352,29169,4148.9,27352,375.36,348.89,74.352,378.44,12.223,32.596,235.15,676.84,109.34,62.604,219.12,413.376,297.301,34.2177,19.1427,551.052,945.929,616.639,410.311,106.099
194.39,44217,27125,29029,4102.5,27125,375.23,348.35,74.227,380.41,12.044,32.539,234.68,674.97,107.17,62.256,219.4,412.813,292.95,33.9706,18.7726,544.772,946.201,603.053,417.049,104.267
193.92,44252,27300,29144,4134.6,27300,374.72,347.98,73.91,379.68,12.234,32.395,236.17,678.41,109,62.756,219.12,411.447,295.381,34.0966,18.9554,548.799,939.274,626.435,413.335,105.823
194.13,44362,27287,29287,4137.8,27287,376.05,349.05,74.658,378.04,12.172,32.721,235.22,675.32,108.86,62.611,219.61,412.934,296.367,34.4762,19.0904,548.998,951.079,612.318,403.174,105.691
193.12,44107,27269,29166,4130.1,27269,372.55,346.91,73.8,377.69,12.112,32.236,236.19,675.61,109.88,62.38,218.27,410.113,293.86,34.2966,18.9024,546.047,945.75,614.457,409.504,106.598
192.84,44073,27199,29136,4122.2,27199,372.5,346.44,73.95,376.46,12.05,32.219,235.72,673.14,109.34,62.124,218.17,410.163,293.674,34.2961,18.9481,545.18,943.302,610.142,408.596,106.146
194.66,44302,27225,29115,4117.5,27225,375.56,349.63,73.715,382.5,12.18,32.605,236.48,682.41,107.17,63.044,220.05,411.992,294.805,33.9491,18.8337,548.51,956.152,614.157,417.416,104.241
194.17,44268,27341,29096,4146,27341,375.56,349.12,74.247,379.4,12.257,32.527,235.05,677.26,108.85,62.451,219.38,413.131,297.401,34.0843,19.1257,551.685,940.822,620.571,413.827,105.668
193.49,44192,27133,29046,4105.9,27133,373.48,346.6,74.049,378.2,11.991,32.352,235.29,673.35,108.36,62.399,218.26,411.145,292.245,33.9298,18.7849,543.259,942.278,603.635,416.521,105.306
194.74,44384,27328,29162,4140.5,27328,376.8,350.24,74.213,381.1,12.268,32.764,235.93,681.03,108.06,62.846,220.16,414.814,297.309,34.173,19.0603,551.65,952.417,618.855,412.715,104.989
194.57,44337,27342,29205,4138.1,27342,375.47,349.54,74.014,381.26,12.237,32.627,236.34,680.74,108.89,62.96,219.64,412.678,295.73,34.208,18.9165,549.624,953.865,617.561,412.16,105.719
193.25,44132,27216,29044,4122.6,27216,372.93,346.82,73.844,378.01,12.074,32.263,235.47,674.94,108.96,62.32,218.16,411.154,293.978,34.002,18.919,546.237,941.728,610.418,415.983,105.806
193.56,44165,27347,28954,4142.4,27347,374.24,348.31,73.887,378.67,12.21,32.323,235.06,677.04,110.11,62.33,218.81,411.813,295.179,33.7534,18.9584,548.404,937.01,618.296,420.504,106.779
193.65,44310,27342,29272,4147.2,27342,374.81,348.2,74.486,377.08,12.182,32.562,235.7,674.79,110.06,62.576,218.87,412.213,296.265,34.4572,19.0993,548.937,947.141,615.277,403.974,106.73
193.49,44334,27336,29182,4144.3,27336,374.58,348.03,74.316,377.1,12.15,32.538,235.32,675.54,110.27,62.764,218.63,411.891,295.516,34.1358,19.0364,547.85,946.487,612.179,410.001,106.918
193.97,44273,27245,29304,4127.5,27245,374.43,347.46,74.273,378.86,12.154,32.465,236.19,675.24,108.6,62.672,218.89,411.07,295.029,34.5077,18.9677,547.724,944.746,618.938,404.455,105.484
195.66,44687,27497,29344,4178.5,27497,380.59,352.99,75.26,380.44,12.452,33.297,235.35,681.1,108.36,63.127,221.39,418.12,302.807,34.4845,19.492,559.011,956.117,624.38,402.622,105.188
193.96,44116,27178,29073,4113.5,27178,373.89,347.46,74.167,379.33,12.08,32.32,235.22,673.05,108.13,62.056,218.77,410.85,293.519,34.1244,18.8465,545.812,939.259,609.342,413.815,105.09
193.91,44255,27335,29000,4140.8,27335,375.02,348.9,74.057,379.17,12.197,32.493,235.04,677.68,109.56,62.504,219.09,412.955,295.61,33.8176,18.9794,548.906,943.098,613.969,419.153,106.305
194.23,44226,27335,29255,4137.9,27335,374.53,348.84,73.958,380.47,12.234,32.483,237.15,679.28,109.22,62.659,219.4,411.792,295.399,34.4636,18.919,549.071,951.738,620.635,407.492,106.014
194.36,44338,27260,29063,4125.1,27260,375.65,348.59,74.005,380.73,12.184,32.562,236.09,679.15,108.31,62.874,219.37,413.144,294.686,33.8571,18.8698,547.734,943.361,617.802,418.799,105.237
193.7,44260,27322,28963,4146,27322,375.03,347.81,74.658,376.97,12.172,32.413,233.46,670.79,109.69,62.112,218.33,412.164,296.68,33.7306,19.1506,549.875,926.492,613.246,418.577,106.409
194.29,44399,27312,29128,4143.1,27312,376.7,349.46,74.975,377.65,12.153,32.788,233.99,672.91,109.18,62.353,219.37,414.448,296.781,34.1187,19.1302,549.454,944.942,604.852,410.386,105.961
197.04,44601,27426,29314,4153.5,27426,380.66,354.67,74.465,387.16,12.491,33.3,237.4,689.04,105.68,63.374,222.58,418,301.47,34.4463,19.1819,559.517,970.706,625.137,409.513,102.865
194.29,44316,27315,29160,4144.2,27315,376.55,349.91,74.563,378.77,12.227,32.728,235.37,676.7,108.46,62.34,219.92,414.649,297.785,34.3101,19.1822,551.54,948.998,613.765,408.466,105.328
193.13,44125,27158,29208,4110.6,27158,372.86,346.16,74.155,376.78,11.996,32.311,236.1,672.01,109.37,62.167,218.22,410.772,291.775,34.4657,18.7816,542.047,945.851,606.424,405.442,106.192
194.38,44323,27243,29242,4129.9,27243,376.11,348.84,74.503,379.36,12.196,32.63,235.48,675.81,107.78,62.585,219.74,412.398,296.456,34.3683,19.0721,549.746,944.642,617.991,406.524,104.756
194.72,44160,27156,29163,4102.4,27156,374.93,348.39,73.932,382.3,12.129,32.462,236.44,677.93,107.18,62.35,219.76,412.31,292.545,34.356,18.6674,545.026,948.45,615.068,411.701,104.274
193.64,44298,27293,29224,4141.7,27293,374.92,347.76,74.451,377.23,12.181,32.519,235.26,674.43,109.09,62.505,218.8,412.658,296.814,34.3705,19.1596,549.84,941.331,618.472,406.255,105.891
194.92,44415,27327,29181,4141.8,27327,377.06,350.51,74.58,380.66,12.238,32.812,235.22,678.06,108.1,62.776,220.11,413.626,297.533,34.1388,19.0936,551.775,951.37,612.174,411.596,105.021
194.16,44251,27271,29282,4130.8,27271,375.3,349.2,74.252,379.34,12.178,32.606,236.36,677.56,108.64,62.546,219.86,411.874,295.371,34.5326,18.9695,548.175,955.482,613.882,403.757,105.509
194.71,44285,27232,29294,4125.6,27232,375.89,349.38,74.459,380.5,12.171,32.713,236.2,676.99,107.3,62.403,219.91,414.02,296.256,34.6684,19.0203,549.751,956.078,611.78,403.365,104.339
194.76,44445,27306,29207,4139.3,27306,377.38,349.71,74.542,380.21,12.264,32.795,235.6,678.49,107.96,62.87,220.07,414.619,297.443,34.2156,19.106,551.348,945.265,621.656,410.124,104.897
194.84,44391,27350,29184,4146.9,27350,376.85,350.59,74.528,380.51,12.249,32.834,235.74,678.81,108.23,62.624,220,415.337,298.172,34.2879,19.1466,552.729,954.804,611.916,410.402,105.122
193.55,44167,27138,29180,4110.4,27138,373.39,346.38,74.083,378.31,12.053,32.306,235.75,673.34,107.8,62.386,218.39,410.491,293.715,34.2921,18.9092,545.655,940.457,612.949,409.373,104.807
194.41,44458,27420,29175,4163.7,27420,376.53,350.23,74.66,378.76,12.269,32.805,234.88,677.43,109.22,62.839,219.39,414.276,299.69,34.1027,19.3148,554.639,949.934,612.695,411.494,105.962
193.76,44249,27300,29049,4138.8,27300,375.67,348.77,74.436,377.61,12.182,32.53,234.34,674.58,109.53,62.233,219.36,412.828,295.656,33.9935,19.0426,548.137,938.983,614.105,413.437,106.279
193.64,44177,27304,29184,4139.9,27304,375.03,348.62,74.277,377.72,12.21,32.467,235.74,675.66,109.45,62.184,219.52,412.131,295.925,34.4115,19.063,548.709,943.988,619.392,405.891,106.206
194.92,44329,27316,29112,4136.4,27316,376.52,350.2,74.222,381.76,12.258,32.683,235.81,679.74,107.93,62.662,220.07,413.857,296.765,34.0714,18.9977,551.247,948.577,617.184,415.32,104.875
194.3,44292,27188,29214,4109.3,27188,374.83,348.71,73.51,381.98,12.134,32.594,237.65,683.6,107.39,63.157,219.81,412.785,293.338,34.2546,18.7335,545.937,962.57,615.14,412.288,104.451
194.89,44231,27256,29102,4124.7,27256,376.47,350,74.355,381.39,12.211,32.628,235.38,677.22,107.78,62.212,220.29,413.45,295.244,34.197,18.8968,548.693,946.435,614.037,412.833,104.771
194.3,44322,27277,29139,4128.9,27277,375.49,348.79,74.06,380.36,12.191,32.57,236.13,678.91,108.57,62.85,219.47,412.501,294.976,34.0488,18.9014,548.057,946.886,617.388,414.349,105.452
194.06,44250,27417,29240,4157,27417,375.11,349.03,74.349,378.71,12.293,32.509,235.6,676.73,110.27,62.411,219.28,412.546,297.138,34.4765,19.1001,551.151,943.818,623.987,405.785,106.898
193.25,44157,27251,28990,4123.3,27251,372.25,346.68,73.519,378.99,12.078,32.174,235.77,676.83,109.54,62.748,217.83,409.141,293.06,33.6534,18.7991,545.5,941.377,610.867,422.627,106.317
194.78,44466,27368,29164,4152.9,27368,377.53,350.74,74.618,379.95,12.277,32.903,235.43,679.22,108.23,62.791,220.08,416.012,299.199,34.1636,19.2464,553.963,952.181,614.595,411.654,105.114
194.64,44323,27404,29209,4156.1,27404,376.42,350.91,74.604,379.65,12.266,32.777,235.64,677.59,109.25,62.393,220.03,414.101,298.274,34.4005,19.1674,552.776,955.981,610.539,407.219,106.008
194.93,44342,27254,29254,4125,27254,376.59,349.86,74.179,381.88,12.233,32.728,236.84,680.62,107.32,62.824,220.39,413.667,295.841,34.4128,18.9306,549.575,954.509,619.477,408.165,104.362
195.17,44465,27332,29073,4144.1,27332,378.27,351.29,74.63,381.19,12.279,32.916,234.61,679.31,107.54,62.773,220.55,415.361,298.583,33.8832,19.1632,553.367,948.65,613.744,416.653,104.526
192.08,44203,27192,29065,4120.2,27192,371.87,344.97,74.044,373.84,11.931,32.212,234.28,670.65,110.94,62.569,217.06,409.201,291.579,33.8421,18.8516,540.938,939.331,601.533,413.94,107.544
191.97,44165,26986,29184,4091.2,26986,371.62,343.72,74.331,372.9,11.788,32.219,234.27,666.44,108.61,62.312,217.02,408.564,290.734,34.2128,18.8714,538.862,940.721,594.449,405.364,105.55
194.78,44245,27374,29123,4137.1,27374,375.7,350.19,73.793,382.57,12.29,32.57,236.37,682.62,109.39,62.701,220.15,413.227,294.577,34.1508,18.7632,548.453,952.543,621.854,415.262,106.161
192.76,44149,27229,29130,4125.7,27229,372.33,346.63,73.876,376.35,12.025,32.277,235.39,674.3,109.92,62.492,217.96,409.674,293.398,34.1124,18.9171,544.703,948.696,605.032,411.199,106.642
194.5,44232,27319,29076,4136,27319,374.92,349.2,74.328,380.34,12.17,32.527,234.86,675.49,109.03,62.273,219.09,412.611,295.406,34.0678,18.9291,549.028,946.104,607.671,415.624,105.85
193.84,44393,27325,29303,4143.7,27325,374.96,348.11,74.582,377.38,12.147,32.645,235.58,674.68,109.77,62.821,218.7,412.377,296.087,34.4239,19.0777,548.615,949.848,611.278,404.36,106.482
194.91,44500,27470,29345,4166.3,27470,377.09,351.21,74.249,381.3,12.387,32.89,236.51,684.09,108.98,63.373,220.35,414.362,299.9,34.4447,19.2313,555.764,960.987,625.839,406.006,105.75
194.45,44228,27211,29025,4118.2,27211,376.34,349.66,74.447,379.77,12.12,32.652,234.83,675.4,108.12,62.072,220.06,413.84,294.09,34.0291,18.8614,546.147,947.494,604.829,414.795,105.08
194.9,44210,27389,29220,4145.8,27389,375.82,350.14,74.304,381.51,12.315,32.549,235.98,678.08,109.26,62.294,220.07,412.363,296.336,34.4732,18.9475,550.857,946.515,622.879,407.809,106.032
193,43925,27155,29217,4103.8,27155,370.7,344.89,73.294,379.1,12.068,31.905,237.26,675.37,109.11,62.217,217.82,407.876,290.717,34.5204,18.6264,542.13,939.085,623.54,408.012,105.978
194.3,44415,27341,29083,4144.1,27341,376.08,349.26,74.509,378.99,12.183,32.711,234.78,676.45,109.3,62.752,219.11,414.087,296.491,33.899,19.0547,549.779,945.778,609.423,416.308,106.072
194.18,44234,27338,29240,4140.2,27338,374,348.03,74.178,379.76,12.199,32.435,236.74,676.15,109.43,62.509,218.63,412.013,295.611,34.4501,18.9619,549.305,945.889,617.56,408.243,106.19
193.34,44437,27400,29221,4152.1,27400,374.07,347.99,73.413,379.06,12.256,32.505,237.49,684.76,110.22,63.854,218.65,411.458,296.397,33.9384,19.0302,550.157,953.629,627.671,414.876,106.859
192.95,44112,27145,29098,4108.1,27145,372.06,346.04,73.743,377.44,11.971,32.233,235.95,674.22,108.96,62.407,217.87,410.09,291.888,34.1013,18.7778,542.721,947.917,603.304,413.411,105.832
193.39,44296,27241,29077,4123.4,27241,374.38,347.25,73.974,377.88,12.094,32.452,235.59,676.73,109.66,62.808,218.63,412.07,293.056,33.8927,18.8274,544.281,943.136,613.194,416.01,106.422
194.24,44332,27265,29118,4131.6,27265,375.63,348.84,74.195,379.78,12.183,32.596,235.45,677.82,108.08,62.755,219.39,412.88,296.216,34.0181,19.0323,549.722,945.739,615.16,414.535,105.017
193.44,44200,27225,29047,4121.5,27225,373.54,346.69,73.848,378.55,12.11,32.278,235.74,675.69,109.05,62.591,218.29,410.931,293.568,33.8838,18.8616,545.723,936.467,617.005,417.683,105.887
193.83,44596,27441,29251,4168.4,27441,376.29,349.72,74.331,377.68,12.261,32.887,235.37,681.42,109.84,63.616,219.14,414.549,299.688,34.0575,19.3398,554.05,958.154,615.818,410.557,106.499
194.45,44474,27418,29231,4158.7,27418,377.06,349.79,74.652,378.85,12.298,32.812,235.3,678.1,109.78,62.884,219.66,415.099,298.06,34.2756,19.1673,551.961,946.287,621.576,408.369,106.461
194.09,44350,27250,29137,4126.8,27250,375.79,348.72,74.357,378.84,12.126,32.665,235.59,676.58,108.76,62.68,219.39,413.461,294.665,34.0928,18.9293,546.734,948.915,609.379,412.278,105.625
192.88,44288,27158,29102,4114.9,27158,373.16,345.82,74.032,376.26,11.988,32.352,235.08,673.48,109.03,62.849,217.77,410.318,293.022,33.8679,18.907,543.749,941.224,606.724,414.812,105.886
194.05,44224,27331,29078,4138.1,27331,374.84,348.58,74.076,379.62,12.22,32.417,235.23,676.98,109.59,62.49,219.16,411.564,295.073,33.9944,18.9207,548.353,939.696,619.467,415.548,106.338
194.32,44448,27415,29255,4158.8,27415,375.95,349.97,74.662,378.49,12.217,32.809,235.43,676.95,109.91,62.879,219.24,413.585,297.963,34.2873,19.1737,551.839,956.24,607.891,407.624,106.575
193.68,44438,27452,29206,4158.3,27452,374.57,348.52,73.842,378.84,12.255,32.579,236.53,681.77,111.16,63.48,218.63,412.458,295.988,34.0094,18.9822,549.39,951.843,621.814,413.833,107.675
194.79,44286,27374,29106,4150.9,27374,376.94,350.35,74.915,379.36,12.262,32.712,234.17,673.79,109.18,61.927,219.87,414.872,297.649,34.27,19.133,551.714,941.236,612.681,410.261,105.948
195.36,44441,27571,29234,4179.4,27571,376.84,351.58,74.316,382.56,12.457,32.785,236.57,682.86,109.89,63.029,219.97,414.691,300.361,34.2737,19.2011,557.463,951.865,627.618,412.294,106.523
194.56,44246,27253,29176,4124.3,27253,374.98,348.78,74.103,381.16,12.174,32.522,236.35,677.68,107.97,62.565,219.41,412.176,294.98,34.2596,18.8857,548.499,948.633,614.477,411.911,104.937
195.16,44426,27383,29102,4157.7,27383,378.54,351.25,75.005,380.06,12.335,32.895,233.98,676.3,107.96,62.306,220.44,416.353,300.312,34.1274,19.335,555.73,940.959,618.231,412.245,104.869
194.65,44509,27307,29110,4138.9,27307,377.31,350.15,74.385,380.27,12.209,32.893,235.29,680.37,108.01,63.129,219.91,415.503,297.278,33.8909,19.0878,551.009,953.226,611.602,416.557,104.948
193.25,44293,27258,29169,4133.2,27258,374.35,347.29,74.162,376.87,12.125,32.458,235.27,675.51,109.39,62.734,218.62,411.585,295.165,34.1319,19.0395,547.196,943.079,615.635,410.003,106.165
194.84,44380,27371,29213,4154.1,27371,377.49,350.76,74.99,379.18,12.273,32.855,234.52,675.24,108.63,62.274,220.17,415.07,298.949,34.4192,19.2496,553.353,948.367,612.895,405.808,105.464
194.51,44263,27395,29141,4149.5,27395,375.75,349.78,74.177,380.62,12.308,32.538,235.58,678.85,109.47,62.538,219.75,412.54,296.772,34.1706,19.0127,551.231,943.694,623.523,412.66,106.211
195.66,44452,27366,29191,4150,27366,378.55,351.8,74.731,382.38,12.347,32.959,235.96,679.97,107.12,62.66,220.86,416.164,299.859,34.2817,19.2249,555.787,951.238,618.879,410.857,104.143
194.31,44388,27246,29105,4131,27246,377.06,349.49,74.689,378.48,12.148,32.81,234.56,675.67,108.13,62.448,219.84,415.468,296.263,34.1087,19.0777,548.745,947.698,608.05,411.691,105.063
192.49,44085,27272,29238,4137.7,27272,372.22,345.83,74.623,373.5,12.031,32.219,234.49,666.91,111.31,61.77,217.53,409.427,293.759,34.5816,19.0273,544.297,937.88,606.419,399.992,107.838
193.68,44203,27263,29016,4122.3,27263,372.75,346.62,73.522,380.32,12.129,32.18,236.13,677.7,109.29,62.916,217.95,409.35,292.997,33.661,18.7462,545.879,936.676,618.409,423.362,106.099
194.79,44525,27232,29351,4133.5,27232,377.89,350.31,74.845,379.39,12.189,33.015,236.08,677.85,106.59,63.033,220.5,414.458,298.651,34.4953,19.2568,552.361,959.466,610.84,401.806,103.703
194.12,44350,27298,29044,4134.8,27298,375.54,348.74,74.173,379.48,12.176,32.582,235.47,677.67,108.93,62.797,219.13,413.019,295.527,33.7951,18.9718,548.632,943.407,613.467,418.774,105.763
194.53,44228,27170,29164,4112.2,27170,375.7,348.47,74.228,380.73,12.152,32.548,236.09,676.57,107.08,62.339,219.78,413.235,294.491,34.3381,18.8814,547.255,944.527,616.664,410.15,104.171
193.52,44160,27182,29091,4119.8,27182,374.01,347.56,74.379,377.28,12.037,32.426,234.36,671.87,108.52,62.026,218.65,411.69,294.301,34.1743,18.977,546.037,944.305,602.385,410.897,105.429
195.4,44540,27399,29195,4159.8,27399,379.35,352.16,74.845,381.06,12.374,33.077,235.03,680.78,107.51,62.862,221.06,417.062,301.055,34.2131,19.3573,556.889,952.161,620.532,410.044,104.472
194.54,44544,27363,29272,4147.8,27363,376.43,349.96,73.762,381.63,12.314,32.798,237.43,686.36,107.86,63.922,219.94,413.257,298.619,34.0514,19.146,553.913,959.204,626.902,413.268,104.798
194.29,44215,27250,29099,4124.8,27250,374.58,348.41,74.114,380.37,12.146,32.455,235.3,676.21,108.29,62.421,219.05,411.917,294.776,34.0895,18.8968,548.036,944.708,611.675,414.97,105.214
194.87,44320,27295,29231,4138.8,27295,377.09,350.22,74.816,379.88,12.238,32.763,234.97,675.26,107.88,62.252,220.28,413.882,297.557,34.4741,19.1318,551.489,947.599,614.313,405.139,104.83
193.83,44316,27169,29208,4113.5,27169,374.33,347.69,73.916,379.43,12.067,32.543,236.35,678.28,107.66,63.017,218.98,411.594,294.117,34.1721,18.8923,546.292,954.681,609.206,411.234,104.683
193.45,44284,27231,29161,4128.8,27231,373.89,347.47,74.009,377.96,12.099,32.458,235.94,676.53,108.45,62.82,218.52,411.323,295.641,34.0926,19.0565,548.418,948.451,610.829,412.059,105.348
194.07,44364,27328,29198,4138.9,27328,374.69,348.11,74.193,379.28,12.173,32.552,235.95,677.25,109.51,62.951,218.66,412.301,295.371,34.1407,18.9559,548.462,946.885,615.033,412.258,106.261
194.04,44359,27331,29183,4147,27331,376.11,349.09,74.499,378.17,12.231,32.659,235.47,676.49,108.98,62.631,219.47,413.495,297.576,34.2194,19.1798,551.143,944.472,618.106,408.914,105.786
194.12,44107,27151,29043,4110.6,27151,374.83,348.75,74.081,379.98,12.098,32.438,235.29,675.55,107.16,62.02,219.7,411.668,294.31,34.1008,18.8997,546.965,946.701,607.434,414.059,104.243
193.85,44126,27243,29023,4130.5,27243,374.58,348.57,74.425,378.16,12.123,32.409,234.44,672.26,108.55,61.838,219.05,411.521,295.735,34.0443,19.0553,548.758,939.792,606.328,413.873,105.43
193.22,44079,27193,29096,4117.9,27193,372.92,346.34,74.249,376.86,12.038,32.207,235.3,670.22,109.53,61.933,218.11,409.735,292.657,34.1861,18.8482,543.756,935.3,608.517,410.646,106.32
193.43,44373,27196,29365,4123.6,27196,374.62,347.1,74.427,376.65,12.067,32.604,236.27,674.6,108.69,62.953,218.8,411.303,294.736,34.5359,19.0245,546.011,952.021,611.488,400.568,105.565
194.93,44341,27239,29146,4126.3,27239,376.76,350.25,74.291,381.57,12.199,32.777,235.58,679.59,106.79,62.625,220.27,414.718,296.863,34.2023,19.0347,551.005,954.823,611.424,412.708,103.894
193.47,43996,27195,29067,4116.4,27195,372.66,346.83,74.146,378,12.049,32.166,234.71,670.7,109.17,61.67,218.28,409.841,292.744,34.2404,18.8206,544.468,937.631,606.76,411.62,106.006
195.44,44341,27324,29115,4135.4,27324,377.71,351.2,74.405,382.78,12.299,32.784,235.79,680.04,107.7,62.54,220.82,414.5,296.703,34.12,18.9529,551.286,948.739,618.319,414.509,104.675
195.01,44290,27368,29170,4143.2,27368,377.24,350.89,74.296,381.7,12.332,32.729,236.41,680.66,108.72,62.423,220.74,414.971,296.643,34.3706,18.9686,550.903,949.729,623.901,409.826,105.561
194.5,44395,27334,29144,4142.8,27334,376.64,350.01,74.552,379.41,12.206,32.776,235.37,677.31,108.94,62.675,219.78,414.089,296.732,34.0976,19.0623,550.117,950.604,610.158,412.14,105.752
193.29,44192,27225,29301,4128,27225,373.37,346.7,74.241,376.91,12.102,32.359,235.62,673.3,109.02,62.432,218.43,410.35,294.922,34.5845,19.0305,547.014,944.887,615.48,401.969,105.848
193.81,44271,27208,29104,4118.3,27208,374.11,347.2,74.012,379.17,12.086,32.429,235.78,676.02,108.52,62.71,218.51,411.883,293.698,33.9956,18.8548,545.848,943.19,611.685,415.731,105.428
193.21,44321,27225,29003,4130.2,27225,374.66,347.4,74.496,375.87,12.037,32.526,233.95,672.03,109.24,62.461,218.26,412.482,295.119,33.7385,19.0774,546.634,939.886,601.784,416.965,106.038
193.44,44291,27286,29048,4134,27286,373.99,347.62,74.094,377.72,12.101,32.427,234.99,675.33,109.75,62.755,218.32,410.923,294.608,33.7648,18.9569,546.888,942.649,608.45,417.96,106.48
194.31,44316,27260,29317,4125.5,27260,375.05,348.58,73.816,381.06,12.215,32.564,237.33,681.56,108.04,63.131,219.7,411.813,295.075,34.4628,18.8926,548.431,954.992,623.942,406.606,104.995
193.94,44208,27318,29211,4137.3,27318,374.08,348.84,73.828,379.9,12.199,32.456,236.57,679.55,109.1,62.706,219.27,411.089,295.607,34.3147,18.9625,549.252,954.621,616.014,409.587,105.904
193.75,44353,27254,29287,4126.9,27254,373.99,347.36,73.946,379.03,12.119,32.518,236.72,678.43,108.87,63.182,218.59,411.445,294.512,34.315,18.9135,546.951,953.048,615.023,408.342,105.724
194.07,44194,27162,29276,4113.3,27162,374.69,347.59,74.413,378.86,12.098,32.472,235.78,673.32,107.78,62.24,219.27,411.355,294.047,34.5996,18.9076,546.003,945.215,613.399,402.981,104.786
195.02,44260,27287,29015,4129,27287,376.19,350.24,74.258,381.98,12.201,32.637,235.32,677.99,107.92,62.337,219.94,413.713,295.593,33.922,18.8995,549.611,947.935,609.147,419.071,104.886
193.09,44246,27230,29150,4123.3,27230,372.83,346.62,73.698,377.8,12.058,32.357,235.93,677.49,109.39,62.918,218.06,411.053,293.482,34.0711,18.8751,545.207,950.181,610.557,413.461,106.187
195.55,44285,27280,29219,4128.9,27280,377.01,350.89,74.358,383.36,12.275,32.749,236.32,679.76,106.78,62.43,220.73,414.152,296.923,34.4643,18.9699,551.897,953.854,617.25,409.084,103.88
196.83,44541,27467,29108,4166.5,27467,381.31,355.38,74.849,385.38,12.503,33.29,235.48,685.17,106.24,62.705,222.57,419.007,303.046,34.1012,19.3647,561.39,960.397,619.285,415.526,103.339
194.46,44335,27361,29153,4149.7,27361,376.4,350.23,74.298,380.01,12.286,32.678,236,679.28,108.56,62.686,220,413.287,298.242,34.1411,19.169,552.939,948.666,619.211,411.807,105.408
194.5,44357,27314,29258,4140.3,27314,375.72,349.47,74.399,379.92,12.202,32.718,236.72,677.93,108.37,62.721,219.51,413.726,297.092,34.4269,19.086,551.013,955.052,612.348,407.206,105.255
193.75,44299,27260,29193,4133,27260,374.44,347.66,74.389,377.83,12.117,32.505,235.62,674.02,108.92,62.595,218.57,411.709,295.626,34.2186,19.0483,548.276,944.248,610.727,409.417,105.751
193.85,44335,27394,29210,4146.7,27394,374.6,348.74,73.654,379.98,12.258,32.535,237.05,682.99,110.22,63.215,219.18,412.754,295.365,34.1867,18.9106,548.804,954.142,624.191,412.261,106.875
194.11,44408,27385,29201,4153.8,27385,375.98,348.65,74.545,378.27,12.264,32.622,235.18,676.1,109.82,62.815,219.06,413.102,297.379,34.1652,19.1428,551.045,938.874,622.946,410.003,106.511
193.98,44288,27353,29225,4152.6,27353,375.63,349,74.875,377.01,12.203,32.632,233.53,672.38,109.63,62.116,219.15,413.347,297.736,34.4843,19.2253,551.092,943.884,611.868,403.759,106.345
193.47,44311,27321,29232,4141.9,27321,374.3,347.81,74.084,377.7,12.18,32.473,235.84,677.23,109.77,62.923,218.76,411.019,295.763,34.2258,19.045,548.549,946.733,618.723,408.464,106.488
194.35,44270,27181,29091,4107.2,27181,374.78,348.08,73.795,381.46,12.102,32.495,236.49,679.21,107.82,62.842,219.28,412.18,292.516,33.958,18.6835,544.674,948.833,612.372,417.877,104.836
194.95,44340,27272,29058,4131.6,27272,377.5,350.54,74.469,381.09,12.232,32.788,235.52,678.45,107.43,62.4,220.45,415.513,296.851,34.0398,19.0375,550.769,947.484,613.549,415.452,104.446
193.92,44251,27306,29215,4135.3,27306,374.56,348.51,74.301,378.52,12.139,32.553,235.98,675.78,109.72,62.438,219.03,412.567,294.665,34.402,18.9254,547.003,952.102,609.248,407.303,106.449
193.95,44114,27211,29176,4116.2,27211,373.63,347.56,73.965,379.8,12.107,32.354,236.21,675.75,108.6,62.192,218.91,411.759,293.127,34.4384,18.7852,545.342,947.493,612.786,409.096,105.507
193.2,44137,27231,29201,4122.5,27231,372.21,346.68,73.776,378.05,12.058,32.252,235.7,675.48,109.47,62.578,218.09,409.269,293.218,34.2852,18.847,545.142,949.847,609.379,409.457,106.253
193.46,44359,27368,29194,4151.8,27368,374.95,348.68,74.22,377.13,12.189,32.625,235.94,677.96,110.21,62.855,218.93,413.238,296.726,34.2,19.1284,549.615,952.224,613.647,409.186,106.856
192.93,44158,27142,29100,4109.6,27142,372.57,345.92,74.021,376.59,11.965,32.267,235.36,672.14,109.13,62.396,217.85,409.827,292.025,34.044,18.8166,542.496,942.851,603.107,412.751,105.981
193.82,44212,27245,29075,4127.2,27245,374.93,348.1,74.289,378.34,12.132,32.471,235.24,674.54,108.92,62.217,219.07,412.753,294.617,34.1046,18.9481,546.871,940.968,612.19,413.03,105.768
194.37,44279,27236,29175,4120.3,27236,375.06,348.11,74.333,379.93,12.125,32.522,235.77,675.05,108.68,62.539,219.12,411.884,293.593,34.2119,18.8087,545.788,943.944,612.091,411.297,105.567
194.15,44221,27297,29135,4133.9,27297,374.45,348.08,74.157,379.77,12.192,32.406,235.48,675.77,108.95,62.445,218.85,411.633,295.346,34.1641,18.9517,548.848,940.073,617.958,413.042,105.778
193.32,44333,27347,29138,4138.8,27347,373.78,347.05,73.539,378.8,12.207,32.362,236.68,681.03,110.52,63.341,218.39,411.304,293.991,33.8931,18.8482,546.461,942.544,627.333,416.774,107.148
193.97,44261,27281,29151,4133,27281,374.8,348.39,74.304,378.72,12.146,32.517,235.17,675.31,109.1,62.469,219.02,412.07,295.171,34.1855,18.9721,547.902,945.867,611.152,411.064,105.912
193.33,44047,27212,29088,4120.1,27212,373.11,346.88,74.128,377.51,12.077,32.208,235.11,671.8,109.47,61.877,218.47,410.009,292.947,34.2204,18.8463,544.471,937.174,611.133,410.743,106.264
193.87,44394,27288,29188,4137,27288,375.28,348.62,74.28,378.31,12.135,32.694,235.64,677.7,108.9,62.908,219,413.814,296.145,34.1679,19.064,548.917,953.985,608.819,410.847,105.728
192.71,43961,27127,29053,4100.6,27127,370.48,344.68,73.639,377.28,11.935,31.94,235.37,670.82,109.7,62.047,217.14,407.495,289.754,34.0522,18.6099,539.931,936.976,604.71,415.131,106.5
192.79,44152,27192,29046,4110,27192,371.88,344.82,73.396,377.96,12.047,32.07,235.88,676.26,110.07,62.817,217.46,409.598,290.468,33.8256,18.6242,541.015,933.945,620.385,419.286,106.809
194.01,44189,27249,29123,4130.1,27249,374.8,348.66,74.104,379.42,12.169,32.497,235.67,676.99,108.01,62.262,219.32,413.226,296.175,34.2794,19.0487,549.717,947.874,613.783,411.188,104.958
192.66,44052,27098,29177,4101,27098,371.46,345.14,73.722,376.69,11.953,32.107,236.22,672.64,108.88,62.353,217.78,408.131,291.097,34.2826,18.7499,541.314,944.057,607.629,408.477,105.775
193.6,44392,27281,29111,4135.7,27281,375.19,348.39,74.235,377.62,12.114,32.639,235.2,677.09,109.3,62.953,218.89,412.804,295.5,33.8991,19.0331,547.731,949.925,607.789,414.588,106.081
194.1,44216,27165,29058,4111.9,27165,375.35,348.36,74.321,379.13,12.07,32.561,235.25,674.64,107.88,62.147,219.4,413.626,293.625,34.1111,18.859,545.305,946.185,605.407,413.449,104.877
193.32,44205,27275,29187,4126.1,27275,372.36,346.75,73.357,379.54,12.13,32.254,237.28,680.28,109.58,63.1,218.18,409.848,293.288,34.1236,18.7904,545.868,950.385,619.14,413.848,106.35
193.69,44293,27383,29129,4153.6,27383,375.18,348.65,74.629,376.83,12.196,32.541,234.45,673.26,110.69,62.327,218.83,412.35,296.376,34.1284,19.1048,549.146,940.203,612.61,410.134,107.272
194.53,44294,27286,28984,4140.9,27286,376.96,349.77,74.894,378.74,12.202,32.673,233.57,672.53,108,61.935,219.64,414.532,297.97,33.9045,19.2109,551.926,935.371,609.443,416.216,104.927
194.41,44170,27240,29245,4121,27240,374.51,348.96,74.032,380.93,12.153,32.497,236.68,677.8,108.15,62.417,219.66,411.293,294.274,34.5072,18.8362,547.326,955.548,611.964,406.832,105.102
193.09,44137,27170,29134,4116.8,27170,373.36,346.46,74.055,376.9,12.06,32.281,235.53,673.22,108.79,62.268,218.45,410.492,293.551,34.217,18.9303,544.912,939.595,613.214,409.541,105.671
195.25,44438,27365,29217,4149.5,27365,377.91,351.27,74.57,381.58,12.324,32.91,236.19,680.48,107.66,62.76,220.62,415.761,299.176,34.3296,19.1923,554.502,953.431,619.246,409.491,104.614
194,44261,27318,29200,4136.4,27318,373.95,348.15,73.748,380.39,12.213,32.407,236.38,679.86,108.94,62.975,218.88,410.836,295.606,34.1714,18.9481,549.547,948.361,621.304,412.699,105.771
193.57,44277,27232,29092,4127.9,27232,374.74,347.62,74.258,377.64,12.111,32.484,235.31,674.71,108.77,62.519,218.75,412.363,295.1,34.0136,19.0171,547.324,941.108,611.974,413.509,105.63
194.67,44366,27281,29237,4135.4,27281,376.4,349.47,74.77,379.43,12.17,32.778,235.11,674.98,108.17,62.424,219.61,414.542,296.712,34.4511,19.0772,550.014,950.811,608.672,406.315,105.09
191.95,43947,27123,28919,4105.4,27123,370.89,343.94,73.919,374.12,11.912,31.904,234.19,667.2,110.72,61.649,216.84,408.67,289.629,33.8256,18.7011,538.484,924.806,605.213,417.223,107.384
195.21,44354,27321,29253,4139.6,27321,376.75,350.79,74.451,381.93,12.261,32.799,236.27,679.38,107.46,62.654,220.34,413.923,297.888,34.4363,19.0863,552.866,956.963,613.874,407.889,104.455
192.67,44151,27141,29112,4108.8,27141,372.04,345,74.045,375.77,11.951,32.164,234.92,670.43,109.72,62.434,217.41,408.554,291.249,34.0103,18.7779,541.158,936.484,605.813,412.326,106.495
193.66,44380,27290,29292,4133.7,27290,374.29,347.56,74.155,378.08,12.114,32.598,236.37,677.48,109.65,63.06,218.54,412.718,294.601,34.3858,18.9377,546.61,954.496,612.007,406.699,106.391
193.87,44326,27287,29027,4140.7,27287,375.65,348.77,74.456,377.92,12.17,32.564,234.65,674.69,108.62,62.532,219.07,412.297,297.204,33.7768,19.1729,550.673,938.917,611.251,417.051,105.479
193.93,44306,27262,29201,4126.4,27262,374.95,347.71,74.231,378.78,12.139,32.538,235.48,676.29,109.36,62.661,218.97,413.053,293.756,34.2954,18.8503,545.554,945.199,616.106,409.413,106.152
194.47,44246,27257,29119,4129.1,27257,375.79,348.88,74.332,380.2,12.209,32.532,235.57,676.07,107.92,62.329,219.61,412.882,295.982,34.1793,19.0024,549.593,940.315,618.389,412.427,104.882
193.74,44081,27244,29138,4118.4,27244,372.77,346.99,73.731,379.93,12.125,32.178,236,675.82,109.41,62.371,218.51,409.216,292.309,34.2029,18.7035,544.56,941.114,617.258,412.922,106.21
193.48,44256,27294,29123,4142.8,27294,374.31,347.87,74.473,376.76,12.132,32.465,234.78,672.74,109.27,62.333,218.44,411.734,296.846,34.1163,19.1801,549.933,941.205,609.205,410.852,106.045
192.27,43977,27148,28990,4109.4,27148,370.86,345.18,73.497,376.16,11.962,31.993,236.01,672.93,109.77,62.122,217.41,408.482,291.212,33.9059,18.765,541.67,939.75,605.902,416.844,106.54
194.81,44363,27344,29173,4143.7,27344,377.1,350.34,74.371,380.87,12.299,32.738,235.85,679.69,108.3,62.691,220.32,414.271,297.498,34.2183,19.0788,551.896,947.582,622.018,411.151,105.194
193.55,44329,27240,29036,4126.8,27240,374.72,347.87,74.011,378.2,12.096,32.535,235.26,677.41,108.9,62.838,218.72,412.91,294.611,33.7853,18.9523,546.721,946.43,609.163,418.434,105.749
192.44,44162,27291,29160,4135,27291,372.13,345.42,74.013,374.98,12.077,32.145,235.29,672.06,111.52,62.504,217.44,408.843,292.741,34.1343,18.8862,543.425,934.48,616.742,409.37,108.026
193.5,44273,27280,29117,4131.1,27280,374.06,347.18,73.809,378.7,12.171,32.366,236.3,678.09,109.42,62.902,218.57,411.413,294.43,33.9736,18.9114,546.996,940.082,622.336,415.354,106.201
194.01,44248,27291,29095,4136,27291,375.29,348.48,74.414,378.52,12.176,32.513,234.58,674.56,109.12,62.257,219.12,412.996,295.635,34.1264,19.0157,548.525,939.92,614.267,412.496,105.929
193.06,44067,27236,29057,4125.2,27236,373.2,346.57,74.302,376.13,12.059,32.249,234.47,670.4,110.32,61.706,218.15,411.741,292.768,34.2354,18.8662,543.601,935.438,608.974,410.487,106.998
194.74,44272,27351,29183,4144.2,27351,376.36,350.15,74.223,381.17,12.316,32.614,236.12,679.58,108.35,62.516,220.22,413.264,297.478,34.3173,19.069,552.27,946.445,624.668,410.074,105.236
193.9,44058,27288,29231,4133.2,27288,373.56,347.25,74.42,378.39,12.176,32.261,236.1,671.28,109.62,61.702,218.61,411.214,294.558,34.699,18.9337,547.323,935.853,619.404,403.242,106.365
194.7,44197,27272,29152,4128.4,27272,375.26,349.51,73.92,382.08,12.24,32.516,236.1,680.02,107.46,62.467,219.9,412.785,296.183,34.2939,18.9556,550.754,950.176,619.399,412.47,104.475
194.61,44222,27248,29076,4122.7,27248,375.19,349.22,74.188,381.09,12.141,32.562,235.33,676.88,108.05,62.303,219.45,413.235,294.638,34.1083,18.8592,547.882,949.657,607.193,415.582,105.007
195.66,44645,27542,29218,4179.3,27542,379.37,353.08,74.671,382.19,12.456,33.154,235.96,684.5,108.92,63.399,220.96,417.025,301.782,34.0795,19.336,558.614,958.324,622.49,413.161,105.678
194.82,44543,27425,29250,4160.1,27425,377.26,350.73,74.451,380.48,12.313,32.919,236.08,681.58,108.86,63.303,219.94,415.049,299.281,34.1853,19.2178,554.375,956.169,618.508,410.709,105.651
193.34,44156,27129,29234,4105.8,27129,373.35,346.4,73.781,378.45,12.066,32.301,236.59,676.27,108.06,62.611,218.8,410.151,292.617,34.3992,18.8104,543.897,945.804,617.804,406.855,105.042
192.75,44132,27178,29213,4116.2,27178,372.09,345.42,74.073,375.91,12.002,32.18,235.17,671.13,109.84,62.404,217.7,408.316,292.149,34.3002,18.8399,542.626,940.059,609.71,406.6,106.592
193.99,44328,27325,29023,4142.4,27325,375.04,349,74.111,379.25,12.182,32.546,235.03,677.75,108.91,62.797,218.94,412.196,296.796,33.719,19.0838,550.727,945.393,610.817,419.964,105.726
195.64,44364,27424,29116,4156.9,27424,378.26,352.39,74.602,382.67,12.383,32.904,235.27,680.71,107.98,62.372,220.96,416.354,299.629,34.2247,19.1775,555.761,952.241,618.416,412.918,104.889
193.63,44278,27317,29128,4141.4,27317,374.84,348.05,74.362,377.47,12.169,32.489,234.89,674.65,109.84,62.469,218.79,412.26,295.644,34.1132,19.0427,548.231,940.633,614.906,411.364,106.543
192.74,44028,27273,29110,4133.1,27273,372.3,346.69,74.045,375.87,12.084,32.151,235.18,671.79,110.66,61.929,218.1,409.14,293.544,34.2476,18.9342,545.022,939.516,610.755,408.768,107.28
193.6,44209,27205,29044,4117.9,27205,374.02,347.44,74.304,377.74,12.026,32.418,234.62,672.4,109.31,62.279,218.49,411.105,292.777,33.9231,18.8215,543.897,942.445,601.712,415.518,106.124
194.01,44404,27253,29240,4128.4,27253,374.5,348.34,73.805,380.13,12.135,32.62,236.81,681.21,107.93,63.423,218.96,411.941,295.874,34.1192,18.9954,549.347,959.238,612.198,412.422,104.892
192.97,44256,27149,29214,4109.2,27149,372.51,345.9,73.659,377.64,12.001,32.305,236.55,676.62,108.78,63.151,218.03,408.703,292.267,34.0737,18.8007,543.189,949.762,610.045,411.324,105.67
194.06,44413,27396,29209,4156.9,27396,375.56,349.63,74.251,378.88,12.25,32.686,235.67,679.39,109.39,63.085,219.28,412.548,298.368,34.1113,19.2059,552.82,953.09,615.506,411.067,106.127
194.58,44405,27222,29169,4124.4,27222,376.2,349.06,74.331,380.43,12.154,32.718,235.74,677.96,107.17,62.933,219.59,413.308,296.271,34.0747,19.0272,549.741,949.879,611.587,413.263,104.228
193.46,44164,27258,29052,4129.9,27258,373.86,347.29,74.315,377.27,12.093,32.353,235.01,672.16,109.71,62.055,218.34,411.879,294.13,34.0705,18.9396,546.03,937.564,608.964,413.568,106.455
193.34,44295,27250,29050,4122.9,27250,373.05,346.77,73.616,378.86,12.075,32.321,236.4,678.03,109.55,63.19,217.99,409.731,292.978,33.6332,18.7918,544.966,944.297,611.459,421.53,106.328
194.57,44248,27308,29123,4133.3,27308,375.62,349.8,74.08,381.13,12.221,32.589,235.77,679.3,108.54,62.518,219.88,412.972,295.527,34.161,18.9146,549.264,951.129,614.73,413.587,105.422
193.48,44290,27212,29142,4122.8,27212,374.36,346.92,74.302,377.26,12.067,32.483,235.45,673.82,109.08,62.537,218.4,412.756,293.928,34.1555,18.9328,545.313,942.117,610.331,411.106,105.917
193.57,44204,27194,29085,4119.1,27194,373.94,347.02,74.059,378.34,12.092,32.341,235.33,674.44,108.42,62.472,218.55,410.86,294.133,33.9995,18.9261,546.333,938.441,613.55,414.588,105.343
193.32,44230,27327,29053,4143.2,27327,374.82,348.35,74.115,377.16,12.19,32.44,235.27,676.37,110.13,62.449,219.07,411.988,295.543,33.9464,19.0412,548.033,940.776,617.123,414.124,106.8
192.83,44272,27179,29248,4119.2,27179,372.91,345.75,74.12,375.84,12.005,32.37,235.58,673.27,109.38,62.798,217.82,410.301,293.275,34.292,18.935,543.957,946.006,608.979,406.414,106.178
194.49,44225,27363,29339,4151.5,27363,375.64,349.46,74.701,379.08,12.282,32.605,235.76,674.75,108.94,62.069,219.71,413.183,298.155,34.868,19.1925,552.583,947.61,620.947,398.394,105.741
194.25,44191,27309,29138,4133.5,27309,374.46,348.48,73.649,381.5,12.27,32.371,237.03,680.91,108.4,62.676,219.34,412.116,295.738,34.1923,18.9267,550.173,943.756,628.226,414.394,105.297
193.1,44070,27198,29294,4122.1,27198,373.03,346.66,74.532,375.61,12.037,32.299,235.18,669.07,109.77,61.814,218.51,409.296,293.195,34.7395,18.9309,543.877,944.287,607.299,397.834,106.516
194.1,44356,27262,29136,4138.4,27262,376.99,349.19,75.065,376.83,12.15,32.769,233.92,671.75,108.6,62.103,219.6,414.819,297.065,34.2466,19.1966,549.455,941.525,607.735,407.307,105.459
195,44539,27334,29197,4142.9,27334,377.97,350.72,74.227,381.73,12.314,32.908,236.24,683.52,107.48,63.44,220.56,414.822,298.377,34.0112,19.1269,553.217,953.086,623.812,414.075,104.467
194.21,44284,27440,29080,4161.7,27440,376.09,350.1,74.24,379.4,12.341,32.566,235.38,678.89,109.9,62.506,219.75,413.173,298.279,34.0176,19.1689,553.112,941.49,624.431,414.444,106.561
195.1,44288,27342,29229,4138.6,27342,375.96,349.83,74.556,381.43,12.234,32.672,235.83,676.4,108.72,62.314,219.68,413.951,296.007,34.4957,18.9339,550.046,949.645,613.496,408.085,105.574
193.14,44138,27125,29165,4104,27125,372.18,345.71,73.513,378.73,12.03,32.173,236.23,676.46,108.13,62.78,218.09,408.877,292.203,34.1328,18.7713,543.728,944.194,615.052,412.693,105.111
192.98,44151,27182,29062,4116.3,27182,372.8,346.42,74.134,376.39,11.985,32.276,234.82,671.47,109.65,62.285,217.96,409.55,292.338,33.9499,18.8375,542.966,941.526,601.622,413.974,106.424
195.03,44516,27504,29184,4171,27504,377.67,351.39,74.541,380.83,12.378,32.909,235.81,681.4,109.76,63.067,220.09,415.675,299.569,34.1042,19.2055,555.105,951.711,621.132,413.157,106.422
194.22,44308,27248,29142,4124,27248,374.55,348.39,73.785,381,12.157,32.511,236.73,680.16,107.93,63.04,219.1,411.807,295.043,34.0046,18.899,548.581,951.178,614.786,416.212,104.898
192.76,44052,27232,29043,4126,27232,372.24,346.13,74.089,375.87,12.038,32.137,234.86,670.57,110.3,61.935,217.73,409.487,293,34.0554,18.9003,544.16,935.273,607.794,412.888,106.973
194.46,44525,27318,29344,4145,27318,376.61,349.44,74.609,379.02,12.207,32.887,236.02,678.46,108.21,63.213,219.56,414.241,298.206,34.434,19.2063,552.003,957.015,613.896,404.384,105.105
196.05,44551,27415,29120,4154.6,27415,379.88,353.16,74.583,383.81,12.405,33.14,235.85,684.4,107.2,62.991,221.54,418.218,300.137,34.0378,19.1815,556.445,956.696,620.117,416.385,104.205
193.52,44203,27223,29025,4123.2,27223,374.18,347.36,74.438,377.09,12.044,32.412,234.43,671.25,109.53,62.114,218.39,411.668,293.39,33.9342,18.8903,544.631,938.439,603.21,415.151,106.311
194.26,44166,27157,29159,4109,27157,374.53,348.15,73.828,381.1,12.129,32.445,236.59,678.48,106.92,62.449,219.51,412.32,294.175,34.3239,18.85,547.163,949.844,615.491,411.402,104.038
194.57,44321,27240,29194,4119.3,27240,374.97,348.44,73.674,382.37,12.198,32.537,237.67,682.17,107.51,63.144,219.43,412.69,294.641,34.1671,18.8205,548.35,951.645,621.829,414.564,104.537
194.27,44174,27300,29216,4138.3,27300,375.03,348.83,74.345,379.54,12.235,32.466,235.57,675.43,108.48,62.135,219.49,412.174,296.742,34.5162,19.0783,550.755,943.207,620.144,405.976,105.357
194.73,44243,27275,29171,4133.9,27275,376.69,349.8,74.612,380.09,12.237,32.665,235.28,675.66,107.82,62.042,220.18,414.503,296.861,34.4578,19.0728,550.633,944.381,617.199,407.287,104.787
192.14,44269,27124,29137,4111.6,27124,371.95,344.47,74.038,374.06,11.899,32.267,235.12,671.11,109.71,62.844,216.98,409.439,292.004,33.9368,18.9017,541.457,941.502,601.97,411.899,106.483
194.2,44316,27358,29174,4148.2,27358,376.02,349.36,74.379,379.02,12.258,32.644,235.77,677.69,109.24,62.5,219.58,414.365,297.218,34.3066,19.1128,550.992,946.067,619.819,409.331,106.01
193.81,44354,27318,29096,4142,27318,375.58,348.97,74.13,378.55,12.199,32.613,235.16,678.73,109.09,62.86,219.31,413.14,296.584,33.9306,19.0867,549.856,947.351,615.535,415.042,105.887
194.01,44224,27190,29227,4121.1,27190,374.86,348.17,74.358,378.75,12.112,32.531,235.96,674.64,107.67,62.33,219.31,412.024,295.41,34.4536,19.0206,548.063,948.5,610.835,405.779,104.673
193.77,44365,27283,29149,4138,27283,375.59,348.31,74.539,377.31,12.14,32.642,235.12,674.71,109.16,62.605,218.97,413.519,296.118,34.1249,19.0962,548.526,944.438,610.856,410.517,105.958
192.85,44259,27141,29264,4113.1,27141,372.63,345.99,73.942,376.43,11.978,32.378,235.86,674.66,108.6,62.931,217.99,409.538,293.341,34.2865,18.9345,544.247,952.512,605.612,406.509,105.507
195.17,44433,27413,29058,4163.8,27413,379.01,351.86,75.301,379.24,12.324,32.971,233.79,674.43,108.57,62.064,220.53,416.878,300.524,34.0647,19.3685,555.643,941.237,611.849,412.467,105.39
195.02,44453,27267,29194,4127.5,27267,377.42,350.37,74.267,381.79,12.22,32.881,235.98,681.61,107.39,63.066,220.47,415.114,296.119,34.169,18.9499,549.687,956.932,614.97,412.397,104.418
194.34,44482,27388,29211,4154.8,27388,377.09,350.36,74.582,378.64,12.245,32.902,235.66,679.17,109.43,62.935,219.88,415.441,297.993,34.2232,19.176,551.582,955.914,612.667,408.964,106.165
195.05,44593,27307,29241,4136.8,27307,378.08,351.38,74.057,382.28,12.262,33.066,236.9,686.55,107.02,63.736,220.88,415.738,297.955,34.0757,19.0773,552.44,968.584,615.62,413.087,104.077
194.42,44211,27308,29045,4132.9,27308,374.83,348.63,73.836,381.52,12.251,32.386,235.99,679.11,108.45,62.567,219.24,412.142,295.553,33.9348,18.9102,549.887,938.829,623.848,419.136,105.345
193.57,44235,27158,29158,4108.9,27158,373.44,346.78,73.753,379.24,12.055,32.353,236.2,677.07,108.17,62.9,218.56,410.026,292.764,34.0536,18.7883,544.477,946.877,612.414,413.696,105.135
194.75,44398,27310,29174,4134,27310,376.78,349.77,74.236,381.09,12.243,32.75,235.76,680.4,108.42,62.903,220.06,414.581,295.792,34.1684,18.9331,549.244,950.33,619.237,412.624,105.31
192.76,43911,27158,28932,4113.2,27158,372.52,346.4,74.101,375.95,12.009,32.081,234.42,669.16,109.61,61.299,218.25,410.058,292.042,34.0281,18.838,542.623,932.227,605.086,414.383,106.393
193.82,44104,27088,29191,4098.5,27088,374.32,347.52,74.346,378.38,12.001,32.44,235.6,672.16,107.7,61.913,219.35,411.253,292.008,34.5046,18.7684,542.589,948.637,603.35,404.991,104.741
194.56,44373,27402,29208,4152.2,27402,376.17,349.72,74.365,380.12,12.289,32.685,235.88,678.91,109.52,62.761,219.6,414.048,297.194,34.2839,19.0598,551.403,947.877,620.997,410.134,106.252
193.81,44306,27166,29131,4113.1,27166,374.54,347.45,74.221,378.54,12.037,32.522,235.46,674.79,108.15,62.721,218.73,411.584,293.545,34.0161,18.8721,545.099,946.807,605.325,413.551,105.112
195.51,44243,27299,29153,4131.2,27299,377.26,351.47,74.177,383.7,12.314,32.729,236.45,681.54,106.91,62.367,221.13,414.265,297.033,34.3441,18.9622,552.242,953.917,619.942,411.652,103.986
196.05,44569,27433,29326,4160.6,27433,379.85,353.37,74.88,382.87,12.408,33.223,235.94,683.07,107.43,62.994,221.73,417.324,300.907,34.5398,19.2708,557.119,964.527,619.033,404.504,104.396
193.42,44194,27252,29178,4133.6,27252,373.95,347.02,74.347,376.99,12.134,32.366,235.44,672.66,109.07,62.223,218.43,411.657,295.675,34.3476,19.0855,548.247,937.748,616.337,407.403,105.889
195.45,44582,27354,29239,4148.5,27354,379.09,351.49,75.032,380.75,12.28,33.12,235.31,678.61,107.79,62.913,220.68,416.942,298.944,34.2759,19.1961,553.334,954.432,612.598,408.42,104.735
194.56,44412,27257,29251,4125.7,27257,375.77,348.94,73.866,381.65,12.212,32.682,237.04,682.57,107.5,63.335,219.71,413.323,295.757,34.2295,18.9318,549.505,955.337,621.182,411.647,104.518
195.09,44447,27326,29211,4141.6,27326,377.57,350.84,74.833,380.4,12.219,32.919,235.03,676.98,108.16,62.671,220.26,414.586,297.455,34.254,19.0927,551.319,954.075,607.929,409.149,105.075
193.42,44209,27300,29149,4142.7,27300,373.73,347.5,74.599,376.29,12.105,32.396,234.32,670.41,109.84,62.138,218.13,410.726,296.101,34.2158,19.1303,548.774,939.595,606.49,408.672,106.54
194.74,44499,27430,29294,4160.4,27430,376.98,350.62,74.511,380.09,12.31,32.883,235.9,680.57,109.21,63.148,219.95,414.486,298.903,34.3487,19.1964,553.703,956.627,618.531,407.228,105.96
195,44441,27351,29261,4147.1,27351,377.78,350.64,74.773,380.23,12.287,32.885,235.28,677.95,108.34,62.7,220.43,414.853,298.078,34.4093,19.1439,552.247,950.393,618.297,405.995,105.217
195.35,44365,27419,29251,4151,27419,377.64,351.53,74.409,382.34,12.372,32.815,236.61,681.48,108.91,62.706,220.94,414.253,297.419,34.429,18.9973,552.29,953.393,624.569,407.678,105.717
194.01,44363,27271,29156,4132.8,27271,375.28,348.63,73.876,379.91,12.194,32.606,236.38,680.98,108,63.096,219.31,413.372,296.475,34.0618,19.0488,550.164,951.371,618.584,414.171,104.949
195.24,44365,27377,29170,4142,27377,376.54,350.93,73.938,383.48,12.318,32.739,237.06,683.95,108.16,63.018,220.35,414.18,296.934,34.1537,18.9358,552.188,956.982,620.801,415.163,105.072
193.56,44410,27187,29321,4118.9,27187,375.03,347.3,74.45,376.95,12.04,32.675,235.6,674.99,108.84,63,218.89,412.256,293.722,34.4195,18.9268,544.378,953.546,607.746,403.274,105.706
193.54,44277,27135,29081,4106.1,27135,373.85,346.34,74.198,377.91,11.985,32.409,235.21,672.8,108.55,62.63,218.14,411.134,292.048,33.8989,18.7743,542.702,940.342,604.429,415.996,105.474
195.25,44258,27275,29415,4129.2,27275,376.36,349.97,74.222,382.8,12.309,32.684,237.59,680.75,106.91,62.554,220.7,413.598,296.905,34.9789,18.9885,551.681,956.378,628.519,398.606,103.989
194.53,44364,27303,29214,4138.7,27303,376.16,349.25,74.597,379.48,12.198,32.713,235.56,676.01,108.46,62.564,219.49,414.006,296.808,34.3366,19.0782,550.349,947.983,613.111,408.455,105.336
194.6,44551,27387,29244,4159.7,27387,377.59,350.83,74.684,379.1,12.271,33.003,235.71,679.9,108.32,63.102,219.99,416.05,300.278,34.2458,19.36,555.156,958.311,612.667,408.473,105.181
194.16,44230,27359,29171,4146.8,27359,375.21,349.83,74.254,379.32,12.225,32.589,235.86,677.67,109.37,62.356,219.62,412.784,296.766,34.3302,19.0658,550.609,953.236,612.272,408.994,106.123
194.35,44222,27352,29112,4140.1,27352,374.56,349.33,73.456,382.3,12.302,32.415,237.19,683.66,108.46,62.951,219.57,411.663,296.493,34.022,18.9524,551.694,949.482,627.067,417.472,105.34
193.53,44307,27284,29262,4134.8,27284,374.72,347.75,74.411,376.97,12.122,32.569,235.48,674.81,109.91,62.591,218.86,412.576,294.618,34.4481,18.977,546.181,948.891,612.396,404.333,106.616
194.73,44423,27337,29214,4148.9,27337,377.91,350.57,74.916,379.02,12.27,32.884,235.2,676.29,108.27,62.487,220.37,415.159,298.696,34.3486,19.2416,552.71,947.581,615.976,406.227,105.157
193.45,44117,27215,29089,4120.7,27215,373.89,347.09,74.076,377.91,12.111,32.304,235.36,673.97,109.2,62.083,218.74,411.721,293.351,34.2078,18.8647,544.999,937.885,615.778,411.494,106.018
193.44,44231,27320,29167,4141.6,27320,373.53,347.44,73.836,378.43,12.196,32.341,236.05,677.78,109.44,62.763,218.43,411.144,296.088,34.1631,19.0544,549.667,943.254,621.593,412.018,106.198
193.2,44367,27299,29422,4138.7,27299,374.36,346.98,74.275,376.24,12.157,32.541,236.68,676.34,110.3,63.078,218.75,411.128,294.775,34.6711,19.0086,546.149,950.249,622.48,397.729,106.951
195.36,44494,27491,29171,4174.8,27491,379.02,352.93,74.671,381.39,12.442,33.04,235.22,682.63,108.34,62.808,221.14,416.976,302.129,34.2014,19.4122,558.966,955.148,622.362,411.174,105.17
194.53,44706,27419,29332,4160.4,27419,377.94,350.99,74.207,380.03,12.316,33.095,236.71,686.29,108.72,64.116,220.34,415.275,299.587,34.1223,19.2555,554.217,966.761,621.122,409.235,105.534
194.95,44397,27399,29143,4159,27399,378.43,351.18,74.994,379.42,12.342,32.871,234.82,676.22,108.71,62.25,220.57,415.906,299.547,34.2569,19.2832,554.305,941.777,620.192,408.939,105.523
194.26,44329,27235,29134,4121.9,27235,374.91,347.61,74.025,380.45,12.161,32.479,235.82,677.64,108.14,62.911,218.86,412.274,294.532,34.0079,18.8759,547.541,940.504,619.628,415.972,105.085
193.99,44275,27266,29203,4126,27266,374.33,348.51,73.758,380.29,12.15,32.524,236.61,680.53,108.69,62.957,219.25,411.891,294.368,34.2261,18.8559,547.221,956.86,613.845,411.553,105.569
194.45,44130,27272,29135,4128.4,27272,374.86,348.95,74.187,380.63,12.197,32.449,235.87,676.1,108.34,62.006,219.52,412.773,295.197,34.3906,18.9179,548.787,945.133,615.457,410.379,105.257
193.81,44405,27378,29253,4156.4,27378,376.02,349.02,74.558,377.22,12.25,32.683,234.97,676.58,109.76,62.822,219.34,413.018,298.072,34.3065,19.2377,551.566,945.955,619.991,405.745,106.451
194.61,44369,27265,29265,4126.8,27265,375.69,349.4,74.012,381.37,12.188,32.714,237.11,681.34,107.77,63.074,219.83,413.352,295.573,34.3552,18.9217,549.092,959.766,614.816,409.266,104.759
194.37,44372,27571,29096,4175.8,27571,375.44,350.29,73.924,380.7,12.388,32.591,236.16,682.79,111.57,63.046,219.22,413.72,297.704,33.9152,19.0334,552.997,947.933,625.864,418.477,107.994
194.45,44331,27243,29100,4122.3,27243,375.33,348.65,73.981,381.14,12.166,32.549,235.66,679.04,107.9,62.946,219.34,412.054,294.778,33.8959,18.8709,548.086,946.215,615.233,417.845,104.88
194.52,44323,27334,28990,4145,27334,376.65,350.49,74.25,380.39,12.256,32.693,234.94,679.31,108.09,62.524,219.98,414.515,298.133,33.7997,19.1562,552.882,946.816,613.784,419.566,105
193.25,44165,27298,29143,4128.5,27298,371.83,346.64,73.413,379.22,12.114,32.164,236.89,678.36,110.25,62.982,217.88,408.201,292.772,33.9759,18.7508,545.226,946.799,615.77,416.052,106.932
194.89,44461,27368,29228,4148.8,27368,377.19,350.5,74.485,380.71,12.283,32.854,235.82,680.03,108.43,62.976,220.1,414.72,298.133,34.2475,19.1297,552.68,953.176,617.683,410.053,105.293
193.79,44439,27220,29324,4124.9,27220,373.86,346.93,73.979,379.05,12.088,32.563,236.56,678.37,107.96,63.508,218.22,411.264,295.522,34.2612,19.0118,548.449,954.162,613.061,408.849,104.921
194.56,44359,27272,29069,4129.3,27272,376.28,349.52,74.253,380.57,12.176,32.704,235.58,678.61,108.15,62.7,219.68,414.434,295.586,33.9461,18.9463,548.838,949.173,610.886,417.082,105.08
193.33,44116,27133,29183,4105.9,27133,372.68,345.93,74.153,377.51,11.99,32.239,235.28,671.07,108.81,62.21,218.08,409.32,291.749,34.3206,18.7662,542.431,940.931,606.747,408.168,105.702
195.13,44329,27226,29185,4126.9,27226,377.47,350.54,74.676,381.11,12.213,32.813,235.13,676.83,106.48,62.332,220.62,414.428,297.482,34.3555,19.1065,551.641,950.616,611.843,408.428,103.618
194.98,44394,27294,29149,4138.1,27294,377.36,350.68,74.378,381.36,12.261,32.84,236.04,680.37,107.05,62.712,220.4,415.587,298.34,34.1886,19.1514,553.161,953.217,615.794,412.611,104.103
192.25,44317,27262,28950,4138.4,27262,373.79,346.23,74.968,371.66,11.932,32.461,232.47,665.49,111.85,62.145,217.18,411.345,293.399,33.5861,19.0517,542.542,933.382,590.786,415.672,108.308
194.51,44418,27191,29085,4121.2,27191,376.46,348.8,74.254,380.47,12.161,32.683,235.73,678.18,106.56,62.991,219.57,413.381,296.654,33.8248,19.0698,550.35,943.605,614.858,417.882,103.694
193.92,44340,27299,29098,4139.4,27299,375.37,348.73,74.328,378.39,12.163,32.601,235.06,676.32,108.93,62.675,219.04,412.939,296.46,33.9697,19.0879,549.646,945.591,611.023,414.45,105.748
192.54,44224,27308,29062,4139,27308,372.22,346.58,73.525,376.16,12.09,32.231,235.75,677.64,110.84,63.04,217.76,408.967,294.108,33.7243,18.9618,545.966,945.733,612.634,417.558,107.422
192.71,44088,27208,29125,4124.1,27208,372.76,346.33,74.323,375,12.012,32.252,234.43,669.73,110.22,61.914,218.03,409.969,292.975,34.2713,18.9298,543.457,939.987,604.75,407.172,106.911
194.83,44411,27414,29099,4155.1,27414,377.39,351.18,74.331,380.94,12.323,32.826,235.64,681.38,108.97,62.794,220.34,415.438,298.261,34.0136,19.1189,553.102,951.664,618.374,415.458,105.759
193.57,44313,27372,29267,4148.7,27372,374.12,348.27,74.085,377.98,12.197,32.5,236.11,677.83,110.38,62.956,218.77,410.856,295.863,34.3046,19.0278,548.89,951.447,616.769,407.21,107.009
195.35,44494,27367,29298,4145.8,27367,377.7,350.78,74.127,383.13,12.378,32.868,237.17,684.84,107.38,63.369,220.67,415.177,298.693,34.3654,19.0996,554.384,954.655,631.379,409.485,104.374
193.41,44322,27247,29226,4132.8,27247,374.38,347.74,74.251,377.09,12.101,32.543,235.62,675.57,108.88,62.82,218.73,411.35,295.789,34.2319,19.0894,548.119,950.33,609.774,407.648,105.721
195.93,44206,27295,29105,4130.7,27295,377.04,351.44,74.262,384.9,12.322,32.673,236.16,680.08,106.18,62.127,220.85,414.471,297.777,34.2993,18.9928,554.068,948.899,618.961,414.727,103.34
192.62,44210,27257,29074,4129.1,27257,372.04,345.66,73.986,375.65,12.004,32.243,235.33,672.53,110.81,62.573,217.14,410.365,292.748,33.9192,18.8753,543.564,940.831,604.994,415.273,107.414
192.56,44135,27194,29134,4120.1,27194,371.98,345.91,73.964,375.54,11.976,32.24,235.06,672.37,110.01,62.382,217.64,409.551,292.561,34.1496,18.8821,543.094,946.361,602.751,410.107,106.738
193.46,44405,27322,29193,4139,27322,374.25,347.81,73.897,378.15,12.138,32.565,235.68,679.6,109.96,63.33,218.51,412.105,294.957,34.0128,18.9575,547.334,953.189,613.475,413.28,106.654
194.67,44232,27243,29116,4123.4,27243,375.51,349.13,73.891,382.08,12.232,32.503,236.17,680.03,107.21,62.617,219.85,412.596,295.761,34.1243,18.9276,550.036,945.559,621.864,415.15,104.263
193.36,44243,27249,29116,4126.9,27249,373.5,347.13,74.205,377.23,12.05,32.392,234.99,673.31,109.84,62.557,218.17,410.378,293.489,34.0035,18.887,544.964,944.155,605.057,413.222,106.569
193.99,44222,27312,29073,4141.2,27312,375.38,348.81,74.247,378.93,12.237,32.459,234.97,676.09,108.85,62.315,219.38,412.263,296.76,34.0462,19.0955,550.566,937.634,620.582,413.838,105.678
194.57,44386,27298,29287,4135.7,27298,376.15,349.25,74.123,380.89,12.26,32.694,236.6,680.96,107.87,63.05,219.89,413.664,296.908,34.4198,19.0431,551.009,952.203,624.331,407.46,104.826
194.22,44377,27386,29168,4151.3,27386,375.91,349.47,74.215,379.51,12.271,32.649,235.67,679.49,109.47,62.902,219.48,413.42,297.26,34.1118,19.0918,551.318,947.695,620.514,412.427,106.207
194.77,44368,27454,29348,4162.8,27454,376.75,350.89,74.583,380.01,12.343,32.815,236.21,679.47,109.76,62.634,220.29,414.364,298.486,34.7113,19.1554,553.156,957.316,621.23,400.923,106.435
193.19,44203,27215,28987,4120.8,27215,373.29,346.94,73.793,377.93,12.057,32.31,235.09,675.82,109.19,62.62,218.19,410.816,293.371,33.7069,18.8674,545.152,941.808,608.453,420.395,106.017
193.98,44240,27329,29126,4144.2,27329,375.65,349.3,74.231,378.81,12.249,32.544,235.64,677.53,109.01,62.377,219.69,413.008,297.007,34.2018,19.1129,550.734,944.294,619.993,410.705,105.811
193.57,44244,27229,29278,4127,27229,374.03,347.13,74.218,377.78,12.123,32.43,236.13,674.76,108.76,62.586,218.7,411.106,294.942,34.4819,19.001,547.217,945.218,616.774,404.431,105.627
194.74,44420,27449,29257,4165.1,27449,376.68,350.61,74.656,379.76,12.32,32.803,236.11,678.22,109.42,62.733,219.76,414.318,299.402,34.3876,19.2471,554.591,951.675,617.667,407.151,106.138
195.34,44156,27350,28990,4145.3,27350,377.02,350.77,74.639,382.04,12.345,32.536,234.45,674.94,107.69,61.637,220.33,413.858,298.443,34.0772,19.1287,554.319,931.586,622.035,416.648,104.654
192.99,44125,27256,29082,4128.2,27256,373.05,346.02,74.433,375.58,12.05,32.227,234.19,668.95,110.93,61.909,217.73,410.68,292.438,34.1512,18.8492,542.96,931.08,609.595,410.674,107.527
194.15,44203,27222,29151,4120.8,27222,374.64,347.66,74.299,379.42,12.131,32.432,235.34,674.08,108.47,62.238,218.94,412.304,294.087,34.2961,18.8755,546.514,939.966,614.686,410.576,105.38
194.22,44372,27345,29237,4148.9,27345,376.29,349.05,74.442,378.88,12.284,32.644,235.61,677.59,108.75,62.754,219.61,413.391,298.074,34.3285,19.1959,552.209,942.429,625.731,407.338,105.578
195.75,44391,27396,29185,4155.4,27396,379.21,352.91,74.731,382.58,12.409,32.988,235.76,681.11,107.23,62.414,221.66,416.346,300.488,34.3768,19.2618,556.766,953.467,621.798,408.659,104.226
191.72,44125,27149,29188,4117,27149,371.34,344.64,74.093,372.64,11.905,32.178,234.84,669.45,110.65,62.341,217.18,408.494,291.762,34.2576,18.9198,540.722,943.962,601.371,404.76,107.297
192.92,43983,27135,29022,4109.5,27135,372.76,346.2,74.011,376.68,12.032,32.102,234.65,670.75,108.9,61.743,218.4,409.107,292.358,34.0787,18.8483,543.28,932.612,611.049,412.57,105.776
192.97,44086,27104,28897,4100.1,27104,372.51,344.84,74.1,376.68,11.949,32.084,234.34,668.62,109.23,61.966,217.36,409.862,290.458,33.634,18.6928,540.363,923.509,606.338,422.032,106.082
194.03,44215,27254,29208,4130.7,27254,375.13,348.32,74.331,378.82,12.182,32.513,235.35,675.47,108.43,62.245,219.38,413.041,295.774,34.4797,19.0296,548.754,944.477,617.878,406.212,105.323
194.58,44127,27371,29166,4137.5,27371,374.28,348.86,74.056,381.42,12.249,32.363,236.09,676.97,110.04,62.178,219.23,411.598,293.964,34.3896,18.7537,547.547,943.448,620.256,411.122,106.729
194.02,44385,27401,29091,4159,27401,376.92,349.28,74.778,377.29,12.281,32.679,234.32,674.77,110.14,62.414,219.42,414.664,297.907,34.0353,19.2131,551.332,934.646,621.415,411.973,106.776
193,44194,27205,29253,4127.1,27205,373.12,346.77,74.148,376.26,12.058,32.385,235.54,673.78,108.86,62.463,218.31,410.704,295.155,34.4645,19.0781,547.083,949.431,609.419,403.971,105.707
193.98,44358,27302,29224,4131.9,27302,374.88,348.52,73.622,380.53,12.216,32.559,237.28,683.15,108.88,63.363,219.41,412.227,294.938,34.1491,18.8845,548.118,954.72,623.23,412.401,105.724
195.07,44394,27177,29148,4117.2,27177,377.16,349.59,74.587,381.23,12.152,32.804,235.14,676.74,106.16,62.608,220.06,414.749,296.434,34.1556,19.0273,550.021,948.377,609.675,412.781,103.346
193.64,44164,27320,29124,4134.9,27320,373.29,347.3,74.003,378.71,12.156,32.277,236.01,674.96,110.29,62.405,218.3,410.495,293.772,34.1389,18.8442,546.31,939.481,616.392,413.192,106.953
194.05,44367,27312,29143,4138,27312,375.45,348.31,74.298,378.86,12.185,32.594,235.4,676.89,109.3,62.791,218.96,413.425,295.599,34.0722,18.9924,548.471,943.259,616.576,413.315,106.083
195.53,44427,27469,29186,4159.9,27469,377.1,351.61,73.841,384.5,12.446,32.778,237.24,686.9,108.22,63.323,220.49,414.53,299.291,34.1031,19.0797,556.366,954.94,631.378,416.153,105.098
194.42,44338,27331,29089,4143.5,27331,376.14,349.02,74.595,379.18,12.221,32.624,234.53,674.98,108.95,62.4,219.21,414.091,296.885,34.0507,19.0882,550.584,938.51,615.599,414.241,105.767
193.65,43964,27157,29056,4105.2,27157,372.71,347.01,73.859,379.4,12.049,32.143,235.55,673.05,108.68,61.781,218.7,409.414,291.455,34.2044,18.6749,542.941,940.454,608.814,413.224,105.595
192.79,44308,27235,29251,4132.1,27235,374.27,346.91,74.599,374.21,12.036,32.535,234.45,671.48,110.24,62.53,218.44,411.278,294.268,34.3586,19.051,544.548,946.808,606.083,402.333,106.916
192.88,44027,27223,29101,4123.6,27223,372.43,345.93,74.284,375.76,12.045,32.123,234.25,668.83,110.42,61.738,217.84,409.327,292.47,34.2617,18.8597,543.25,931.982,610.306,408.723,107.089
195.36,44374,27424,29262,4155.6,27424,376.65,351.26,74.292,382.79,12.354,32.786,236.83,681.82,108.19,62.835,220.27,414.223,299.112,34.4288,19.1328,555.342,957.21,620.418,409.295,105.078
193.35,44061,27195,29018,4120.8,27195,373.62,347.26,74.326,377,12.052,32.294,234.32,670.66,109.05,61.661,218.52,411.518,293.778,34.1262,18.9393,545.388,937.489,605.151,412.668,105.888
192.87,44165,27179,29124,4117.7,27179,373.12,346.18,74.065,376.19,12.033,32.271,235.24,672.67,109.42,62.4,218.19,409.834,292.917,34.1041,18.8948,543.7,939.37,610.751,410.561,106.222
193.94,44117,27127,29300,4103.6,27127,373.46,347.13,73.966,379.83,12.064,32.359,236.83,675.46,107.48,62.342,219.08,410.404,292.809,34.6751,18.7827,544.674,951.524,612.745,403.274,104.541
195.97,44402,27384,29214,4143,27384,378.16,352.02,74.124,385.12,12.405,32.885,236.76,685.39,107.21,62.931,221.27,416.086,298.094,34.3509,18.9766,554.248,956.711,627.794,412.492,104.237
193.99,44355,27332,29139,4146.2,27332,376.07,348.97,74.279,378.65,12.255,32.613,235.57,678.13,108.89,62.752,219.49,413.531,297.495,34.0863,19.1577,551.28,942.186,622.701,412.141,105.708
193.55,44242,27213,29198,4123.6,27213,374.11,346.98,73.959,378.46,12.147,32.373,236.01,676.56,108.33,62.729,218.76,411.099,294.918,34.2396,18.9833,547.509,940.982,621.888,409.713,105.252
192.96,44063,27235,29245,4128.1,27235,372.99,346.33,74.617,374.96,12.05,32.269,234.57,667.96,110.55,61.638,218.18,410.355,293.108,34.696,18.933,543.608,938.653,608.993,399.331,107.189
194.99,44373,27295,29107,4134.7,27295,376.28,350.2,74.341,381.64,12.196,32.753,235.82,678.76,107.5,62.725,219.71,414.154,297.138,34.0158,19.0409,551.71,953.345,607.747,416.473,104.503
193.57,44228,27377,28985,4157.7,27377,375.49,349.49,75.001,375.4,12.138,32.635,233.01,670.02,110.69,61.595,218.82,414.705,297.298,34.0384,19.2319,549.903,942.579,597.971,412.246,107.259
194.32,44302,27316,28955,4137.6,27316,376.02,349.06,74.416,379.43,12.195,32.564,234.48,675.38,109.19,62.356,219.23,413.649,295.595,33.7066,18.9737,548.772,936.249,612.906,421.017,105.982
193.63,44314,27226,29219,4124.7,27226,374.04,347.42,73.842,378.96,12.119,32.491,236.37,678.86,108.29,63.048,218.71,411.933,295.032,34.2162,18.9708,547.737,951.613,615.42,410.728,105.214
194.1,44270,27301,29012,4132,27301,374.91,348.61,73.974,380.06,12.179,32.466,235.39,677.98,109.17,62.68,219.07,412.044,294.668,33.7591,18.8798,547.784,942.299,614.523,420.434,105.973
193.42,44325,27286,29129,4135.7,27286,374.62,347.43,74.144,377.44,12.151,32.463,235.32,676.08,109.62,62.842,218.61,411.682,295.093,33.9765,19.0058,547.343,940.155,617.663,413.346,106.366
193.76,44245,27211,29223,4126.2,27211,374.94,347.79,74.404,377.8,12.125,32.537,235.52,674.38,108.19,62.312,219.1,413.102,295.633,34.481,19.0631,548.031,945.589,613.94,405.148,105.121
193.71,44267,27162,29085,4112.1,27162,374.76,347.91,74.034,378.73,12.052,32.539,235.46,676.79,108.03,62.63,219.13,412.586,293.528,33.9997,18.865,545.063,950.063,606.287,414.627,105.004
195.53,44438,27250,29272,4126.2,27250,377.72,350.69,74.444,382.93,12.247,32.918,236.68,680.93,106.27,62.899,220.71,415.44,297.297,34.4417,19.0215,551.881,957.659,616.455,408.268,103.434
193.75,44264,27223,29208,4124.1,27223,374.38,347.32,74.292,378.13,12.102,32.479,235.68,674.41,108.75,62.515,218.69,412.143,294.437,34.3361,18.946,546.476,944.43,612.75,408.077,105.624
193.63,44258,27144,29214,4110.1,27144,374.03,347.14,74.293,377.8,11.998,32.516,235.22,673.59,108.25,62.524,218.64,411.652,293.091,34.3289,18.8635,544.079,951.464,602.263,407.535,105.209
193.32,44089,27137,29083,4110.6,27137,373.95,346.96,74.288,376.99,12.038,32.308,234.33,671.19,108.5,61.884,218.85,410.612,292.999,34.1936,18.8881,543.952,937.665,608.589,409.827,105.42
193.58,44162,27372,29098,4146.9,27372,373.59,348.34,73.922,378.61,12.205,32.331,235.28,676.93,110.36,62.425,218.68,410.778,295.512,34.083,18.9819,548.985,944.425,616.181,413.795,106.991
194.79,44162,27159,29219,4108.3,27159,374.61,348.93,74.001,382.3,12.121,32.508,236.8,677.79,106.4,62.375,219.73,411.631,294.561,34.4702,18.8439,548.19,955.758,609.331,409.068,103.576
195.49,44537,27400,29195,4159.1,27400,379.59,352.74,75.02,380.81,12.338,33.168,234.74,679.93,107.76,62.688,221.24,417.676,300.633,34.2772,19.3258,555.969,957.943,612.494,408.638,104.685
192.76,44079,27202,28954,4122.8,27202,372.81,346.22,74.094,375.88,12.039,32.153,233.91,670.66,109.74,61.979,217.89,409.695,293.322,33.7868,18.9368,544.554,930.767,608.557,417.459,106.49
193.96,44227,27255,29065,4129.1,27255,374.85,348.7,74.338,378.64,12.114,32.502,234.66,674.33,108.83,62.315,219.12,411.43,294.994,33.9751,18.9685,547.61,945.112,605.578,414.533,105.679
194.79,44299,27248,29041,4127.4,27248,376.39,350.23,74.492,380.67,12.145,32.729,235.22,676.33,107.53,62.309,219.9,413.991,296.177,33.9682,19.0032,549.772,951.308,602.276,416.541,104.54
193.69,44117,27274,29119,4128.9,27274,373.16,347.45,73.903,379.2,12.143,32.255,235.97,675.39,109.32,62.317,218.51,410.172,294.166,34.1706,18.8788,547.095,941.678,615.225,413.017,106.117
193.8,44326,27327,29198,4137.9,27327,374.34,348.2,73.997,378.96,12.161,32.531,236.2,678.56,109.84,62.962,218.78,412.072,294.787,34.1688,18.9154,547.461,951.778,613.934,411.56,106.554
195.74,44269,27315,29307,4130.1,27315,376.61,350.82,73.806,385.54,12.379,32.66,238.26,685.09,106.58,62.849,221,413.619,296.972,34.6247,18.8937,553.009,956.141,632.914,407.759,103.702
194.9,44372,27384,29149,4145.6,27384,376.12,350.2,73.866,382.65,12.327,32.642,236.47,683.4,108.43,63.143,219.95,413.187,297.266,34.0154,18.9918,552.59,950.505,625.295,416.767,105.307
193.32,44165,27192,29117,4116.8,27192,373.23,346.41,74.395,376.72,12.004,32.311,234.53,669.94,109.68,62.138,218.01,410.133,292.289,34.1419,18.8186,542.931,938.496,603.568,410.779,106.453
193.62,44390,27385,29130,4155.3,27385,375.19,348.55,74.122,377.92,12.246,32.565,235.42,678.76,109.83,63.039,218.84,412.795,297.688,33.9388,19.1835,551.568,943.674,621.134,414.442,106.512
193.48,44155,27299,29196,4135.9,27299,373.62,347.34,74.059,377.96,12.176,32.308,236.14,675.13,109.82,62.342,218.65,410.819,294.744,34.3742,18.9587,547.36,940.756,620.532,407.653,106.54
193.71,44194,27330,29091,4146.3,27330,374.59,348.4,74.166,378.29,12.232,32.39,235.39,675.77,109.13,62.309,218.97,411.745,297.282,34.0988,19.1587,551.358,938.165,620.4,412.848,105.914
193.58,44216,27174,29100,4116.2,27174,374.53,347.02,74.05,378.31,12.107,32.413,235.34,675.6,108.14,62.4,218.84,413.071,294.077,34.1572,18.9253,545.968,939.456,617.31,412.603,105.1
195.1,44581,27388,29376,4153.4,27388,377.98,351.36,74.319,381.6,12.343,33.038,236.82,684.93,107.81,63.595,220.79,415.192,299.529,34.4515,19.2108,554.802,965.517,623.175,404.98,104.74
192.94,44160,27206,29008,4121.3,27206,373.18,346.67,74.173,376.11,12.008,32.298,234.48,671.59,109.88,62.213,218.03,410.363,292.823,33.8469,18.8807,543.591,939.195,602.713,415.966,106.617
193.67,44373,27197,29212,4117.7,27197,374.38,347.61,73.784,379.21,12.084,32.564,236.7,680,108.13,63.331,218.91,411.603,294.128,34.0725,18.8906,546.212,955.625,612.012,412.456,105.085
193.84,44378,27382,29275,4148.7,27382,374.73,348.41,74.071,378.79,12.233,32.543,236.47,679.1,110.21,63.201,218.96,411.054,295.945,34.2292,19.0039,549.216,949.222,621.638,408.654,106.856
193.4,44280,27229,29078,4129.3,27229,374.75,347.25,74.38,376.79,12.103,32.463,234.57,673.2,108.98,62.435,218.56,412.342,295.18,33.9829,19.0525,547.14,936.835,612.45,413.327,105.814
192.69,44064,27103,29120,4100.3,27103,371.83,345.07,73.839,376.46,11.941,32.149,235.34,671.89,109.24,62.184,217.7,409.829,290.502,34.2336,18.7025,540.197,941.553,606.139,410.359,106.096
194.8,44267,27283,29153,4129,27283,376.13,349.62,74.286,381.25,12.215,32.652,235.94,678.2,108.16,62.363,219.94,414.534,295.394,34.3332,18.9052,548.889,949.364,615.451,411.231,105.095
194.44,44235,27289,29088,4129.2,27289,374.87,349.15,73.787,381.65,12.211,32.485,236.06,680.43,108.23,62.711,219.49,412.218,295.274,34.009,18.8852,549.299,949.307,616.998,417.284,105.157
193.84,44433,27337,29172,4151.4,27337,376,348.42,74.64,377.17,12.212,32.666,234.99,675.04,109.14,62.796,218.88,413.616,298.228,34.0911,19.2674,551.8,939.858,617.601,410.459,105.915
194.4,44211,27316,29293,4140.3,27316,375.06,349.73,74.362,379.78,12.204,32.62,235.79,677,108.54,62.272,219.75,412.667,296.877,34.6946,19.074,550.834,958.293,611.199,402.374,105.408
193.51,44096,27292,29155,4135.2,27292,373.35,347.29,74.106,378.03,12.169,32.245,235.39,673.7,109.68,62.083,218.52,410.513,294.85,34.3475,18.9702,547.707,937.738,618.784,408.819,106.417
193.73,44119,27239,29100,4123.8,27239,374.11,347.64,73.997,379.02,12.16,32.3,235.35,675.34,108.9,62.2,219.04,410.941,294.033,34.1761,18.8815,546.546,938.299,619.037,412.249,105.753
192.75,44134,27101,29149,4103.4,27101,372.28,345.55,73.743,376.81,11.973,32.216,236.03,674.11,108.5,62.565,218.02,409.305,291.95,34.1497,18.8168,542.444,944.705,608.735,410.67,105.441
195.45,44463,27379,29083,4152,27379,378.09,351.68,74.616,382.09,12.322,32.896,235.04,679.75,107.5,62.806,220.47,414.915,299.695,33.8821,19.2183,555.645,948.709,614.825,417.615,104.47
193.24,44048,27195,29129,4110.6,27195,371.56,346.2,73.693,378.58,12.005,32.14,235.88,674.03,109.71,62.295,217.85,408.785,290.965,34.2006,18.6471,542.027,946.884,605.423,412.646,106.493
193.96,44174,27243,29200,4127,27243,375.16,348.69,74.189,378.99,12.179,32.506,235.93,676.64,108.48,62.22,219.76,412.575,295.085,34.4795,18.9671,547.708,948.095,617.267,405.933,105.381
193.44,44124,27184,29186,4119.3,27184,373.6,346.62,74.764,376.06,12.012,32.354,233.86,667.3,109.39,61.708,218.22,410.797,293.222,34.4786,18.9223,544.004,937.817,602.881,404.05,106.193
194.22,44229,27160,29193,4109.4,27160,374.44,347.27,74.259,379.8,12.078,32.445,235.74,674.06,107.76,62.425,218.86,411.661,293.298,34.3183,18.8139,545.313,942.783,611.764,409.866,104.779
193.63,44218,27296,29008,4141.1,27296,374.46,348.58,74.172,378.05,12.155,32.45,234.71,675.43,108.85,62.333,218.78,412.124,296.928,33.8617,19.146,550.615,942.928,609.25,417.298,105.682
193.9,44196,27216,29262,4119.9,27216,373.95,347.48,73.858,379.86,12.156,32.39,236.92,677.94,108.15,62.658,219.08,411.197,294.332,34.4809,18.8855,547.127,948.105,620.944,406.809,105.104
192.44,43916,27102,29129,4098.1,27102,370.06,344.4,73.271,377.26,11.966,31.874,236.19,673.67,109.23,62.223,217.4,406.818,290.075,34.238,18.6475,540.444,940.578,612.885,411.174,106.091
194.97,44335,27208,29090,4118.6,27208,376.49,349.83,74.143,382.24,12.182,32.694,236.2,679.65,106.5,62.75,220.11,413.559,295.981,33.974,18.9484,550.018,950.447,612.381,417.155,103.647
193.96,44334,27316,28951,4139.3,27316,375.81,348.53,74.37,378.41,12.178,32.562,234.57,675.48,109.54,62.483,218.92,414.066,295.549,33.6628,19.0021,548.299,935.725,613.447,421.255,106.284
191.97,44005,27202,29186,4119.9,27202,370.41,343.9,73.892,374.14,11.985,31.927,235.21,669.02,111.26,62.104,216.81,407.292,291.04,34.3518,18.7987,540.78,932.364,613.694,405.861,107.831
194.09,44410,27367,29112,4152.1,27367,376.09,349.36,74.637,377.95,12.201,32.705,234.56,675.43,109.63,62.694,219.12,413.421,297.461,33.9562,19.165,550.934,944.76,610.176,413.608,106.343
194.75,44534,27442,29089,4166.4,27442,378.06,351.03,74.848,379.17,12.314,32.922,234.79,677.84,109.26,62.878,219.91,415.442,299.931,33.8417,19.3114,554.883,944.826,615.033,415.854,105.991
193.29,44250,27267,29083,4134.5,27267,374.58,348.11,74.214,376.81,12.107,32.514,234.86,675.37,109.51,62.422,218.86,412.719,295.194,34.0522,19.0401,547.155,947.165,608.114,412.314,106.268
194.78,44252,27273,29158,4129,27273,376.04,349.73,74.308,381.16,12.215,32.619,235.75,677.59,107.88,62.376,220.02,413.129,295.813,34.285,18.9492,549.576,948.474,614.922,411.002,104.851
194.21,44352,27352,29254,4143.4,27352,375.23,349.55,73.965,380.23,12.24,32.617,236.54,681.13,109.06,63.158,219.66,411.251,296.508,34.2185,19.0152,550.469,956.551,618.095,409.662,105.86
194.13,44382,27353,29263,4145,27353,375.08,348.78,74.11,379.25,12.216,32.628,236.22,679.58,109.44,63.093,219.15,412.649,296.401,34.296,19.0371,549.903,953.432,617.919,408.675,106.188
193.25,44086,27161,29199,4109.8,27161,372.44,346.18,73.949,377.79,12.021,32.219,235.84,673.03,109.05,62.25,218.22,409.398,291.954,34.3937,18.7666,542.941,944.576,609.501,407.383,105.906
192.8,44307,27374,29221,4150.5,27374,373.38,347.42,73.878,376.15,12.157,32.438,236.3,678.21,111.27,63.046,218.26,411.133,295.195,34.1849,19.0292,547.257,951.558,616.088,408.699,107.784
193.74,44059,27274,29043,4133.3,27274,374.12,347.98,74.199,378.49,12.182,32.282,234.84,673.35,109.04,61.741,218.94,411.829,295.403,34.2029,19.0087,548.62,934.846,617.108,412.568,105.856
194.52,44424,27382,29298,4155.9,27382,376.62,350.01,74.555,379.37,12.288,32.816,236.06,678.87,108.66,62.798,219.79,415.053,299.158,34.5243,19.2592,553.867,953.74,619.418,404.507,105.486
194.65,44470,27359,29185,4153.1,27359,377.34,350.36,74.615,379.6,12.28,32.856,235.22,678.69,108.11,62.876,219.95,415.06,299.489,34.1534,19.2874,554.351,949.315,617.094,410.918,105.003
195.4,44451,27481,29174,4170.8,27481,378.61,352.38,74.712,381.46,12.42,32.985,235.53,681.25,108.58,62.584,220.84,417.49,301.134,34.3177,19.3275,557.55,952.65,622.029,410.415,105.39
194.78,44269,27315,29026,4137.1,27315,376.19,350.32,74.336,381.06,12.216,32.653,234.89,677.61,108.23,62.31,219.86,413.893,296.593,33.9543,19.0072,550.833,948.009,609.309,417.699,105.138
193.32,44297,27326,29123,4139.7,27326,373.99,347.28,74.331,376.62,12.102,32.458,235.15,673.66,110.93,62.578,218.11,412.002,293.96,34.0487,18.921,545.411,942.246,609.127,412.43,107.5
192.81,44243,27195,29098,4125,27195,373.95,347.15,74.161,375.54,12.025,32.482,234.99,674.32,109.19,62.456,218.49,412.486,294.463,34.0809,19.0408,545.47,948.642,604.252,410.86,106.002
193.69,44264,27303,29239,4133.1,27303,373.76,347.75,74.056,378.54,12.127,32.458,236.44,676.67,109.99,62.765,218.62,411.06,293.943,34.3225,18.8648,546.099,951.31,612.069,408.357,106.692
192.75,44274,27268,29254,4134.6,27268,372.67,346.16,74.101,375.59,12.06,32.337,235.94,673.7,110.36,62.881,217.72,409.273,294.244,34.2373,19.0009,545.631,945.729,611.023,406.679,107.015
194.6,44239,27214,29176,4124.9,27214,376.38,349.22,74.803,379.27,12.156,32.653,234.58,672.79,107.54,61.932,219.88,413.758,296.059,34.4535,19.0493,549.017,943.504,610.157,406.295,104.555
194.1,44188,27280,28988,4129,27280,374.79,348.35,74.017,380.03,12.189,32.37,234.91,676.4,108.94,62.347,219.11,411.671,294.562,33.8142,18.8808,547.734,936.202,617.557,419.823,105.776
193.15,44044,27209,29025,4120.3,27209,372.92,347.11,74.135,376.93,12.03,32.242,234.77,671.45,109.68,61.814,218.33,410.318,292.799,34.0767,18.853,544,941.184,602.942,413.289,106.445
194.22,44205,27204,29150,4114.4,27204,374.28,347.82,73.668,381.46,12.168,32.382,236.71,679.68,107.61,62.756,219.24,411.506,293.952,34.166,18.8051,547.165,945.725,621.541,414.278,104.634
193.49,44033,27127,29050,4100,27127,372.21,345.95,73.641,379.55,12.026,32.115,236.17,674.22,108.34,62.178,218.11,409.736,291.145,34.07,18.6524,542.536,938.937,611.839,415.463,105.304
193.23,44074,27231,29044,4119.1,27231,372.31,346.79,73.626,378.62,12.071,32.162,236.03,675.65,109.66,62.37,218.19,409.294,292.315,33.957,18.7516,544.119,942.836,610.78,416.832,106.433
193.45,44159,27196,29127,4119.4,27196,373.94,346.67,74.383,377.07,12.071,32.331,234.53,671.12,109.22,62.066,218.46,411.208,293.278,34.244,18.8906,544.49,935.304,612.061,409.359,106.041
194.69,44272,27235,29311,4122.4,27235,375.19,348.42,74.143,381.43,12.207,32.543,236.64,678.2,107.42,62.688,219.57,412.369,295.427,34.5948,18.9207,549.151,948.796,622.304,405.433,104.452
193.26,44199,27222,29253,4123.1,27222,373.36,346.6,74.112,377.2,12.086,32.34,235.61,674.02,109.48,62.543,218.44,410.088,293.446,34.4138,18.8931,544.836,944.221,614.985,405.134,106.262
195.06,44506,27352,29284,4144.9,27352,377.15,350.99,74.255,381.83,12.27,32.945,236.58,683.25,107.76,63.335,220.35,414.834,298.246,34.3025,19.1068,553.119,964.646,614.806,409.475,104.718
193.48,44236,27298,29250,4130.7,27298,373.08,347.28,73.542,379.37,12.161,32.355,237.27,680.4,109.71,63.06,218.57,410.71,293.826,34.317,18.8321,546.421,952.726,620.701,409.657,106.45
193.1,44211,27187,29080,4121.5,27187,373.92,347.12,74.227,376.36,12.036,32.403,234.91,672.92,108.97,62.37,218.51,410.912,294.098,33.9957,18.9873,545.379,942.733,605.566,412.439,105.818
194.76,44353,27299,29273,4137.3,27299,376.42,349.42,74.492,380.47,12.249,32.706,235.96,677.63,107.92,62.632,219.87,413.941,297.173,34.4989,19.0794,551.252,948.266,620.345,405.906,104.864
195.49,44477,27309,29177,4141.5,27309,378.84,351.42,75.079,380.87,12.252,33.04,234.65,676.68,107.22,62.446,220.71,416.965,298.697,34.2913,19.1879,553.107,951.25,609.556,409.377,104.24
194.2,44267,27318,29129,4140.8,27318,375.94,349.09,74.401,379.06,12.237,32.569,235.38,676.24,108.96,62.33,219.6,413.466,296.494,34.215,19.0627,549.952,941.084,619.596,410.833,105.774
194.44,44205,27260,29131,4125.5,27260,374.64,349.03,74.223,380.49,12.126,32.53,235.89,676,108.44,62.299,219.24,412.231,294.639,34.2228,18.8759,547.771,951.776,605.285,412.62,105.342
192.19,44374,27118,29207,4108.1,27118,372.41,345.07,73.824,374.65,11.888,32.425,236.18,675.16,109.58,63.405,217.44,409.772,291.501,33.9485,18.8359,540.538,954.141,600.184,410.848,106.381
194.96,44208,27255,29220,4127.8,27255,375.95,349.61,74.333,381.71,12.243,32.58,236.31,677.25,107.13,62.218,220.11,413.116,296.616,34.5269,19.0088,551.076,947.165,619.384,407.294,104.192
195.54,44512,27422,29409,4150.8,27422,377.09,350.83,74.063,383.88,12.388,32.893,237.92,686.05,108.1,63.541,220.45,415.123,298.252,34.6234,19.0185,554.093,962.608,630.547,405.547,105.008
194.17,44402,27366,29239,4152.7,27366,376.19,349.84,74.418,378.71,12.245,32.762,235.8,678.81,109,62.852,219.67,413.933,298.312,34.3158,19.2133,552.394,954.341,615.381,407.445,105.787
193.94,44202,27295,29135,4138.2,27295,374.64,348.34,74.391,378.41,12.173,32.455,235.24,673.95,109.04,62.166,218.93,412.198,296.141,34.2581,19.0647,549.451,941.444,613.363,410.167,105.847
